ISO-10303-21;
HEADER;
FILE_DESCRIPTION(('FreeCAD Model'),'2;1');
FILE_NAME('Open CASCADE Shape Model','2026-07-31T16:17:47',('FreeCAD'),(
    'FreeCAD'),'Open CASCADE STEP processor 7.8','FreeCAD','Unknown');
FILE_SCHEMA(('AUTOMOTIVE_DESIGN { 1 0 10303 214 1 1 1 1 }'));
ENDSEC;
DATA;
#1 = APPLICATION_PROTOCOL_DEFINITION('international standard',
  'automotive_design',2000,#2);
#2 = APPLICATION_CONTEXT(
  'core data for automotive mechanical design processes');
#3 = SHAPE_DEFINITION_REPRESENTATION(#4,#10);
#4 = PRODUCT_DEFINITION_SHAPE('','',#5);
#5 = PRODUCT_DEFINITION('design','',#6,#9);
#6 = PRODUCT_DEFINITION_FORMATION('','',#7);
#7 = PRODUCT('Open CASCADE STEP translator 7.8 2',
  'Open CASCADE STEP translator 7.8 2','',(#8));
#8 = PRODUCT_CONTEXT('',#2,'mechanical');
#9 = PRODUCT_DEFINITION_CONTEXT('part definition',#2,'design');
#10 = ADVANCED_BREP_SHAPE_REPRESENTATION('',(#11,#15),#3471);
#11 = AXIS2_PLACEMENT_3D('',#12,#13,#14);
#12 = CARTESIAN_POINT('',(0.,0.,0.));
#13 = DIRECTION('',(0.,0.,1.));
#14 = DIRECTION('',(1.,0.,-0.));
#15 = MANIFOLD_SOLID_BREP('',#16);
#16 = CLOSED_SHELL('',(#17,#86,#173,#232,#283,#298,#353,#412,#509,#578,
    #637,#706,#751,#761,#866,#913,#935,#979,#1050,#1111,#1162,#1186,
    #1297,#1342,#1411,#1470,#1532,#1555,#1571,#1595,#1645,#1716,#1753,
    #1814,#1880,#1937,#1970,#2005,#2037,#2061,#2093,#2215,#2239,#2325,
    #2349,#2461,#2478,#2515,#2530,#2583,#2594,#2617,#2668,#2695,#2732,
    #2767,#2824,#2859,#2894,#2906,#2921,#2931,#2947,#2958,#2981,#2998,
    #3059,#3083,#3134,#3192,#3215,#3252,#3305,#3342,#3353,#3380,#3391,
    #3407,#3423,#3434,#3461));
#17 = ADVANCED_FACE('',(#18),#81,.T.);
#18 = FACE_BOUND('',#19,.T.);
#19 = EDGE_LOOP('',(#20,#30,#39,#48,#55,#56,#65,#74));
#20 = ORIENTED_EDGE('',*,*,#21,.F.);
#21 = EDGE_CURVE('',#22,#24,#26,.T.);
#22 = VERTEX_POINT('',#23);
#23 = CARTESIAN_POINT('',(53.,80.,57.));
#24 = VERTEX_POINT('',#25);
#25 = CARTESIAN_POINT('',(93.594875162046,80.,57.));
#26 = LINE('',#27,#28);
#27 = CARTESIAN_POINT('',(50.,80.,57.));
#28 = VECTOR('',#29,1.);
#29 = DIRECTION('',(1.,0.,2.22044604925E-16));
#30 = ORIENTED_EDGE('',*,*,#31,.T.);
#31 = EDGE_CURVE('',#22,#32,#34,.T.);
#32 = VERTEX_POINT('',#33);
#33 = CARTESIAN_POINT('',(50.,83.,60.));
#34 = ELLIPSE('',#35,4.242640687119,3.);
#35 = AXIS2_PLACEMENT_3D('',#36,#37,#38);
#36 = CARTESIAN_POINT('',(50.,80.,60.));
#37 = DIRECTION('',(0.707106781187,0.,0.707106781187));
#38 = DIRECTION('',(0.707106781187,0.,-0.707106781187));
#39 = ORIENTED_EDGE('',*,*,#40,.T.);
#40 = EDGE_CURVE('',#32,#41,#43,.T.);
#41 = VERTEX_POINT('',#42);
#42 = CARTESIAN_POINT('',(50.,77.,60.));
#43 = CIRCLE('',#44,3.);
#44 = AXIS2_PLACEMENT_3D('',#45,#46,#47);
#45 = CARTESIAN_POINT('',(50.,80.,60.));
#46 = DIRECTION('',(1.,-0.,2.22044604925E-16));
#47 = DIRECTION('',(2.22044604925E-16,0.,-1.));
#48 = ORIENTED_EDGE('',*,*,#49,.T.);
#49 = EDGE_CURVE('',#41,#22,#50,.T.);
#50 = ELLIPSE('',#51,4.242640687119,3.);
#51 = AXIS2_PLACEMENT_3D('',#52,#53,#54);
#52 = CARTESIAN_POINT('',(50.,80.,60.));
#53 = DIRECTION('',(0.707106781187,0.,0.707106781187));
#54 = DIRECTION('',(0.707106781187,0.,-0.707106781187));
#55 = ORIENTED_EDGE('',*,*,#21,.T.);
#56 = ORIENTED_EDGE('',*,*,#57,.F.);
#57 = EDGE_CURVE('',#58,#24,#60,.T.);
#58 = VERTEX_POINT('',#59);
#59 = CARTESIAN_POINT('',(100.,77.,60.));
#60 = ELLIPSE('',#61,7.072879483617,3.);
#61 = AXIS2_PLACEMENT_3D('',#62,#63,#64);
#62 = CARTESIAN_POINT('',(100.,80.,60.));
#63 = DIRECTION('',(0.42415539625,0.,-0.905589421224));
#64 = DIRECTION('',(0.905589421224,0.,0.42415539625));
#65 = ORIENTED_EDGE('',*,*,#66,.F.);
#66 = EDGE_CURVE('',#67,#58,#69,.T.);
#67 = VERTEX_POINT('',#68);
#68 = CARTESIAN_POINT('',(100.,83.,60.));
#69 = CIRCLE('',#70,3.);
#70 = AXIS2_PLACEMENT_3D('',#71,#72,#73);
#71 = CARTESIAN_POINT('',(100.,80.,60.));
#72 = DIRECTION('',(1.,-0.,2.22044604925E-16));
#73 = DIRECTION('',(2.22044604925E-16,0.,-1.));
#74 = ORIENTED_EDGE('',*,*,#75,.F.);
#75 = EDGE_CURVE('',#24,#67,#76,.T.);
#76 = ELLIPSE('',#77,7.072879483617,3.);
#77 = AXIS2_PLACEMENT_3D('',#78,#79,#80);
#78 = CARTESIAN_POINT('',(100.,80.,60.));
#79 = DIRECTION('',(0.42415539625,0.,-0.905589421224));
#80 = DIRECTION('',(0.905589421224,0.,0.42415539625));
#81 = CYLINDRICAL_SURFACE('',#82,3.);
#82 = AXIS2_PLACEMENT_3D('',#83,#84,#85);
#83 = CARTESIAN_POINT('',(50.,80.,60.));
#84 = DIRECTION('',(1.,0.,2.22044604925E-16));
#85 = DIRECTION('',(2.22044604925E-16,0.,-1.));
#86 = ADVANCED_FACE('',(#87),#168,.T.);
#87 = FACE_BOUND('',#88,.T.);
#88 = EDGE_LOOP('',(#89,#98,#99,#100,#107,#115,#124,#133,#142,#151,#160,
    #167));
#89 = ORIENTED_EDGE('',*,*,#90,.F.);
#90 = EDGE_CURVE('',#58,#91,#93,.T.);
#91 = VERTEX_POINT('',#92);
#92 = CARTESIAN_POINT('',(97.,80.,51.713850194456));
#93 = ELLIPSE('',#94,8.812506941837,3.);
#94 = AXIS2_PLACEMENT_3D('',#95,#96,#97);
#95 = CARTESIAN_POINT('',(100.,80.,60.));
#96 = DIRECTION('',(0.940271577683,0.,-0.340425263753));
#97 = DIRECTION('',(0.340425263753,0.,0.940271577683));
#98 = ORIENTED_EDGE('',*,*,#57,.T.);
#99 = ORIENTED_EDGE('',*,*,#75,.T.);
#100 = ORIENTED_EDGE('',*,*,#101,.F.);
#101 = EDGE_CURVE('',#91,#67,#102,.T.);
#102 = ELLIPSE('',#103,8.812506941837,3.);
#103 = AXIS2_PLACEMENT_3D('',#104,#105,#106);
#104 = CARTESIAN_POINT('',(100.,80.,60.));
#105 = DIRECTION('',(0.940271577683,0.,-0.340425263753));
#106 = DIRECTION('',(0.340425263753,0.,0.940271577683));
#107 = ORIENTED_EDGE('',*,*,#108,.F.);
#108 = EDGE_CURVE('',#109,#91,#111,.T.);
#109 = VERTEX_POINT('',#110);
#110 = CARTESIAN_POINT('',(56.405124837953,80.,3.));
#111 = LINE('',#112,#113);
#112 = CARTESIAN_POINT('',(52.304663838792,80.,-1.920553198993));
#113 = VECTOR('',#114,1.);
#114 = DIRECTION('',(0.640184399664,0.,0.768221279597));
#115 = ORIENTED_EDGE('',*,*,#116,.F.);
#116 = EDGE_CURVE('',#117,#109,#119,.T.);
#117 = VERTEX_POINT('',#118);
#118 = CARTESIAN_POINT('',(50.,83.,-1.111141509725E-13));
#119 = ELLIPSE('',#120,7.072879483617,3.);
#120 = AXIS2_PLACEMENT_3D('',#121,#122,#123);
#121 = CARTESIAN_POINT('',(50.,80.,0.));
#122 = DIRECTION('',(0.42415539625,0.,-0.905589421224));
#123 = DIRECTION('',(0.905589421224,0.,0.42415539625));
#124 = ORIENTED_EDGE('',*,*,#125,.T.);
#125 = EDGE_CURVE('',#117,#126,#128,.T.);
#126 = VERTEX_POINT('',#127);
#127 = CARTESIAN_POINT('',(53.,80.,8.286149805544));
#128 = ELLIPSE('',#129,8.812506941837,3.);
#129 = AXIS2_PLACEMENT_3D('',#130,#131,#132);
#130 = CARTESIAN_POINT('',(50.,80.,7.105427357601E-15));
#131 = DIRECTION('',(0.940271577683,0.,-0.340425263753));
#132 = DIRECTION('',(-0.340425263753,0.,-0.940271577683));
#133 = ORIENTED_EDGE('',*,*,#134,.T.);
#134 = EDGE_CURVE('',#126,#135,#137,.T.);
#135 = VERTEX_POINT('',#136);
#136 = CARTESIAN_POINT('',(51.021275791259,77.179185266951,
    2.820814733049));
#137 = ELLIPSE('',#138,8.812506941837,3.);
#138 = AXIS2_PLACEMENT_3D('',#139,#140,#141);
#139 = CARTESIAN_POINT('',(50.,80.,7.105427357601E-15));
#140 = DIRECTION('',(0.940271577683,0.,-0.340425263753));
#141 = DIRECTION('',(-0.340425263753,0.,-0.940271577683));
#142 = ORIENTED_EDGE('',*,*,#143,.T.);
#143 = EDGE_CURVE('',#135,#144,#146,.T.);
#144 = VERTEX_POINT('',#145);
#145 = CARTESIAN_POINT('',(51.920553198993,77.,2.304663838792));
#146 = ELLIPSE('',#147,4.242640687119,3.);
#147 = AXIS2_PLACEMENT_3D('',#148,#149,#150);
#148 = CARTESIAN_POINT('',(50.,80.,0.));
#149 = DIRECTION('',(0.452678730213,0.707106781187,0.543214476255));
#150 = DIRECTION('',(0.452678730213,-0.707106781187,0.543214476255));
#151 = ORIENTED_EDGE('',*,*,#152,.T.);
#152 = EDGE_CURVE('',#144,#153,#155,.T.);
#153 = VERTEX_POINT('',#154);
#154 = CARTESIAN_POINT('',(52.716768263671,77.283231736329,
    1.272466188749));
#155 = ELLIPSE('',#156,4.242640687119,3.);
#156 = AXIS2_PLACEMENT_3D('',#157,#158,#159);
#157 = CARTESIAN_POINT('',(50.,80.,0.));
#158 = DIRECTION('',(0.452678730213,0.707106781187,0.543214476255));
#159 = DIRECTION('',(0.452678730213,-0.707106781187,0.543214476255));
#160 = ORIENTED_EDGE('',*,*,#161,.F.);
#161 = EDGE_CURVE('',#109,#153,#162,.T.);
#162 = ELLIPSE('',#163,7.072879483617,3.);
#163 = AXIS2_PLACEMENT_3D('',#164,#165,#166);
#164 = CARTESIAN_POINT('',(50.,80.,0.));
#165 = DIRECTION('',(0.42415539625,0.,-0.905589421224));
#166 = DIRECTION('',(0.905589421224,0.,0.42415539625));
#167 = ORIENTED_EDGE('',*,*,#108,.T.);
#168 = CYLINDRICAL_SURFACE('',#169,3.);
#169 = AXIS2_PLACEMENT_3D('',#170,#171,#172);
#170 = CARTESIAN_POINT('',(50.,80.,0.));
#171 = DIRECTION('',(0.640184399664,0.,0.768221279597));
#172 = DIRECTION('',(0.768221279597,0.,-0.640184399664));
#173 = ADVANCED_FACE('',(#174),#227,.T.);
#174 = FACE_BOUND('',#175,.T.);
#175 = EDGE_LOOP('',(#176,#185,#186,#193,#201,#210,#219,#226));
#176 = ORIENTED_EDGE('',*,*,#177,.T.);
#177 = EDGE_CURVE('',#178,#67,#180,.T.);
#178 = VERTEX_POINT('',#179);
#179 = CARTESIAN_POINT('',(103.,80.,57.));
#180 = ELLIPSE('',#181,4.242640687119,3.);
#181 = AXIS2_PLACEMENT_3D('',#182,#183,#184);
#182 = CARTESIAN_POINT('',(100.,80.,60.));
#183 = DIRECTION('',(0.707106781187,0.,0.707106781187));
#184 = DIRECTION('',(0.707106781187,0.,-0.707106781187));
#185 = ORIENTED_EDGE('',*,*,#66,.T.);
#186 = ORIENTED_EDGE('',*,*,#187,.T.);
#187 = EDGE_CURVE('',#58,#178,#188,.T.);
#188 = ELLIPSE('',#189,4.242640687119,3.);
#189 = AXIS2_PLACEMENT_3D('',#190,#191,#192);
#190 = CARTESIAN_POINT('',(100.,80.,60.));
#191 = DIRECTION('',(0.707106781187,0.,0.707106781187));
#192 = DIRECTION('',(0.707106781187,0.,-0.707106781187));
#193 = ORIENTED_EDGE('',*,*,#194,.T.);
#194 = EDGE_CURVE('',#178,#195,#197,.T.);
#195 = VERTEX_POINT('',#196);
#196 = CARTESIAN_POINT('',(143.59487516204,80.,57.));
#197 = LINE('',#198,#199);
#198 = CARTESIAN_POINT('',(100.,80.,57.));
#199 = VECTOR('',#200,1.);
#200 = DIRECTION('',(1.,0.,2.22044604925E-16));
#201 = ORIENTED_EDGE('',*,*,#202,.F.);
#202 = EDGE_CURVE('',#203,#195,#205,.T.);
#203 = VERTEX_POINT('',#204);
#204 = CARTESIAN_POINT('',(150.,77.,60.));
#205 = ELLIPSE('',#206,7.072879483617,3.);
#206 = AXIS2_PLACEMENT_3D('',#207,#208,#209);
#207 = CARTESIAN_POINT('',(150.,80.,60.));
#208 = DIRECTION('',(0.42415539625,0.,-0.905589421224));
#209 = DIRECTION('',(0.905589421224,0.,0.42415539625));
#210 = ORIENTED_EDGE('',*,*,#211,.F.);
#211 = EDGE_CURVE('',#212,#203,#214,.T.);
#212 = VERTEX_POINT('',#213);
#213 = CARTESIAN_POINT('',(150.,83.,60.));
#214 = CIRCLE('',#215,3.);
#215 = AXIS2_PLACEMENT_3D('',#216,#217,#218);
#216 = CARTESIAN_POINT('',(150.,80.,60.));
#217 = DIRECTION('',(1.,-0.,2.22044604925E-16));
#218 = DIRECTION('',(2.22044604925E-16,0.,-1.));
#219 = ORIENTED_EDGE('',*,*,#220,.F.);
#220 = EDGE_CURVE('',#195,#212,#221,.T.);
#221 = ELLIPSE('',#222,7.072879483617,3.);
#222 = AXIS2_PLACEMENT_3D('',#223,#224,#225);
#223 = CARTESIAN_POINT('',(150.,80.,60.));
#224 = DIRECTION('',(0.42415539625,0.,-0.905589421224));
#225 = DIRECTION('',(0.905589421224,0.,0.42415539625));
#226 = ORIENTED_EDGE('',*,*,#194,.F.);
#227 = CYLINDRICAL_SURFACE('',#228,3.);
#228 = AXIS2_PLACEMENT_3D('',#229,#230,#231);
#229 = CARTESIAN_POINT('',(100.,80.,60.));
#230 = DIRECTION('',(1.,0.,2.22044604925E-16));
#231 = DIRECTION('',(2.22044604925E-16,0.,-1.));
#232 = ADVANCED_FACE('',(#233),#278,.T.);
#233 = FACE_BOUND('',#234,.T.);
#234 = EDGE_LOOP('',(#235,#236,#245,#252,#253,#259,#260,#269,#276,#277)
  );
#235 = ORIENTED_EDGE('',*,*,#125,.F.);
#236 = ORIENTED_EDGE('',*,*,#237,.T.);
#237 = EDGE_CURVE('',#117,#238,#240,.T.);
#238 = VERTEX_POINT('',#239);
#239 = CARTESIAN_POINT('',(47.87867965644,77.87867965644,2.12132034356)
  );
#240 = ELLIPSE('',#241,4.242640687119,3.);
#241 = AXIS2_PLACEMENT_3D('',#242,#243,#244);
#242 = CARTESIAN_POINT('',(50.,80.,0.));
#243 = DIRECTION('',(0.707106781187,0.,0.707106781187));
#244 = DIRECTION('',(0.707106781187,0.,-0.707106781187));
#245 = ORIENTED_EDGE('',*,*,#246,.F.);
#246 = EDGE_CURVE('',#135,#238,#247,.T.);
#247 = ELLIPSE('',#248,4.242640687119,3.);
#248 = AXIS2_PLACEMENT_3D('',#249,#250,#251);
#249 = CARTESIAN_POINT('',(50.,80.,0.));
#250 = DIRECTION('',(0.,-0.707106781187,-0.707106781187));
#251 = DIRECTION('',(0.,0.707106781187,-0.707106781187));
#252 = ORIENTED_EDGE('',*,*,#134,.F.);
#253 = ORIENTED_EDGE('',*,*,#254,.F.);
#254 = EDGE_CURVE('',#22,#126,#255,.T.);
#255 = LINE('',#256,#257);
#256 = CARTESIAN_POINT('',(53.,80.,60.));
#257 = VECTOR('',#258,1.);
#258 = DIRECTION('',(0.,0.,-1.));
#259 = ORIENTED_EDGE('',*,*,#49,.F.);
#260 = ORIENTED_EDGE('',*,*,#261,.T.);
#261 = EDGE_CURVE('',#41,#262,#264,.T.);
#262 = VERTEX_POINT('',#263);
#263 = CARTESIAN_POINT('',(47.,80.,51.713850194456));
#264 = ELLIPSE('',#265,8.812506941837,3.);
#265 = AXIS2_PLACEMENT_3D('',#266,#267,#268);
#266 = CARTESIAN_POINT('',(50.,80.,60.));
#267 = DIRECTION('',(0.940271577683,0.,-0.340425263753));
#268 = DIRECTION('',(0.340425263753,0.,0.940271577683));
#269 = ORIENTED_EDGE('',*,*,#270,.T.);
#270 = EDGE_CURVE('',#262,#32,#271,.T.);
#271 = ELLIPSE('',#272,8.812506941837,3.);
#272 = AXIS2_PLACEMENT_3D('',#273,#274,#275);
#273 = CARTESIAN_POINT('',(50.,80.,60.));
#274 = DIRECTION('',(0.940271577683,0.,-0.340425263753));
#275 = DIRECTION('',(0.340425263753,0.,0.940271577683));
#276 = ORIENTED_EDGE('',*,*,#31,.F.);
#277 = ORIENTED_EDGE('',*,*,#254,.T.);
#278 = CYLINDRICAL_SURFACE('',#279,3.);
#279 = AXIS2_PLACEMENT_3D('',#280,#281,#282);
#280 = CARTESIAN_POINT('',(50.,80.,60.));
#281 = DIRECTION('',(0.,0.,-1.));
#282 = DIRECTION('',(1.,0.,0.));
#283 = ADVANCED_FACE('',(#284),#293,.F.);
#284 = FACE_BOUND('',#285,.F.);
#285 = EDGE_LOOP('',(#286,#292));
#286 = ORIENTED_EDGE('',*,*,#287,.F.);
#287 = EDGE_CURVE('',#32,#41,#288,.T.);
#288 = LINE('',#289,#290);
#289 = CARTESIAN_POINT('',(50.,80.,60.));
#290 = VECTOR('',#291,1.);
#291 = DIRECTION('',(0.,-1.,0.));
#292 = ORIENTED_EDGE('',*,*,#40,.T.);
#293 = PLANE('',#294);
#294 = AXIS2_PLACEMENT_3D('',#295,#296,#297);
#295 = CARTESIAN_POINT('',(50.,80.,60.));
#296 = DIRECTION('',(1.,0.,2.22044604925E-16));
#297 = DIRECTION('',(2.22044604925E-16,0.,-1.));
#298 = ADVANCED_FACE('',(#299),#348,.T.);
#299 = FACE_BOUND('',#300,.T.);
#300 = EDGE_LOOP('',(#301,#312,#321,#330,#337,#343,#344,#345,#346,#347)
  );
#301 = ORIENTED_EDGE('',*,*,#302,.F.);
#302 = EDGE_CURVE('',#303,#305,#307,.T.);
#303 = VERTEX_POINT('',#304);
#304 = CARTESIAN_POINT('',(100.,83.,-1.111141509725E-13));
#305 = VERTEX_POINT('',#306);
#306 = CARTESIAN_POINT('',(103.,80.,8.286149805544));
#307 = ELLIPSE('',#308,8.812506941837,3.);
#308 = AXIS2_PLACEMENT_3D('',#309,#310,#311);
#309 = CARTESIAN_POINT('',(100.,80.,7.105427357601E-15));
#310 = DIRECTION('',(0.940271577683,0.,-0.340425263753));
#311 = DIRECTION('',(-0.340425263753,0.,-0.940271577683));
#312 = ORIENTED_EDGE('',*,*,#313,.T.);
#313 = EDGE_CURVE('',#303,#314,#316,.T.);
#314 = VERTEX_POINT('',#315);
#315 = CARTESIAN_POINT('',(97.87867965644,77.87867965644,2.12132034356)
  );
#316 = ELLIPSE('',#317,4.242640687119,3.);
#317 = AXIS2_PLACEMENT_3D('',#318,#319,#320);
#318 = CARTESIAN_POINT('',(100.,80.,0.));
#319 = DIRECTION('',(0.707106781187,0.,0.707106781187));
#320 = DIRECTION('',(0.707106781187,0.,-0.707106781187));
#321 = ORIENTED_EDGE('',*,*,#322,.F.);
#322 = EDGE_CURVE('',#323,#314,#325,.T.);
#323 = VERTEX_POINT('',#324);
#324 = CARTESIAN_POINT('',(101.02127579125,77.179185266951,
    2.820814733049));
#325 = ELLIPSE('',#326,4.242640687119,3.);
#326 = AXIS2_PLACEMENT_3D('',#327,#328,#329);
#327 = CARTESIAN_POINT('',(100.,80.,0.));
#328 = DIRECTION('',(0.,-0.707106781187,-0.707106781187));
#329 = DIRECTION('',(0.,0.707106781187,-0.707106781187));
#330 = ORIENTED_EDGE('',*,*,#331,.F.);
#331 = EDGE_CURVE('',#305,#323,#332,.T.);
#332 = ELLIPSE('',#333,8.812506941837,3.);
#333 = AXIS2_PLACEMENT_3D('',#334,#335,#336);
#334 = CARTESIAN_POINT('',(100.,80.,7.105427357601E-15));
#335 = DIRECTION('',(0.940271577683,0.,-0.340425263753));
#336 = DIRECTION('',(-0.340425263753,0.,-0.940271577683));
#337 = ORIENTED_EDGE('',*,*,#338,.F.);
#338 = EDGE_CURVE('',#178,#305,#339,.T.);
#339 = LINE('',#340,#341);
#340 = CARTESIAN_POINT('',(103.,80.,60.));
#341 = VECTOR('',#342,1.);
#342 = DIRECTION('',(0.,0.,-1.));
#343 = ORIENTED_EDGE('',*,*,#187,.F.);
#344 = ORIENTED_EDGE('',*,*,#90,.T.);
#345 = ORIENTED_EDGE('',*,*,#101,.T.);
#346 = ORIENTED_EDGE('',*,*,#177,.F.);
#347 = ORIENTED_EDGE('',*,*,#338,.T.);
#348 = CYLINDRICAL_SURFACE('',#349,3.);
#349 = AXIS2_PLACEMENT_3D('',#350,#351,#352);
#350 = CARTESIAN_POINT('',(100.,80.,60.));
#351 = DIRECTION('',(0.,0.,-1.));
#352 = DIRECTION('',(1.,0.,0.));
#353 = ADVANCED_FACE('',(#354),#407,.T.);
#354 = FACE_BOUND('',#355,.T.);
#355 = EDGE_LOOP('',(#356,#366,#373,#374,#375,#384,#391,#392,#399,#400)
  );
#356 = ORIENTED_EDGE('',*,*,#357,.F.);
#357 = EDGE_CURVE('',#358,#360,#362,.T.);
#358 = VERTEX_POINT('',#359);
#359 = CARTESIAN_POINT('',(50.,80.,-3.));
#360 = VERTEX_POINT('',#361);
#361 = CARTESIAN_POINT('',(100.,80.,-3.));
#362 = LINE('',#363,#364);
#363 = CARTESIAN_POINT('',(50.,80.,-3.));
#364 = VECTOR('',#365,1.);
#365 = DIRECTION('',(1.,0.,2.22044604925E-16));
#366 = ORIENTED_EDGE('',*,*,#367,.T.);
#367 = EDGE_CURVE('',#358,#117,#368,.T.);
#368 = CIRCLE('',#369,3.);
#369 = AXIS2_PLACEMENT_3D('',#370,#371,#372);
#370 = CARTESIAN_POINT('',(50.,80.,1.110223024625E-14));
#371 = DIRECTION('',(1.,-0.,2.22044604925E-16));
#372 = DIRECTION('',(2.22044604925E-16,0.,-1.));
#373 = ORIENTED_EDGE('',*,*,#116,.T.);
#374 = ORIENTED_EDGE('',*,*,#161,.T.);
#375 = ORIENTED_EDGE('',*,*,#376,.T.);
#376 = EDGE_CURVE('',#153,#377,#379,.T.);
#377 = VERTEX_POINT('',#378);
#378 = CARTESIAN_POINT('',(53.,77.,1.783222265872E-14));
#379 = ELLIPSE('',#380,4.242640687119,3.);
#380 = AXIS2_PLACEMENT_3D('',#381,#382,#383);
#381 = CARTESIAN_POINT('',(50.,80.,0.));
#382 = DIRECTION('',(0.707106781187,0.707106781187,3.140184917368E-16));
#383 = DIRECTION('',(0.707106781187,-0.707106781187,1.021115268026E-32)
  );
#384 = ORIENTED_EDGE('',*,*,#385,.T.);
#385 = EDGE_CURVE('',#377,#358,#386,.T.);
#386 = ELLIPSE('',#387,4.242640687119,3.);
#387 = AXIS2_PLACEMENT_3D('',#388,#389,#390);
#388 = CARTESIAN_POINT('',(50.,80.,0.));
#389 = DIRECTION('',(0.707106781187,0.707106781187,3.140184917368E-16));
#390 = DIRECTION('',(0.707106781187,-0.707106781187,1.021115268026E-32)
  );
#391 = ORIENTED_EDGE('',*,*,#357,.T.);
#392 = ORIENTED_EDGE('',*,*,#393,.F.);
#393 = EDGE_CURVE('',#314,#360,#394,.T.);
#394 = ELLIPSE('',#395,4.242640687119,3.);
#395 = AXIS2_PLACEMENT_3D('',#396,#397,#398);
#396 = CARTESIAN_POINT('',(100.,80.,0.));
#397 = DIRECTION('',(0.707106781187,-0.707106781187,0.));
#398 = DIRECTION('',(0.707106781187,0.707106781187,3.140184917368E-16));
#399 = ORIENTED_EDGE('',*,*,#313,.F.);
#400 = ORIENTED_EDGE('',*,*,#401,.F.);
#401 = EDGE_CURVE('',#360,#303,#402,.T.);
#402 = CIRCLE('',#403,3.);
#403 = AXIS2_PLACEMENT_3D('',#404,#405,#406);
#404 = CARTESIAN_POINT('',(100.,80.,1.110223024625E-14));
#405 = DIRECTION('',(1.,-0.,2.22044604925E-16));
#406 = DIRECTION('',(2.22044604925E-16,0.,-1.));
#407 = CYLINDRICAL_SURFACE('',#408,3.);
#408 = AXIS2_PLACEMENT_3D('',#409,#410,#411);
#409 = CARTESIAN_POINT('',(50.,80.,0.));
#410 = DIRECTION('',(1.,0.,2.22044604925E-16));
#411 = DIRECTION('',(2.22044604925E-16,0.,-1.));
#412 = ADVANCED_FACE('',(#413),#504,.T.);
#413 = FACE_BOUND('',#414,.T.);
#414 = EDGE_LOOP('',(#415,#422,#423,#431,#440,#448,#457,#466,#475,#484,
    #493,#499,#500,#501,#502,#503));
#415 = ORIENTED_EDGE('',*,*,#416,.T.);
#416 = EDGE_CURVE('',#238,#358,#417,.T.);
#417 = ELLIPSE('',#418,4.242640687119,3.);
#418 = AXIS2_PLACEMENT_3D('',#419,#420,#421);
#419 = CARTESIAN_POINT('',(50.,80.,0.));
#420 = DIRECTION('',(0.707106781187,-0.707106781187,0.));
#421 = DIRECTION('',(0.707106781187,0.707106781187,3.140184917368E-16));
#422 = ORIENTED_EDGE('',*,*,#385,.F.);
#423 = ORIENTED_EDGE('',*,*,#424,.F.);
#424 = EDGE_CURVE('',#425,#377,#427,.T.);
#425 = VERTEX_POINT('',#426);
#426 = CARTESIAN_POINT('',(53.,40.,4.808286138245E-15));
#427 = LINE('',#428,#429);
#428 = CARTESIAN_POINT('',(53.,-1.631557288136E-31,7.347880794884E-16));
#429 = VECTOR('',#430,1.);
#430 = DIRECTION('',(0.,1.,2.22044604925E-16));
#431 = ORIENTED_EDGE('',*,*,#432,.T.);
#432 = EDGE_CURVE('',#425,#433,#435,.T.);
#433 = VERTEX_POINT('',#434);
#434 = CARTESIAN_POINT('',(47.,40.,0.));
#435 = CIRCLE('',#436,3.);
#436 = AXIS2_PLACEMENT_3D('',#437,#438,#439);
#437 = CARTESIAN_POINT('',(50.,40.,8.881784197001E-15));
#438 = DIRECTION('',(0.,1.,2.22044604925E-16));
#439 = DIRECTION('',(1.,0.,-0.));
#440 = ORIENTED_EDGE('',*,*,#441,.F.);
#441 = EDGE_CURVE('',#442,#433,#444,.T.);
#442 = VERTEX_POINT('',#443);
#443 = CARTESIAN_POINT('',(47.,3.,1.043609643148E-14));
#444 = LINE('',#445,#446);
#445 = CARTESIAN_POINT('',(47.,0.,0.));
#446 = VECTOR('',#447,1.);
#447 = DIRECTION('',(0.,1.,2.22044604925E-16));
#448 = ORIENTED_EDGE('',*,*,#449,.T.);
#449 = EDGE_CURVE('',#442,#450,#452,.T.);
#450 = VERTEX_POINT('',#451);
#451 = CARTESIAN_POINT('',(47.87867965644,2.12132034356,2.12132034356));
#452 = ELLIPSE('',#453,4.242640687119,3.);
#453 = AXIS2_PLACEMENT_3D('',#454,#455,#456);
#454 = CARTESIAN_POINT('',(50.,0.,0.));
#455 = DIRECTION('',(0.707106781187,0.707106781187,3.140184917368E-16));
#456 = DIRECTION('',(0.707106781187,-0.707106781187,1.021115268026E-32)
  );
#457 = ORIENTED_EDGE('',*,*,#458,.T.);
#458 = EDGE_CURVE('',#450,#459,#461,.T.);
#459 = VERTEX_POINT('',#460);
#460 = CARTESIAN_POINT('',(51.021275791259,2.820814733049,2.820814733049
    ));
#461 = ELLIPSE('',#462,4.242640687119,3.);
#462 = AXIS2_PLACEMENT_3D('',#463,#464,#465);
#463 = CARTESIAN_POINT('',(50.,0.,0.));
#464 = DIRECTION('',(0.,0.707106781187,-0.707106781187));
#465 = DIRECTION('',(0.,-0.707106781187,-0.707106781187));
#466 = ORIENTED_EDGE('',*,*,#467,.F.);
#467 = EDGE_CURVE('',#468,#459,#470,.T.);
#468 = VERTEX_POINT('',#469);
#469 = CARTESIAN_POINT('',(51.920553198993,3.,2.304663838792));
#470 = ELLIPSE('',#471,4.242640687119,3.);
#471 = AXIS2_PLACEMENT_3D('',#472,#473,#474);
#472 = CARTESIAN_POINT('',(50.,0.,0.));
#473 = DIRECTION('',(0.452678730213,-0.707106781187,0.543214476255));
#474 = DIRECTION('',(0.452678730213,0.707106781187,0.543214476255));
#475 = ORIENTED_EDGE('',*,*,#476,.F.);
#476 = EDGE_CURVE('',#477,#468,#479,.T.);
#477 = VERTEX_POINT('',#478);
#478 = CARTESIAN_POINT('',(52.716768263671,2.716768263671,1.272466188749
    ));
#479 = ELLIPSE('',#480,4.242640687119,3.);
#480 = AXIS2_PLACEMENT_3D('',#481,#482,#483);
#481 = CARTESIAN_POINT('',(50.,0.,0.));
#482 = DIRECTION('',(0.452678730213,-0.707106781187,0.543214476255));
#483 = DIRECTION('',(0.452678730213,0.707106781187,0.543214476255));
#484 = ORIENTED_EDGE('',*,*,#485,.F.);
#485 = EDGE_CURVE('',#486,#477,#488,.T.);
#486 = VERTEX_POINT('',#487);
#487 = CARTESIAN_POINT('',(53.,3.,1.033527854519E-15));
#488 = ELLIPSE('',#489,4.242640687119,3.);
#489 = AXIS2_PLACEMENT_3D('',#490,#491,#492);
#490 = CARTESIAN_POINT('',(50.,0.,0.));
#491 = DIRECTION('',(0.707106781187,-0.707106781187,0.));
#492 = DIRECTION('',(0.707106781187,0.707106781187,3.140184917368E-16));
#493 = ORIENTED_EDGE('',*,*,#494,.T.);
#494 = EDGE_CURVE('',#486,#425,#495,.T.);
#495 = LINE('',#496,#497);
#496 = CARTESIAN_POINT('',(53.,-1.631557288136E-31,7.347880794884E-16));
#497 = VECTOR('',#498,1.);
#498 = DIRECTION('',(0.,1.,2.22044604925E-16));
#499 = ORIENTED_EDGE('',*,*,#424,.T.);
#500 = ORIENTED_EDGE('',*,*,#376,.F.);
#501 = ORIENTED_EDGE('',*,*,#152,.F.);
#502 = ORIENTED_EDGE('',*,*,#143,.F.);
#503 = ORIENTED_EDGE('',*,*,#246,.T.);
#504 = CYLINDRICAL_SURFACE('',#505,3.);
#505 = AXIS2_PLACEMENT_3D('',#506,#507,#508);
#506 = CARTESIAN_POINT('',(50.,0.,0.));
#507 = DIRECTION('',(0.,1.,2.22044604925E-16));
#508 = DIRECTION('',(1.,0.,-0.));
#509 = ADVANCED_FACE('',(#510),#573,.T.);
#510 = FACE_BOUND('',#511,.T.);
#511 = EDGE_LOOP('',(#512,#521,#522,#523,#530,#538,#545,#546,#547,#556,
    #565,#572));
#512 = ORIENTED_EDGE('',*,*,#513,.F.);
#513 = EDGE_CURVE('',#203,#514,#516,.T.);
#514 = VERTEX_POINT('',#515);
#515 = CARTESIAN_POINT('',(147.,80.,51.713850194456));
#516 = ELLIPSE('',#517,8.812506941837,3.);
#517 = AXIS2_PLACEMENT_3D('',#518,#519,#520);
#518 = CARTESIAN_POINT('',(150.,80.,60.));
#519 = DIRECTION('',(0.940271577683,0.,-0.340425263753));
#520 = DIRECTION('',(0.340425263753,0.,0.940271577683));
#521 = ORIENTED_EDGE('',*,*,#202,.T.);
#522 = ORIENTED_EDGE('',*,*,#220,.T.);
#523 = ORIENTED_EDGE('',*,*,#524,.F.);
#524 = EDGE_CURVE('',#514,#212,#525,.T.);
#525 = ELLIPSE('',#526,8.812506941837,3.);
#526 = AXIS2_PLACEMENT_3D('',#527,#528,#529);
#527 = CARTESIAN_POINT('',(150.,80.,60.));
#528 = DIRECTION('',(0.940271577683,0.,-0.340425263753));
#529 = DIRECTION('',(0.340425263753,0.,0.940271577683));
#530 = ORIENTED_EDGE('',*,*,#531,.F.);
#531 = EDGE_CURVE('',#532,#514,#534,.T.);
#532 = VERTEX_POINT('',#533);
#533 = CARTESIAN_POINT('',(106.40512483795,80.,3.));
#534 = LINE('',#535,#536);
#535 = CARTESIAN_POINT('',(102.30466383879,80.,-1.920553198993));
#536 = VECTOR('',#537,1.);
#537 = DIRECTION('',(0.640184399664,0.,0.768221279597));
#538 = ORIENTED_EDGE('',*,*,#539,.F.);
#539 = EDGE_CURVE('',#303,#532,#540,.T.);
#540 = ELLIPSE('',#541,7.072879483617,3.);
#541 = AXIS2_PLACEMENT_3D('',#542,#543,#544);
#542 = CARTESIAN_POINT('',(100.,80.,0.));
#543 = DIRECTION('',(0.42415539625,0.,-0.905589421224));
#544 = DIRECTION('',(0.905589421224,0.,0.42415539625));
#545 = ORIENTED_EDGE('',*,*,#302,.T.);
#546 = ORIENTED_EDGE('',*,*,#331,.T.);
#547 = ORIENTED_EDGE('',*,*,#548,.T.);
#548 = EDGE_CURVE('',#323,#549,#551,.T.);
#549 = VERTEX_POINT('',#550);
#550 = CARTESIAN_POINT('',(101.92055319899,77.,2.304663838792));
#551 = ELLIPSE('',#552,4.242640687119,3.);
#552 = AXIS2_PLACEMENT_3D('',#553,#554,#555);
#553 = CARTESIAN_POINT('',(100.,80.,0.));
#554 = DIRECTION('',(0.452678730213,0.707106781187,0.543214476255));
#555 = DIRECTION('',(0.452678730213,-0.707106781187,0.543214476255));
#556 = ORIENTED_EDGE('',*,*,#557,.T.);
#557 = EDGE_CURVE('',#549,#558,#560,.T.);
#558 = VERTEX_POINT('',#559);
#559 = CARTESIAN_POINT('',(102.71676826367,77.283231736329,
    1.272466188749));
#560 = ELLIPSE('',#561,4.242640687119,3.);
#561 = AXIS2_PLACEMENT_3D('',#562,#563,#564);
#562 = CARTESIAN_POINT('',(100.,80.,0.));
#563 = DIRECTION('',(0.452678730213,0.707106781187,0.543214476255));
#564 = DIRECTION('',(0.452678730213,-0.707106781187,0.543214476255));
#565 = ORIENTED_EDGE('',*,*,#566,.F.);
#566 = EDGE_CURVE('',#532,#558,#567,.T.);
#567 = ELLIPSE('',#568,7.072879483617,3.);
#568 = AXIS2_PLACEMENT_3D('',#569,#570,#571);
#569 = CARTESIAN_POINT('',(100.,80.,0.));
#570 = DIRECTION('',(0.42415539625,0.,-0.905589421224));
#571 = DIRECTION('',(0.905589421224,0.,0.42415539625));
#572 = ORIENTED_EDGE('',*,*,#531,.T.);
#573 = CYLINDRICAL_SURFACE('',#574,3.);
#574 = AXIS2_PLACEMENT_3D('',#575,#576,#577);
#575 = CARTESIAN_POINT('',(100.,80.,0.));
#576 = DIRECTION('',(0.640184399664,0.,0.768221279597));
#577 = DIRECTION('',(0.768221279597,0.,-0.640184399664));
#578 = ADVANCED_FACE('',(#579),#632,.T.);
#579 = FACE_BOUND('',#580,.T.);
#580 = EDGE_LOOP('',(#581,#590,#591,#598,#606,#615,#624,#631));
#581 = ORIENTED_EDGE('',*,*,#582,.T.);
#582 = EDGE_CURVE('',#583,#212,#585,.T.);
#583 = VERTEX_POINT('',#584);
#584 = CARTESIAN_POINT('',(153.,80.,57.));
#585 = ELLIPSE('',#586,4.242640687119,3.);
#586 = AXIS2_PLACEMENT_3D('',#587,#588,#589);
#587 = CARTESIAN_POINT('',(150.,80.,60.));
#588 = DIRECTION('',(0.707106781187,0.,0.707106781187));
#589 = DIRECTION('',(0.707106781187,0.,-0.707106781187));
#590 = ORIENTED_EDGE('',*,*,#211,.T.);
#591 = ORIENTED_EDGE('',*,*,#592,.T.);
#592 = EDGE_CURVE('',#203,#583,#593,.T.);
#593 = ELLIPSE('',#594,4.242640687119,3.);
#594 = AXIS2_PLACEMENT_3D('',#595,#596,#597);
#595 = CARTESIAN_POINT('',(150.,80.,60.));
#596 = DIRECTION('',(0.707106781187,0.,0.707106781187));
#597 = DIRECTION('',(0.707106781187,0.,-0.707106781187));
#598 = ORIENTED_EDGE('',*,*,#599,.T.);
#599 = EDGE_CURVE('',#583,#600,#602,.T.);
#600 = VERTEX_POINT('',#601);
#601 = CARTESIAN_POINT('',(193.59487516204,80.,57.));
#602 = LINE('',#603,#604);
#603 = CARTESIAN_POINT('',(150.,80.,57.));
#604 = VECTOR('',#605,1.);
#605 = DIRECTION('',(1.,0.,2.22044604925E-16));
#606 = ORIENTED_EDGE('',*,*,#607,.F.);
#607 = EDGE_CURVE('',#608,#600,#610,.T.);
#608 = VERTEX_POINT('',#609);
#609 = CARTESIAN_POINT('',(200.,77.,60.));
#610 = ELLIPSE('',#611,7.072879483617,3.);
#611 = AXIS2_PLACEMENT_3D('',#612,#613,#614);
#612 = CARTESIAN_POINT('',(200.,80.,60.));
#613 = DIRECTION('',(0.42415539625,0.,-0.905589421224));
#614 = DIRECTION('',(0.905589421224,0.,0.42415539625));
#615 = ORIENTED_EDGE('',*,*,#616,.F.);
#616 = EDGE_CURVE('',#617,#608,#619,.T.);
#617 = VERTEX_POINT('',#618);
#618 = CARTESIAN_POINT('',(200.,83.,60.));
#619 = CIRCLE('',#620,3.);
#620 = AXIS2_PLACEMENT_3D('',#621,#622,#623);
#621 = CARTESIAN_POINT('',(200.,80.,60.));
#622 = DIRECTION('',(1.,-0.,2.22044604925E-16));
#623 = DIRECTION('',(2.22044604925E-16,0.,-1.));
#624 = ORIENTED_EDGE('',*,*,#625,.F.);
#625 = EDGE_CURVE('',#600,#617,#626,.T.);
#626 = ELLIPSE('',#627,7.072879483617,3.);
#627 = AXIS2_PLACEMENT_3D('',#628,#629,#630);
#628 = CARTESIAN_POINT('',(200.,80.,60.));
#629 = DIRECTION('',(0.42415539625,0.,-0.905589421224));
#630 = DIRECTION('',(0.905589421224,0.,0.42415539625));
#631 = ORIENTED_EDGE('',*,*,#599,.F.);
#632 = CYLINDRICAL_SURFACE('',#633,3.);
#633 = AXIS2_PLACEMENT_3D('',#634,#635,#636);
#634 = CARTESIAN_POINT('',(150.,80.,60.));
#635 = DIRECTION('',(1.,0.,2.22044604925E-16));
#636 = DIRECTION('',(2.22044604925E-16,0.,-1.));
#637 = ADVANCED_FACE('',(#638),#701,.T.);
#638 = FACE_BOUND('',#639,.T.);
#639 = EDGE_LOOP('',(#640,#647,#648,#656,#665,#674,#683,#692,#699,#700)
  );
#640 = ORIENTED_EDGE('',*,*,#641,.F.);
#641 = EDGE_CURVE('',#32,#41,#642,.T.);
#642 = CIRCLE('',#643,3.);
#643 = AXIS2_PLACEMENT_3D('',#644,#645,#646);
#644 = CARTESIAN_POINT('',(50.,80.,60.));
#645 = DIRECTION('',(0.640184399664,-0.,0.768221279597));
#646 = DIRECTION('',(0.768221279597,0.,-0.640184399664));
#647 = ORIENTED_EDGE('',*,*,#270,.F.);
#648 = ORIENTED_EDGE('',*,*,#649,.F.);
#649 = EDGE_CURVE('',#650,#262,#652,.T.);
#650 = VERTEX_POINT('',#651);
#651 = CARTESIAN_POINT('',(6.405124837953,80.,3.));
#652 = LINE('',#653,#654);
#653 = CARTESIAN_POINT('',(2.304663838792,80.,-1.920553198993));
#654 = VECTOR('',#655,1.);
#655 = DIRECTION('',(0.640184399664,0.,0.768221279597));
#656 = ORIENTED_EDGE('',*,*,#657,.F.);
#657 = EDGE_CURVE('',#658,#650,#660,.T.);
#658 = VERTEX_POINT('',#659);
#659 = CARTESIAN_POINT('',(4.94532935363E-14,83.,-1.415560655805E-13));
#660 = ELLIPSE('',#661,7.072879483617,3.);
#661 = AXIS2_PLACEMENT_3D('',#662,#663,#664);
#662 = CARTESIAN_POINT('',(0.,80.,0.));
#663 = DIRECTION('',(0.42415539625,0.,-0.905589421224));
#664 = DIRECTION('',(0.905589421224,0.,0.42415539625));
#665 = ORIENTED_EDGE('',*,*,#666,.T.);
#666 = EDGE_CURVE('',#658,#667,#669,.T.);
#667 = VERTEX_POINT('',#668);
#668 = CARTESIAN_POINT('',(-2.304663838792,80.,1.920553198993));
#669 = CIRCLE('',#670,3.);
#670 = AXIS2_PLACEMENT_3D('',#671,#672,#673);
#671 = CARTESIAN_POINT('',(0.,80.,0.));
#672 = DIRECTION('',(0.640184399664,-0.,0.768221279597));
#673 = DIRECTION('',(0.768221279597,0.,-0.640184399664));
#674 = ORIENTED_EDGE('',*,*,#675,.T.);
#675 = EDGE_CURVE('',#667,#676,#678,.T.);
#676 = VERTEX_POINT('',#677);
#677 = CARTESIAN_POINT('',(1.920553198993,77.,2.304663838792));
#678 = ELLIPSE('',#679,4.242640687119,3.);
#679 = AXIS2_PLACEMENT_3D('',#680,#681,#682);
#680 = CARTESIAN_POINT('',(0.,80.,0.));
#681 = DIRECTION('',(0.452678730213,0.707106781187,0.543214476255));
#682 = DIRECTION('',(0.452678730213,-0.707106781187,0.543214476255));
#683 = ORIENTED_EDGE('',*,*,#684,.T.);
#684 = EDGE_CURVE('',#676,#685,#687,.T.);
#685 = VERTEX_POINT('',#686);
#686 = CARTESIAN_POINT('',(2.716768263671,77.283231736329,1.272466188749
    ));
#687 = ELLIPSE('',#688,4.242640687119,3.);
#688 = AXIS2_PLACEMENT_3D('',#689,#690,#691);
#689 = CARTESIAN_POINT('',(0.,80.,0.));
#690 = DIRECTION('',(0.452678730213,0.707106781187,0.543214476255));
#691 = DIRECTION('',(0.452678730213,-0.707106781187,0.543214476255));
#692 = ORIENTED_EDGE('',*,*,#693,.F.);
#693 = EDGE_CURVE('',#650,#685,#694,.T.);
#694 = ELLIPSE('',#695,7.072879483617,3.);
#695 = AXIS2_PLACEMENT_3D('',#696,#697,#698);
#696 = CARTESIAN_POINT('',(0.,80.,0.));
#697 = DIRECTION('',(0.42415539625,0.,-0.905589421224));
#698 = DIRECTION('',(0.905589421224,0.,0.42415539625));
#699 = ORIENTED_EDGE('',*,*,#649,.T.);
#700 = ORIENTED_EDGE('',*,*,#261,.F.);
#701 = CYLINDRICAL_SURFACE('',#702,3.);
#702 = AXIS2_PLACEMENT_3D('',#703,#704,#705);
#703 = CARTESIAN_POINT('',(0.,80.,0.));
#704 = DIRECTION('',(0.640184399664,0.,0.768221279597));
#705 = DIRECTION('',(0.768221279597,0.,-0.640184399664));
#706 = ADVANCED_FACE('',(#707),#746,.T.);
#707 = FACE_BOUND('',#708,.T.);
#708 = EDGE_LOOP('',(#709,#717,#724,#725,#726,#735,#742,#743,#744,#745)
  );
#709 = ORIENTED_EDGE('',*,*,#710,.F.);
#710 = EDGE_CURVE('',#711,#358,#713,.T.);
#711 = VERTEX_POINT('',#712);
#712 = CARTESIAN_POINT('',(6.661338147751E-16,80.,-3.));
#713 = LINE('',#714,#715);
#714 = CARTESIAN_POINT('',(6.661338147751E-16,80.,-3.));
#715 = VECTOR('',#716,1.);
#716 = DIRECTION('',(1.,0.,2.22044604925E-16));
#717 = ORIENTED_EDGE('',*,*,#718,.T.);
#718 = EDGE_CURVE('',#711,#658,#719,.T.);
#719 = CIRCLE('',#720,3.);
#720 = AXIS2_PLACEMENT_3D('',#721,#722,#723);
#721 = CARTESIAN_POINT('',(0.,80.,0.));
#722 = DIRECTION('',(1.,-0.,2.22044604925E-16));
#723 = DIRECTION('',(2.22044604925E-16,0.,-1.));
#724 = ORIENTED_EDGE('',*,*,#657,.T.);
#725 = ORIENTED_EDGE('',*,*,#693,.T.);
#726 = ORIENTED_EDGE('',*,*,#727,.T.);
#727 = EDGE_CURVE('',#685,#728,#730,.T.);
#728 = VERTEX_POINT('',#729);
#729 = CARTESIAN_POINT('',(3.,77.,1.783222265872E-14));
#730 = ELLIPSE('',#731,4.242640687119,3.);
#731 = AXIS2_PLACEMENT_3D('',#732,#733,#734);
#732 = CARTESIAN_POINT('',(0.,80.,0.));
#733 = DIRECTION('',(0.707106781187,0.707106781187,3.140184917368E-16));
#734 = DIRECTION('',(0.707106781187,-0.707106781187,1.021115268026E-32)
  );
#735 = ORIENTED_EDGE('',*,*,#736,.T.);
#736 = EDGE_CURVE('',#728,#711,#737,.T.);
#737 = ELLIPSE('',#738,4.242640687119,3.);
#738 = AXIS2_PLACEMENT_3D('',#739,#740,#741);
#739 = CARTESIAN_POINT('',(0.,80.,0.));
#740 = DIRECTION('',(0.707106781187,0.707106781187,3.140184917368E-16));
#741 = DIRECTION('',(0.707106781187,-0.707106781187,1.021115268026E-32)
  );
#742 = ORIENTED_EDGE('',*,*,#710,.T.);
#743 = ORIENTED_EDGE('',*,*,#416,.F.);
#744 = ORIENTED_EDGE('',*,*,#237,.F.);
#745 = ORIENTED_EDGE('',*,*,#367,.F.);
#746 = CYLINDRICAL_SURFACE('',#747,3.);
#747 = AXIS2_PLACEMENT_3D('',#748,#749,#750);
#748 = CARTESIAN_POINT('',(0.,80.,0.));
#749 = DIRECTION('',(1.,0.,2.22044604925E-16));
#750 = DIRECTION('',(2.22044604925E-16,0.,-1.));
#751 = ADVANCED_FACE('',(#752),#756,.T.);
#752 = FACE_BOUND('',#753,.T.);
#753 = EDGE_LOOP('',(#754,#755));
#754 = ORIENTED_EDGE('',*,*,#287,.F.);
#755 = ORIENTED_EDGE('',*,*,#641,.T.);
#756 = PLANE('',#757);
#757 = AXIS2_PLACEMENT_3D('',#758,#759,#760);
#758 = CARTESIAN_POINT('',(50.,80.,60.));
#759 = DIRECTION('',(0.640184399664,0.,0.768221279597));
#760 = DIRECTION('',(0.768221279597,0.,-0.640184399664));
#761 = ADVANCED_FACE('',(#762),#861,.T.);
#762 = FACE_BOUND('',#763,.T.);
#763 = EDGE_LOOP('',(#764,#765,#774,#782,#791,#799,#808,#817,#826,#835,
    #844,#850,#851,#858,#859,#860));
#764 = ORIENTED_EDGE('',*,*,#393,.T.);
#765 = ORIENTED_EDGE('',*,*,#766,.F.);
#766 = EDGE_CURVE('',#767,#360,#769,.T.);
#767 = VERTEX_POINT('',#768);
#768 = CARTESIAN_POINT('',(103.,77.,1.783222265872E-14));
#769 = ELLIPSE('',#770,4.242640687119,3.);
#770 = AXIS2_PLACEMENT_3D('',#771,#772,#773);
#771 = CARTESIAN_POINT('',(100.,80.,0.));
#772 = DIRECTION('',(0.707106781187,0.707106781187,3.140184917368E-16));
#773 = DIRECTION('',(0.707106781187,-0.707106781187,1.021115268026E-32)
  );
#774 = ORIENTED_EDGE('',*,*,#775,.F.);
#775 = EDGE_CURVE('',#776,#767,#778,.T.);
#776 = VERTEX_POINT('',#777);
#777 = CARTESIAN_POINT('',(103.,40.,4.808286138245E-15));
#778 = LINE('',#779,#780);
#779 = CARTESIAN_POINT('',(103.,-1.631557288136E-31,7.347880794884E-16)
  );
#780 = VECTOR('',#781,1.);
#781 = DIRECTION('',(0.,1.,2.22044604925E-16));
#782 = ORIENTED_EDGE('',*,*,#783,.T.);
#783 = EDGE_CURVE('',#776,#784,#786,.T.);
#784 = VERTEX_POINT('',#785);
#785 = CARTESIAN_POINT('',(97.,40.,0.));
#786 = CIRCLE('',#787,3.);
#787 = AXIS2_PLACEMENT_3D('',#788,#789,#790);
#788 = CARTESIAN_POINT('',(100.,40.,8.881784197001E-15));
#789 = DIRECTION('',(0.,1.,2.22044604925E-16));
#790 = DIRECTION('',(1.,0.,-0.));
#791 = ORIENTED_EDGE('',*,*,#792,.F.);
#792 = EDGE_CURVE('',#793,#784,#795,.T.);
#793 = VERTEX_POINT('',#794);
#794 = CARTESIAN_POINT('',(97.,3.,1.043609643148E-14));
#795 = LINE('',#796,#797);
#796 = CARTESIAN_POINT('',(97.,0.,0.));
#797 = VECTOR('',#798,1.);
#798 = DIRECTION('',(0.,1.,2.22044604925E-16));
#799 = ORIENTED_EDGE('',*,*,#800,.T.);
#800 = EDGE_CURVE('',#793,#801,#803,.T.);
#801 = VERTEX_POINT('',#802);
#802 = CARTESIAN_POINT('',(97.87867965644,2.12132034356,2.12132034356));
#803 = ELLIPSE('',#804,4.242640687119,3.);
#804 = AXIS2_PLACEMENT_3D('',#805,#806,#807);
#805 = CARTESIAN_POINT('',(100.,0.,0.));
#806 = DIRECTION('',(0.707106781187,0.707106781187,3.140184917368E-16));
#807 = DIRECTION('',(0.707106781187,-0.707106781187,1.021115268026E-32)
  );
#808 = ORIENTED_EDGE('',*,*,#809,.T.);
#809 = EDGE_CURVE('',#801,#810,#812,.T.);
#810 = VERTEX_POINT('',#811);
#811 = CARTESIAN_POINT('',(101.02127579125,2.820814733049,2.820814733049
    ));
#812 = ELLIPSE('',#813,4.242640687119,3.);
#813 = AXIS2_PLACEMENT_3D('',#814,#815,#816);
#814 = CARTESIAN_POINT('',(100.,0.,0.));
#815 = DIRECTION('',(0.,0.707106781187,-0.707106781187));
#816 = DIRECTION('',(0.,-0.707106781187,-0.707106781187));
#817 = ORIENTED_EDGE('',*,*,#818,.F.);
#818 = EDGE_CURVE('',#819,#810,#821,.T.);
#819 = VERTEX_POINT('',#820);
#820 = CARTESIAN_POINT('',(101.92055319899,3.,2.304663838792));
#821 = ELLIPSE('',#822,4.242640687119,3.);
#822 = AXIS2_PLACEMENT_3D('',#823,#824,#825);
#823 = CARTESIAN_POINT('',(100.,0.,0.));
#824 = DIRECTION('',(0.452678730213,-0.707106781187,0.543214476255));
#825 = DIRECTION('',(0.452678730213,0.707106781187,0.543214476255));
#826 = ORIENTED_EDGE('',*,*,#827,.F.);
#827 = EDGE_CURVE('',#828,#819,#830,.T.);
#828 = VERTEX_POINT('',#829);
#829 = CARTESIAN_POINT('',(102.71676826367,2.716768263671,1.272466188749
    ));
#830 = ELLIPSE('',#831,4.242640687119,3.);
#831 = AXIS2_PLACEMENT_3D('',#832,#833,#834);
#832 = CARTESIAN_POINT('',(100.,0.,0.));
#833 = DIRECTION('',(0.452678730213,-0.707106781187,0.543214476255));
#834 = DIRECTION('',(0.452678730213,0.707106781187,0.543214476255));
#835 = ORIENTED_EDGE('',*,*,#836,.F.);
#836 = EDGE_CURVE('',#837,#828,#839,.T.);
#837 = VERTEX_POINT('',#838);
#838 = CARTESIAN_POINT('',(103.,3.,1.033527854519E-15));
#839 = ELLIPSE('',#840,4.242640687119,3.);
#840 = AXIS2_PLACEMENT_3D('',#841,#842,#843);
#841 = CARTESIAN_POINT('',(100.,0.,0.));
#842 = DIRECTION('',(0.707106781187,-0.707106781187,0.));
#843 = DIRECTION('',(0.707106781187,0.707106781187,3.140184917368E-16));
#844 = ORIENTED_EDGE('',*,*,#845,.T.);
#845 = EDGE_CURVE('',#837,#776,#846,.T.);
#846 = LINE('',#847,#848);
#847 = CARTESIAN_POINT('',(103.,-1.631557288136E-31,7.347880794884E-16)
  );
#848 = VECTOR('',#849,1.);
#849 = DIRECTION('',(0.,1.,2.22044604925E-16));
#850 = ORIENTED_EDGE('',*,*,#775,.T.);
#851 = ORIENTED_EDGE('',*,*,#852,.F.);
#852 = EDGE_CURVE('',#558,#767,#853,.T.);
#853 = ELLIPSE('',#854,4.242640687119,3.);
#854 = AXIS2_PLACEMENT_3D('',#855,#856,#857);
#855 = CARTESIAN_POINT('',(100.,80.,0.));
#856 = DIRECTION('',(0.707106781187,0.707106781187,3.140184917368E-16));
#857 = DIRECTION('',(0.707106781187,-0.707106781187,1.021115268026E-32)
  );
#858 = ORIENTED_EDGE('',*,*,#557,.F.);
#859 = ORIENTED_EDGE('',*,*,#548,.F.);
#860 = ORIENTED_EDGE('',*,*,#322,.T.);
#861 = CYLINDRICAL_SURFACE('',#862,3.);
#862 = AXIS2_PLACEMENT_3D('',#863,#864,#865);
#863 = CARTESIAN_POINT('',(100.,0.,0.));
#864 = DIRECTION('',(0.,1.,2.22044604925E-16));
#865 = DIRECTION('',(1.,0.,-0.));
#866 = ADVANCED_FACE('',(#867),#908,.T.);
#867 = FACE_BOUND('',#868,.T.);
#868 = EDGE_LOOP('',(#869,#877,#878,#879,#880,#881,#882,#883,#892,#901)
  );
#869 = ORIENTED_EDGE('',*,*,#870,.F.);
#870 = EDGE_CURVE('',#360,#871,#873,.T.);
#871 = VERTEX_POINT('',#872);
#872 = CARTESIAN_POINT('',(150.,80.,-3.));
#873 = LINE('',#874,#875);
#874 = CARTESIAN_POINT('',(100.,80.,-3.));
#875 = VECTOR('',#876,1.);
#876 = DIRECTION('',(1.,0.,2.22044604925E-16));
#877 = ORIENTED_EDGE('',*,*,#401,.T.);
#878 = ORIENTED_EDGE('',*,*,#539,.T.);
#879 = ORIENTED_EDGE('',*,*,#566,.T.);
#880 = ORIENTED_EDGE('',*,*,#852,.T.);
#881 = ORIENTED_EDGE('',*,*,#766,.T.);
#882 = ORIENTED_EDGE('',*,*,#870,.T.);
#883 = ORIENTED_EDGE('',*,*,#884,.F.);
#884 = EDGE_CURVE('',#885,#871,#887,.T.);
#885 = VERTEX_POINT('',#886);
#886 = CARTESIAN_POINT('',(147.87867965644,77.87867965644,2.12132034356)
  );
#887 = ELLIPSE('',#888,4.242640687119,3.);
#888 = AXIS2_PLACEMENT_3D('',#889,#890,#891);
#889 = CARTESIAN_POINT('',(150.,80.,0.));
#890 = DIRECTION('',(0.707106781187,-0.707106781187,0.));
#891 = DIRECTION('',(0.707106781187,0.707106781187,3.140184917368E-16));
#892 = ORIENTED_EDGE('',*,*,#893,.F.);
#893 = EDGE_CURVE('',#894,#885,#896,.T.);
#894 = VERTEX_POINT('',#895);
#895 = CARTESIAN_POINT('',(150.,83.,-1.111141509725E-13));
#896 = ELLIPSE('',#897,4.242640687119,3.);
#897 = AXIS2_PLACEMENT_3D('',#898,#899,#900);
#898 = CARTESIAN_POINT('',(150.,80.,0.));
#899 = DIRECTION('',(0.707106781187,0.,0.707106781187));
#900 = DIRECTION('',(0.707106781187,0.,-0.707106781187));
#901 = ORIENTED_EDGE('',*,*,#902,.F.);
#902 = EDGE_CURVE('',#871,#894,#903,.T.);
#903 = CIRCLE('',#904,3.);
#904 = AXIS2_PLACEMENT_3D('',#905,#906,#907);
#905 = CARTESIAN_POINT('',(150.,80.,1.110223024625E-14));
#906 = DIRECTION('',(1.,-0.,2.22044604925E-16));
#907 = DIRECTION('',(2.22044604925E-16,0.,-1.));
#908 = CYLINDRICAL_SURFACE('',#909,3.);
#909 = AXIS2_PLACEMENT_3D('',#910,#911,#912);
#910 = CARTESIAN_POINT('',(100.,80.,0.));
#911 = DIRECTION('',(1.,0.,2.22044604925E-16));
#912 = DIRECTION('',(2.22044604925E-16,0.,-1.));
#913 = ADVANCED_FACE('',(#914),#930,.T.);
#914 = FACE_BOUND('',#915,.T.);
#915 = EDGE_LOOP('',(#916,#917,#923,#924));
#916 = ORIENTED_EDGE('',*,*,#792,.T.);
#917 = ORIENTED_EDGE('',*,*,#918,.F.);
#918 = EDGE_CURVE('',#425,#784,#919,.T.);
#919 = LINE('',#920,#921);
#920 = CARTESIAN_POINT('',(0.,40.,0.));
#921 = VECTOR('',#922,1.);
#922 = DIRECTION('',(1.,0.,0.));
#923 = ORIENTED_EDGE('',*,*,#494,.F.);
#924 = ORIENTED_EDGE('',*,*,#925,.T.);
#925 = EDGE_CURVE('',#486,#793,#926,.T.);
#926 = LINE('',#927,#928);
#927 = CARTESIAN_POINT('',(50.,3.,0.));
#928 = VECTOR('',#929,1.);
#929 = DIRECTION('',(1.,0.,2.22044604925E-16));
#930 = PLANE('',#931);
#931 = AXIS2_PLACEMENT_3D('',#932,#933,#934);
#932 = CARTESIAN_POINT('',(0.,-40.,0.));
#933 = DIRECTION('',(0.,0.,1.));
#934 = DIRECTION('',(1.,0.,0.));
#935 = ADVANCED_FACE('',(#936),#974,.T.);
#936 = FACE_BOUND('',#937,.T.);
#937 = EDGE_LOOP('',(#938,#939,#940,#949,#958,#966,#973));
#938 = ORIENTED_EDGE('',*,*,#925,.F.);
#939 = ORIENTED_EDGE('',*,*,#485,.T.);
#940 = ORIENTED_EDGE('',*,*,#941,.T.);
#941 = EDGE_CURVE('',#477,#942,#944,.T.);
#942 = VERTEX_POINT('',#943);
#943 = CARTESIAN_POINT('',(56.405124837953,-7.347880794884E-16,3.));
#944 = ELLIPSE('',#945,7.072879483617,3.);
#945 = AXIS2_PLACEMENT_3D('',#946,#947,#948);
#946 = CARTESIAN_POINT('',(50.,0.,0.));
#947 = DIRECTION('',(0.42415539625,0.,-0.905589421224));
#948 = DIRECTION('',(0.905589421224,0.,0.42415539625));
#949 = ORIENTED_EDGE('',*,*,#950,.T.);
#950 = EDGE_CURVE('',#942,#951,#953,.T.);
#951 = VERTEX_POINT('',#952);
#952 = CARTESIAN_POINT('',(50.,-3.,-1.100806231179E-13));
#953 = ELLIPSE('',#954,7.072879483617,3.);
#954 = AXIS2_PLACEMENT_3D('',#955,#956,#957);
#955 = CARTESIAN_POINT('',(50.,0.,0.));
#956 = DIRECTION('',(0.42415539625,0.,-0.905589421224));
#957 = DIRECTION('',(0.905589421224,0.,0.42415539625));
#958 = ORIENTED_EDGE('',*,*,#959,.T.);
#959 = EDGE_CURVE('',#951,#960,#962,.T.);
#960 = VERTEX_POINT('',#961);
#961 = CARTESIAN_POINT('',(100.,-3.,-1.100806231179E-13));
#962 = LINE('',#963,#964);
#963 = CARTESIAN_POINT('',(50.,-3.,0.));
#964 = VECTOR('',#965,1.);
#965 = DIRECTION('',(1.,0.,2.22044604925E-16));
#966 = ORIENTED_EDGE('',*,*,#967,.F.);
#967 = EDGE_CURVE('',#801,#960,#968,.T.);
#968 = ELLIPSE('',#969,4.242640687119,3.);
#969 = AXIS2_PLACEMENT_3D('',#970,#971,#972);
#970 = CARTESIAN_POINT('',(100.,0.,0.));
#971 = DIRECTION('',(0.707106781187,0.,0.707106781187));
#972 = DIRECTION('',(0.707106781187,0.,-0.707106781187));
#973 = ORIENTED_EDGE('',*,*,#800,.F.);
#974 = CYLINDRICAL_SURFACE('',#975,3.);
#975 = AXIS2_PLACEMENT_3D('',#976,#977,#978);
#976 = CARTESIAN_POINT('',(50.,0.,0.));
#977 = DIRECTION('',(1.,0.,2.22044604925E-16));
#978 = DIRECTION('',(2.22044604925E-16,0.,-1.));
#979 = ADVANCED_FACE('',(#980),#1045,.T.);
#980 = FACE_BOUND('',#981,.T.);
#981 = EDGE_LOOP('',(#982,#993,#1002,#1011,#1018,#1024,#1025,#1026,#1027
    ,#1036,#1043,#1044));
#982 = ORIENTED_EDGE('',*,*,#983,.F.);
#983 = EDGE_CURVE('',#984,#986,#988,.T.);
#984 = VERTEX_POINT('',#985);
#985 = CARTESIAN_POINT('',(100.,-3.,60.));
#986 = VERTEX_POINT('',#987);
#987 = CARTESIAN_POINT('',(97.,-7.347880794884E-16,51.713850194456));
#988 = ELLIPSE('',#989,8.812506941837,3.);
#989 = AXIS2_PLACEMENT_3D('',#990,#991,#992);
#990 = CARTESIAN_POINT('',(100.,0.,60.));
#991 = DIRECTION('',(0.940271577683,0.,-0.340425263753));
#992 = DIRECTION('',(0.340425263753,0.,0.940271577683));
#993 = ORIENTED_EDGE('',*,*,#994,.T.);
#994 = EDGE_CURVE('',#984,#995,#997,.T.);
#995 = VERTEX_POINT('',#996);
#996 = CARTESIAN_POINT('',(93.594875162046,-7.347880794884E-16,57.));
#997 = ELLIPSE('',#998,7.072879483617,3.);
#998 = AXIS2_PLACEMENT_3D('',#999,#1000,#1001);
#999 = CARTESIAN_POINT('',(100.,0.,60.));
#1000 = DIRECTION('',(0.42415539625,0.,-0.905589421224));
#1001 = DIRECTION('',(0.905589421224,0.,0.42415539625));
#1002 = ORIENTED_EDGE('',*,*,#1003,.T.);
#1003 = EDGE_CURVE('',#995,#1004,#1006,.T.);
#1004 = VERTEX_POINT('',#1005);
#1005 = CARTESIAN_POINT('',(100.,3.,60.));
#1006 = ELLIPSE('',#1007,7.072879483617,3.);
#1007 = AXIS2_PLACEMENT_3D('',#1008,#1009,#1010);
#1008 = CARTESIAN_POINT('',(100.,0.,60.));
#1009 = DIRECTION('',(0.42415539625,0.,-0.905589421224));
#1010 = DIRECTION('',(0.905589421224,0.,0.42415539625));
#1011 = ORIENTED_EDGE('',*,*,#1012,.F.);
#1012 = EDGE_CURVE('',#986,#1004,#1013,.T.);
#1013 = ELLIPSE('',#1014,8.812506941837,3.);
#1014 = AXIS2_PLACEMENT_3D('',#1015,#1016,#1017);
#1015 = CARTESIAN_POINT('',(100.,0.,60.));
#1016 = DIRECTION('',(0.940271577683,0.,-0.340425263753));
#1017 = DIRECTION('',(0.340425263753,0.,0.940271577683));
#1018 = ORIENTED_EDGE('',*,*,#1019,.F.);
#1019 = EDGE_CURVE('',#942,#986,#1020,.T.);
#1020 = LINE('',#1021,#1022);
#1021 = CARTESIAN_POINT('',(52.304663838792,-7.347880794884E-16,
    -1.920553198993));
#1022 = VECTOR('',#1023,1.);
#1023 = DIRECTION('',(0.640184399664,0.,0.768221279597));
#1024 = ORIENTED_EDGE('',*,*,#941,.F.);
#1025 = ORIENTED_EDGE('',*,*,#476,.T.);
#1026 = ORIENTED_EDGE('',*,*,#467,.T.);
#1027 = ORIENTED_EDGE('',*,*,#1028,.T.);
#1028 = EDGE_CURVE('',#459,#1029,#1031,.T.);
#1029 = VERTEX_POINT('',#1030);
#1030 = CARTESIAN_POINT('',(53.,7.347880794884E-16,8.286149805544));
#1031 = ELLIPSE('',#1032,8.812506941837,3.);
#1032 = AXIS2_PLACEMENT_3D('',#1033,#1034,#1035);
#1033 = CARTESIAN_POINT('',(50.,0.,7.105427357601E-15));
#1034 = DIRECTION('',(0.940271577683,0.,-0.340425263753));
#1035 = DIRECTION('',(-0.340425263753,0.,-0.940271577683));
#1036 = ORIENTED_EDGE('',*,*,#1037,.T.);
#1037 = EDGE_CURVE('',#1029,#951,#1038,.T.);
#1038 = ELLIPSE('',#1039,8.812506941837,3.);
#1039 = AXIS2_PLACEMENT_3D('',#1040,#1041,#1042);
#1040 = CARTESIAN_POINT('',(50.,0.,7.105427357601E-15));
#1041 = DIRECTION('',(0.940271577683,0.,-0.340425263753));
#1042 = DIRECTION('',(-0.340425263753,0.,-0.940271577683));
#1043 = ORIENTED_EDGE('',*,*,#950,.F.);
#1044 = ORIENTED_EDGE('',*,*,#1019,.T.);
#1045 = CYLINDRICAL_SURFACE('',#1046,3.);
#1046 = AXIS2_PLACEMENT_3D('',#1047,#1048,#1049);
#1047 = CARTESIAN_POINT('',(50.,0.,0.));
#1048 = DIRECTION('',(0.640184399664,0.,0.768221279597));
#1049 = DIRECTION('',(0.768221279597,0.,-0.640184399664));
#1050 = ADVANCED_FACE('',(#1051),#1106,.T.);
#1051 = FACE_BOUND('',#1052,.T.);
#1052 = EDGE_LOOP('',(#1053,#1054,#1055,#1062,#1063,#1071,#1080,#1089,
    #1098,#1105));
#1053 = ORIENTED_EDGE('',*,*,#1028,.F.);
#1054 = ORIENTED_EDGE('',*,*,#458,.F.);
#1055 = ORIENTED_EDGE('',*,*,#1056,.T.);
#1056 = EDGE_CURVE('',#450,#951,#1057,.T.);
#1057 = ELLIPSE('',#1058,4.242640687119,3.);
#1058 = AXIS2_PLACEMENT_3D('',#1059,#1060,#1061);
#1059 = CARTESIAN_POINT('',(50.,0.,0.));
#1060 = DIRECTION('',(0.707106781187,0.,0.707106781187));
#1061 = DIRECTION('',(0.707106781187,0.,-0.707106781187));
#1062 = ORIENTED_EDGE('',*,*,#1037,.F.);
#1063 = ORIENTED_EDGE('',*,*,#1064,.F.);
#1064 = EDGE_CURVE('',#1065,#1029,#1067,.T.);
#1065 = VERTEX_POINT('',#1066);
#1066 = CARTESIAN_POINT('',(53.,0.,57.));
#1067 = LINE('',#1068,#1069);
#1068 = CARTESIAN_POINT('',(53.,7.347880794884E-16,60.));
#1069 = VECTOR('',#1070,1.);
#1070 = DIRECTION('',(0.,0.,-1.));
#1071 = ORIENTED_EDGE('',*,*,#1072,.F.);
#1072 = EDGE_CURVE('',#1073,#1065,#1075,.T.);
#1073 = VERTEX_POINT('',#1074);
#1074 = CARTESIAN_POINT('',(50.,-3.,60.));
#1075 = ELLIPSE('',#1076,4.242640687119,3.);
#1076 = AXIS2_PLACEMENT_3D('',#1077,#1078,#1079);
#1077 = CARTESIAN_POINT('',(50.,0.,60.));
#1078 = DIRECTION('',(0.707106781187,0.,0.707106781187));
#1079 = DIRECTION('',(0.707106781187,0.,-0.707106781187));
#1080 = ORIENTED_EDGE('',*,*,#1081,.T.);
#1081 = EDGE_CURVE('',#1073,#1082,#1084,.T.);
#1082 = VERTEX_POINT('',#1083);
#1083 = CARTESIAN_POINT('',(47.,-7.347880794884E-16,51.713850194456));
#1084 = ELLIPSE('',#1085,8.812506941837,3.);
#1085 = AXIS2_PLACEMENT_3D('',#1086,#1087,#1088);
#1086 = CARTESIAN_POINT('',(50.,0.,60.));
#1087 = DIRECTION('',(0.940271577683,0.,-0.340425263753));
#1088 = DIRECTION('',(0.340425263753,0.,0.940271577683));
#1089 = ORIENTED_EDGE('',*,*,#1090,.T.);
#1090 = EDGE_CURVE('',#1082,#1091,#1093,.T.);
#1091 = VERTEX_POINT('',#1092);
#1092 = CARTESIAN_POINT('',(50.,3.,60.));
#1093 = ELLIPSE('',#1094,8.812506941837,3.);
#1094 = AXIS2_PLACEMENT_3D('',#1095,#1096,#1097);
#1095 = CARTESIAN_POINT('',(50.,0.,60.));
#1096 = DIRECTION('',(0.940271577683,0.,-0.340425263753));
#1097 = DIRECTION('',(0.340425263753,0.,0.940271577683));
#1098 = ORIENTED_EDGE('',*,*,#1099,.F.);
#1099 = EDGE_CURVE('',#1065,#1091,#1100,.T.);
#1100 = ELLIPSE('',#1101,4.242640687119,3.);
#1101 = AXIS2_PLACEMENT_3D('',#1102,#1103,#1104);
#1102 = CARTESIAN_POINT('',(50.,0.,60.));
#1103 = DIRECTION('',(0.707106781187,0.,0.707106781187));
#1104 = DIRECTION('',(0.707106781187,0.,-0.707106781187));
#1105 = ORIENTED_EDGE('',*,*,#1064,.T.);
#1106 = CYLINDRICAL_SURFACE('',#1107,3.);
#1107 = AXIS2_PLACEMENT_3D('',#1108,#1109,#1110);
#1108 = CARTESIAN_POINT('',(50.,0.,60.));
#1109 = DIRECTION('',(0.,0.,-1.));
#1110 = DIRECTION('',(1.,0.,0.));
#1111 = ADVANCED_FACE('',(#1112),#1157,.T.);
#1112 = FACE_BOUND('',#1113,.T.);
#1113 = EDGE_LOOP('',(#1114,#1122,#1131,#1140,#1149,#1155,#1156));
#1114 = ORIENTED_EDGE('',*,*,#1115,.F.);
#1115 = EDGE_CURVE('',#1116,#442,#1118,.T.);
#1116 = VERTEX_POINT('',#1117);
#1117 = CARTESIAN_POINT('',(3.,3.,1.033527854519E-15));
#1118 = LINE('',#1119,#1120);
#1119 = CARTESIAN_POINT('',(0.,3.,0.));
#1120 = VECTOR('',#1121,1.);
#1121 = DIRECTION('',(1.,0.,2.22044604925E-16));
#1122 = ORIENTED_EDGE('',*,*,#1123,.T.);
#1123 = EDGE_CURVE('',#1116,#1124,#1126,.T.);
#1124 = VERTEX_POINT('',#1125);
#1125 = CARTESIAN_POINT('',(2.716768263671,2.716768263671,1.272466188749
    ));
#1126 = ELLIPSE('',#1127,4.242640687119,3.);
#1127 = AXIS2_PLACEMENT_3D('',#1128,#1129,#1130);
#1128 = CARTESIAN_POINT('',(0.,0.,0.));
#1129 = DIRECTION('',(0.707106781187,-0.707106781187,0.));
#1130 = DIRECTION('',(0.707106781187,0.707106781187,3.140184917368E-16)
  );
#1131 = ORIENTED_EDGE('',*,*,#1132,.T.);
#1132 = EDGE_CURVE('',#1124,#1133,#1135,.T.);
#1133 = VERTEX_POINT('',#1134);
#1134 = CARTESIAN_POINT('',(6.405124837953,-7.347880794884E-16,3.));
#1135 = ELLIPSE('',#1136,7.072879483617,3.);
#1136 = AXIS2_PLACEMENT_3D('',#1137,#1138,#1139);
#1137 = CARTESIAN_POINT('',(0.,0.,0.));
#1138 = DIRECTION('',(0.42415539625,0.,-0.905589421224));
#1139 = DIRECTION('',(0.905589421224,0.,0.42415539625));
#1140 = ORIENTED_EDGE('',*,*,#1141,.T.);
#1141 = EDGE_CURVE('',#1133,#1142,#1144,.T.);
#1142 = VERTEX_POINT('',#1143);
#1143 = CARTESIAN_POINT('',(5.096213721746E-14,-3.,-1.461097772563E-13)
  );
#1144 = ELLIPSE('',#1145,7.072879483617,3.);
#1145 = AXIS2_PLACEMENT_3D('',#1146,#1147,#1148);
#1146 = CARTESIAN_POINT('',(0.,0.,0.));
#1147 = DIRECTION('',(0.42415539625,0.,-0.905589421224));
#1148 = DIRECTION('',(0.905589421224,0.,0.42415539625));
#1149 = ORIENTED_EDGE('',*,*,#1150,.T.);
#1150 = EDGE_CURVE('',#1142,#951,#1151,.T.);
#1151 = LINE('',#1152,#1153);
#1152 = CARTESIAN_POINT('',(0.,-3.,0.));
#1153 = VECTOR('',#1154,1.);
#1154 = DIRECTION('',(1.,0.,2.22044604925E-16));
#1155 = ORIENTED_EDGE('',*,*,#1056,.F.);
#1156 = ORIENTED_EDGE('',*,*,#449,.F.);
#1157 = CYLINDRICAL_SURFACE('',#1158,3.);
#1158 = AXIS2_PLACEMENT_3D('',#1159,#1160,#1161);
#1159 = CARTESIAN_POINT('',(0.,0.,0.));
#1160 = DIRECTION('',(1.,0.,2.22044604925E-16));
#1161 = DIRECTION('',(2.22044604925E-16,0.,-1.));
#1162 = ADVANCED_FACE('',(#1163),#1181,.T.);
#1163 = FACE_BOUND('',#1164,.T.);
#1164 = EDGE_LOOP('',(#1165,#1173,#1174,#1175));
#1165 = ORIENTED_EDGE('',*,*,#1166,.F.);
#1166 = EDGE_CURVE('',#1116,#1167,#1169,.T.);
#1167 = VERTEX_POINT('',#1168);
#1168 = CARTESIAN_POINT('',(3.,40.,4.808286138245E-15));
#1169 = LINE('',#1170,#1171);
#1170 = CARTESIAN_POINT('',(3.,-1.631557288136E-31,7.347880794884E-16));
#1171 = VECTOR('',#1172,1.);
#1172 = DIRECTION('',(0.,1.,2.22044604925E-16));
#1173 = ORIENTED_EDGE('',*,*,#1115,.T.);
#1174 = ORIENTED_EDGE('',*,*,#441,.T.);
#1175 = ORIENTED_EDGE('',*,*,#1176,.F.);
#1176 = EDGE_CURVE('',#1167,#433,#1177,.T.);
#1177 = LINE('',#1178,#1179);
#1178 = CARTESIAN_POINT('',(0.,40.,0.));
#1179 = VECTOR('',#1180,1.);
#1180 = DIRECTION('',(1.,0.,0.));
#1181 = PLANE('',#1182);
#1182 = AXIS2_PLACEMENT_3D('',#1183,#1184,#1185);
#1183 = CARTESIAN_POINT('',(0.,-40.,0.));
#1184 = DIRECTION('',(0.,0.,1.));
#1185 = DIRECTION('',(1.,0.,0.));
#1186 = ADVANCED_FACE('',(#1187),#1292,.T.);
#1187 = FACE_BOUND('',#1188,.T.);
#1188 = EDGE_LOOP('',(#1189,#1190,#1198,#1207,#1215,#1224,#1232,#1241,
    #1249,#1258,#1266,#1274,#1282,#1289,#1290,#1291));
#1189 = ORIENTED_EDGE('',*,*,#783,.F.);
#1190 = ORIENTED_EDGE('',*,*,#1191,.T.);
#1191 = EDGE_CURVE('',#776,#1192,#1194,.T.);
#1192 = VERTEX_POINT('',#1193);
#1193 = CARTESIAN_POINT('',(147.,40.,0.));
#1194 = LINE('',#1195,#1196);
#1195 = CARTESIAN_POINT('',(0.,40.,0.));
#1196 = VECTOR('',#1197,1.);
#1197 = DIRECTION('',(1.,0.,0.));
#1198 = ORIENTED_EDGE('',*,*,#1199,.F.);
#1199 = EDGE_CURVE('',#1200,#1192,#1202,.T.);
#1200 = VERTEX_POINT('',#1201);
#1201 = CARTESIAN_POINT('',(153.,40.,4.808286138245E-15));
#1202 = CIRCLE('',#1203,3.);
#1203 = AXIS2_PLACEMENT_3D('',#1204,#1205,#1206);
#1204 = CARTESIAN_POINT('',(150.,40.,8.881784197001E-15));
#1205 = DIRECTION('',(0.,1.,2.22044604925E-16));
#1206 = DIRECTION('',(1.,0.,-0.));
#1207 = ORIENTED_EDGE('',*,*,#1208,.T.);
#1208 = EDGE_CURVE('',#1200,#1209,#1211,.T.);
#1209 = VERTEX_POINT('',#1210);
#1210 = CARTESIAN_POINT('',(197.,40.,0.));
#1211 = LINE('',#1212,#1213);
#1212 = CARTESIAN_POINT('',(0.,40.,0.));
#1213 = VECTOR('',#1214,1.);
#1214 = DIRECTION('',(1.,0.,0.));
#1215 = ORIENTED_EDGE('',*,*,#1216,.F.);
#1216 = EDGE_CURVE('',#1217,#1209,#1219,.T.);
#1217 = VERTEX_POINT('',#1218);
#1218 = CARTESIAN_POINT('',(203.,40.,4.808286138245E-15));
#1219 = CIRCLE('',#1220,3.);
#1220 = AXIS2_PLACEMENT_3D('',#1221,#1222,#1223);
#1221 = CARTESIAN_POINT('',(200.,40.,8.881784197001E-15));
#1222 = DIRECTION('',(0.,1.,2.22044604925E-16));
#1223 = DIRECTION('',(1.,0.,-0.));
#1224 = ORIENTED_EDGE('',*,*,#1225,.T.);
#1225 = EDGE_CURVE('',#1217,#1226,#1228,.T.);
#1226 = VERTEX_POINT('',#1227);
#1227 = CARTESIAN_POINT('',(247.,40.,0.));
#1228 = LINE('',#1229,#1230);
#1229 = CARTESIAN_POINT('',(0.,40.,0.));
#1230 = VECTOR('',#1231,1.);
#1231 = DIRECTION('',(1.,0.,0.));
#1232 = ORIENTED_EDGE('',*,*,#1233,.F.);
#1233 = EDGE_CURVE('',#1234,#1226,#1236,.T.);
#1234 = VERTEX_POINT('',#1235);
#1235 = CARTESIAN_POINT('',(253.,40.,4.808286138245E-15));
#1236 = CIRCLE('',#1237,3.);
#1237 = AXIS2_PLACEMENT_3D('',#1238,#1239,#1240);
#1238 = CARTESIAN_POINT('',(250.,40.,8.881784197001E-15));
#1239 = DIRECTION('',(0.,1.,2.22044604925E-16));
#1240 = DIRECTION('',(1.,0.,-0.));
#1241 = ORIENTED_EDGE('',*,*,#1242,.T.);
#1242 = EDGE_CURVE('',#1234,#1243,#1245,.T.);
#1243 = VERTEX_POINT('',#1244);
#1244 = CARTESIAN_POINT('',(297.,40.,0.));
#1245 = LINE('',#1246,#1247);
#1246 = CARTESIAN_POINT('',(0.,40.,0.));
#1247 = VECTOR('',#1248,1.);
#1248 = DIRECTION('',(1.,0.,0.));
#1249 = ORIENTED_EDGE('',*,*,#1250,.F.);
#1250 = EDGE_CURVE('',#1251,#1243,#1253,.T.);
#1251 = VERTEX_POINT('',#1252);
#1252 = CARTESIAN_POINT('',(300.,40.,-3.));
#1253 = CIRCLE('',#1254,3.);
#1254 = AXIS2_PLACEMENT_3D('',#1255,#1256,#1257);
#1255 = CARTESIAN_POINT('',(300.,40.,8.881784197001E-15));
#1256 = DIRECTION('',(0.,1.,2.22044604925E-16));
#1257 = DIRECTION('',(1.,0.,-0.));
#1258 = ORIENTED_EDGE('',*,*,#1259,.F.);
#1259 = EDGE_CURVE('',#1260,#1251,#1262,.T.);
#1260 = VERTEX_POINT('',#1261);
#1261 = CARTESIAN_POINT('',(300.,40.,-5.));
#1262 = LINE('',#1263,#1264);
#1263 = CARTESIAN_POINT('',(300.,40.,-5.));
#1264 = VECTOR('',#1265,1.);
#1265 = DIRECTION('',(0.,0.,1.));
#1266 = ORIENTED_EDGE('',*,*,#1267,.F.);
#1267 = EDGE_CURVE('',#1268,#1260,#1270,.T.);
#1268 = VERTEX_POINT('',#1269);
#1269 = CARTESIAN_POINT('',(0.,40.,-5.));
#1270 = LINE('',#1271,#1272);
#1271 = CARTESIAN_POINT('',(0.,40.,-5.));
#1272 = VECTOR('',#1273,1.);
#1273 = DIRECTION('',(1.,0.,0.));
#1274 = ORIENTED_EDGE('',*,*,#1275,.T.);
#1275 = EDGE_CURVE('',#1268,#1276,#1278,.T.);
#1276 = VERTEX_POINT('',#1277);
#1277 = CARTESIAN_POINT('',(0.,40.,-3.));
#1278 = LINE('',#1279,#1280);
#1279 = CARTESIAN_POINT('',(0.,40.,-5.));
#1280 = VECTOR('',#1281,1.);
#1281 = DIRECTION('',(0.,0.,1.));
#1282 = ORIENTED_EDGE('',*,*,#1283,.F.);
#1283 = EDGE_CURVE('',#1167,#1276,#1284,.T.);
#1284 = CIRCLE('',#1285,3.);
#1285 = AXIS2_PLACEMENT_3D('',#1286,#1287,#1288);
#1286 = CARTESIAN_POINT('',(0.,40.,8.881784197001E-15));
#1287 = DIRECTION('',(0.,1.,2.22044604925E-16));
#1288 = DIRECTION('',(1.,0.,-0.));
#1289 = ORIENTED_EDGE('',*,*,#1176,.T.);
#1290 = ORIENTED_EDGE('',*,*,#432,.F.);
#1291 = ORIENTED_EDGE('',*,*,#918,.T.);
#1292 = PLANE('',#1293);
#1293 = AXIS2_PLACEMENT_3D('',#1294,#1295,#1296);
#1294 = CARTESIAN_POINT('',(0.,40.,-5.));
#1295 = DIRECTION('',(0.,1.,0.));
#1296 = DIRECTION('',(0.,0.,1.));
#1297 = ADVANCED_FACE('',(#1298),#1337,.T.);
#1298 = FACE_BOUND('',#1299,.T.);
#1299 = EDGE_LOOP('',(#1300,#1309,#1310,#1319,#1326,#1332,#1333,#1334,
    #1335,#1336));
#1300 = ORIENTED_EDGE('',*,*,#1301,.F.);
#1301 = EDGE_CURVE('',#894,#1302,#1304,.T.);
#1302 = VERTEX_POINT('',#1303);
#1303 = CARTESIAN_POINT('',(153.,80.,8.286149805546));
#1304 = ELLIPSE('',#1305,8.812506941837,3.);
#1305 = AXIS2_PLACEMENT_3D('',#1306,#1307,#1308);
#1306 = CARTESIAN_POINT('',(150.,80.,7.105427357601E-15));
#1307 = DIRECTION('',(0.940271577683,0.,-0.340425263753));
#1308 = DIRECTION('',(-0.340425263753,0.,-0.940271577683));
#1309 = ORIENTED_EDGE('',*,*,#893,.T.);
#1310 = ORIENTED_EDGE('',*,*,#1311,.F.);
#1311 = EDGE_CURVE('',#1312,#885,#1314,.T.);
#1312 = VERTEX_POINT('',#1313);
#1313 = CARTESIAN_POINT('',(151.02127579125,77.179185266951,
    2.820814733049));
#1314 = ELLIPSE('',#1315,4.242640687119,3.);
#1315 = AXIS2_PLACEMENT_3D('',#1316,#1317,#1318);
#1316 = CARTESIAN_POINT('',(150.,80.,0.));
#1317 = DIRECTION('',(0.,-0.707106781187,-0.707106781187));
#1318 = DIRECTION('',(0.,0.707106781187,-0.707106781187));
#1319 = ORIENTED_EDGE('',*,*,#1320,.F.);
#1320 = EDGE_CURVE('',#1302,#1312,#1321,.T.);
#1321 = ELLIPSE('',#1322,8.812506941837,3.);
#1322 = AXIS2_PLACEMENT_3D('',#1323,#1324,#1325);
#1323 = CARTESIAN_POINT('',(150.,80.,7.105427357601E-15));
#1324 = DIRECTION('',(0.940271577683,0.,-0.340425263753));
#1325 = DIRECTION('',(-0.340425263753,0.,-0.940271577683));
#1326 = ORIENTED_EDGE('',*,*,#1327,.F.);
#1327 = EDGE_CURVE('',#583,#1302,#1328,.T.);
#1328 = LINE('',#1329,#1330);
#1329 = CARTESIAN_POINT('',(153.,80.,60.));
#1330 = VECTOR('',#1331,1.);
#1331 = DIRECTION('',(0.,0.,-1.));
#1332 = ORIENTED_EDGE('',*,*,#592,.F.);
#1333 = ORIENTED_EDGE('',*,*,#513,.T.);
#1334 = ORIENTED_EDGE('',*,*,#524,.T.);
#1335 = ORIENTED_EDGE('',*,*,#582,.F.);
#1336 = ORIENTED_EDGE('',*,*,#1327,.T.);
#1337 = CYLINDRICAL_SURFACE('',#1338,3.);
#1338 = AXIS2_PLACEMENT_3D('',#1339,#1340,#1341);
#1339 = CARTESIAN_POINT('',(150.,80.,60.));
#1340 = DIRECTION('',(0.,0.,-1.));
#1341 = DIRECTION('',(1.,0.,0.));
#1342 = ADVANCED_FACE('',(#1343),#1406,.T.);
#1343 = FACE_BOUND('',#1344,.T.);
#1344 = EDGE_LOOP('',(#1345,#1354,#1355,#1356,#1363,#1371,#1378,#1379,
    #1380,#1389,#1398,#1405));
#1345 = ORIENTED_EDGE('',*,*,#1346,.F.);
#1346 = EDGE_CURVE('',#608,#1347,#1349,.T.);
#1347 = VERTEX_POINT('',#1348);
#1348 = CARTESIAN_POINT('',(197.,80.,51.713850194457));
#1349 = ELLIPSE('',#1350,8.812506941837,3.);
#1350 = AXIS2_PLACEMENT_3D('',#1351,#1352,#1353);
#1351 = CARTESIAN_POINT('',(200.,80.,60.));
#1352 = DIRECTION('',(0.940271577683,0.,-0.340425263753));
#1353 = DIRECTION('',(0.340425263753,0.,0.940271577683));
#1354 = ORIENTED_EDGE('',*,*,#607,.T.);
#1355 = ORIENTED_EDGE('',*,*,#625,.T.);
#1356 = ORIENTED_EDGE('',*,*,#1357,.F.);
#1357 = EDGE_CURVE('',#1347,#617,#1358,.T.);
#1358 = ELLIPSE('',#1359,8.812506941837,3.);
#1359 = AXIS2_PLACEMENT_3D('',#1360,#1361,#1362);
#1360 = CARTESIAN_POINT('',(200.,80.,60.));
#1361 = DIRECTION('',(0.940271577683,0.,-0.340425263753));
#1362 = DIRECTION('',(0.340425263753,0.,0.940271577683));
#1363 = ORIENTED_EDGE('',*,*,#1364,.F.);
#1364 = EDGE_CURVE('',#1365,#1347,#1367,.T.);
#1365 = VERTEX_POINT('',#1366);
#1366 = CARTESIAN_POINT('',(156.40512483795,80.,3.));
#1367 = LINE('',#1368,#1369);
#1368 = CARTESIAN_POINT('',(152.30466383879,80.,-1.920553198993));
#1369 = VECTOR('',#1370,1.);
#1370 = DIRECTION('',(0.640184399664,0.,0.768221279597));
#1371 = ORIENTED_EDGE('',*,*,#1372,.F.);
#1372 = EDGE_CURVE('',#894,#1365,#1373,.T.);
#1373 = ELLIPSE('',#1374,7.072879483617,3.);
#1374 = AXIS2_PLACEMENT_3D('',#1375,#1376,#1377);
#1375 = CARTESIAN_POINT('',(150.,80.,0.));
#1376 = DIRECTION('',(0.42415539625,0.,-0.905589421224));
#1377 = DIRECTION('',(0.905589421224,0.,0.42415539625));
#1378 = ORIENTED_EDGE('',*,*,#1301,.T.);
#1379 = ORIENTED_EDGE('',*,*,#1320,.T.);
#1380 = ORIENTED_EDGE('',*,*,#1381,.T.);
#1381 = EDGE_CURVE('',#1312,#1382,#1384,.T.);
#1382 = VERTEX_POINT('',#1383);
#1383 = CARTESIAN_POINT('',(151.92055319899,77.,2.304663838792));
#1384 = ELLIPSE('',#1385,4.242640687119,3.);
#1385 = AXIS2_PLACEMENT_3D('',#1386,#1387,#1388);
#1386 = CARTESIAN_POINT('',(150.,80.,0.));
#1387 = DIRECTION('',(0.452678730213,0.707106781187,0.543214476255));
#1388 = DIRECTION('',(0.452678730213,-0.707106781187,0.543214476255));
#1389 = ORIENTED_EDGE('',*,*,#1390,.T.);
#1390 = EDGE_CURVE('',#1382,#1391,#1393,.T.);
#1391 = VERTEX_POINT('',#1392);
#1392 = CARTESIAN_POINT('',(152.71676826367,77.283231736329,
    1.272466188749));
#1393 = ELLIPSE('',#1394,4.242640687119,3.);
#1394 = AXIS2_PLACEMENT_3D('',#1395,#1396,#1397);
#1395 = CARTESIAN_POINT('',(150.,80.,0.));
#1396 = DIRECTION('',(0.452678730213,0.707106781187,0.543214476255));
#1397 = DIRECTION('',(0.452678730213,-0.707106781187,0.543214476255));
#1398 = ORIENTED_EDGE('',*,*,#1399,.F.);
#1399 = EDGE_CURVE('',#1365,#1391,#1400,.T.);
#1400 = ELLIPSE('',#1401,7.072879483617,3.);
#1401 = AXIS2_PLACEMENT_3D('',#1402,#1403,#1404);
#1402 = CARTESIAN_POINT('',(150.,80.,0.));
#1403 = DIRECTION('',(0.42415539625,0.,-0.905589421224));
#1404 = DIRECTION('',(0.905589421224,0.,0.42415539625));
#1405 = ORIENTED_EDGE('',*,*,#1364,.T.);
#1406 = CYLINDRICAL_SURFACE('',#1407,3.);
#1407 = AXIS2_PLACEMENT_3D('',#1408,#1409,#1410);
#1408 = CARTESIAN_POINT('',(150.,80.,0.));
#1409 = DIRECTION('',(0.640184399664,0.,0.768221279597));
#1410 = DIRECTION('',(0.768221279597,0.,-0.640184399664));
#1411 = ADVANCED_FACE('',(#1412),#1465,.T.);
#1412 = FACE_BOUND('',#1413,.T.);
#1413 = EDGE_LOOP('',(#1414,#1425,#1434,#1442,#1449,#1450,#1457,#1458));
#1414 = ORIENTED_EDGE('',*,*,#1415,.F.);
#1415 = EDGE_CURVE('',#1416,#1418,#1420,.T.);
#1416 = VERTEX_POINT('',#1417);
#1417 = CARTESIAN_POINT('',(250.,83.,60.));
#1418 = VERTEX_POINT('',#1419);
#1419 = CARTESIAN_POINT('',(250.,77.,60.));
#1420 = CIRCLE('',#1421,3.);
#1421 = AXIS2_PLACEMENT_3D('',#1422,#1423,#1424);
#1422 = CARTESIAN_POINT('',(250.,80.,60.));
#1423 = DIRECTION('',(1.,-0.,2.22044604925E-16));
#1424 = DIRECTION('',(2.22044604925E-16,0.,-1.));
#1425 = ORIENTED_EDGE('',*,*,#1426,.F.);
#1426 = EDGE_CURVE('',#1427,#1416,#1429,.T.);
#1427 = VERTEX_POINT('',#1428);
#1428 = CARTESIAN_POINT('',(243.59487516204,80.,57.));
#1429 = ELLIPSE('',#1430,7.072879483617,3.);
#1430 = AXIS2_PLACEMENT_3D('',#1431,#1432,#1433);
#1431 = CARTESIAN_POINT('',(250.,80.,60.));
#1432 = DIRECTION('',(0.42415539625,0.,-0.905589421224));
#1433 = DIRECTION('',(0.905589421224,0.,0.42415539625));
#1434 = ORIENTED_EDGE('',*,*,#1435,.F.);
#1435 = EDGE_CURVE('',#1436,#1427,#1438,.T.);
#1436 = VERTEX_POINT('',#1437);
#1437 = CARTESIAN_POINT('',(203.,80.,57.));
#1438 = LINE('',#1439,#1440);
#1439 = CARTESIAN_POINT('',(200.,80.,57.));
#1440 = VECTOR('',#1441,1.);
#1441 = DIRECTION('',(1.,0.,2.22044604925E-16));
#1442 = ORIENTED_EDGE('',*,*,#1443,.T.);
#1443 = EDGE_CURVE('',#1436,#617,#1444,.T.);
#1444 = ELLIPSE('',#1445,4.242640687119,3.);
#1445 = AXIS2_PLACEMENT_3D('',#1446,#1447,#1448);
#1446 = CARTESIAN_POINT('',(200.,80.,60.));
#1447 = DIRECTION('',(0.707106781187,0.,0.707106781187));
#1448 = DIRECTION('',(0.707106781187,0.,-0.707106781187));
#1449 = ORIENTED_EDGE('',*,*,#616,.T.);
#1450 = ORIENTED_EDGE('',*,*,#1451,.T.);
#1451 = EDGE_CURVE('',#608,#1436,#1452,.T.);
#1452 = ELLIPSE('',#1453,4.242640687119,3.);
#1453 = AXIS2_PLACEMENT_3D('',#1454,#1455,#1456);
#1454 = CARTESIAN_POINT('',(200.,80.,60.));
#1455 = DIRECTION('',(0.707106781187,0.,0.707106781187));
#1456 = DIRECTION('',(0.707106781187,0.,-0.707106781187));
#1457 = ORIENTED_EDGE('',*,*,#1435,.T.);
#1458 = ORIENTED_EDGE('',*,*,#1459,.F.);
#1459 = EDGE_CURVE('',#1418,#1427,#1460,.T.);
#1460 = ELLIPSE('',#1461,7.072879483617,3.);
#1461 = AXIS2_PLACEMENT_3D('',#1462,#1463,#1464);
#1462 = CARTESIAN_POINT('',(250.,80.,60.));
#1463 = DIRECTION('',(0.42415539625,0.,-0.905589421224));
#1464 = DIRECTION('',(0.905589421224,0.,0.42415539625));
#1465 = CYLINDRICAL_SURFACE('',#1466,3.);
#1466 = AXIS2_PLACEMENT_3D('',#1467,#1468,#1469);
#1467 = CARTESIAN_POINT('',(200.,80.,60.));
#1468 = DIRECTION('',(1.,0.,2.22044604925E-16));
#1469 = DIRECTION('',(2.22044604925E-16,0.,-1.));
#1470 = ADVANCED_FACE('',(#1471),#1527,.T.);
#1471 = FACE_BOUND('',#1472,.T.);
#1472 = EDGE_LOOP('',(#1473,#1480,#1481,#1487,#1488,#1496,#1505,#1514,
    #1521,#1522,#1523,#1524,#1525,#1526));
#1473 = ORIENTED_EDGE('',*,*,#1474,.F.);
#1474 = EDGE_CURVE('',#711,#667,#1475,.T.);
#1475 = CIRCLE('',#1476,3.);
#1476 = AXIS2_PLACEMENT_3D('',#1477,#1478,#1479);
#1477 = CARTESIAN_POINT('',(0.,80.,1.7763568394E-14));
#1478 = DIRECTION('',(0.,1.,2.22044604925E-16));
#1479 = DIRECTION('',(1.,0.,-0.));
#1480 = ORIENTED_EDGE('',*,*,#736,.F.);
#1481 = ORIENTED_EDGE('',*,*,#1482,.F.);
#1482 = EDGE_CURVE('',#1167,#728,#1483,.T.);
#1483 = LINE('',#1484,#1485);
#1484 = CARTESIAN_POINT('',(3.,-1.631557288136E-31,7.347880794884E-16));
#1485 = VECTOR('',#1486,1.);
#1486 = DIRECTION('',(0.,1.,2.22044604925E-16));
#1487 = ORIENTED_EDGE('',*,*,#1283,.T.);
#1488 = ORIENTED_EDGE('',*,*,#1489,.F.);
#1489 = EDGE_CURVE('',#1490,#1276,#1492,.T.);
#1490 = VERTEX_POINT('',#1491);
#1491 = CARTESIAN_POINT('',(6.661338147751E-16,-7.347880794884E-16,-3.)
  );
#1492 = LINE('',#1493,#1494);
#1493 = CARTESIAN_POINT('',(0.,6.661338147751E-16,-3.));
#1494 = VECTOR('',#1495,1.);
#1495 = DIRECTION('',(0.,1.,2.22044604925E-16));
#1496 = ORIENTED_EDGE('',*,*,#1497,.T.);
#1497 = EDGE_CURVE('',#1490,#1498,#1500,.T.);
#1498 = VERTEX_POINT('',#1499);
#1499 = CARTESIAN_POINT('',(-2.304663838792,-2.952721828191E-17,
    1.920553198993));
#1500 = CIRCLE('',#1501,3.);
#1501 = AXIS2_PLACEMENT_3D('',#1502,#1503,#1504);
#1502 = CARTESIAN_POINT('',(0.,0.,0.));
#1503 = DIRECTION('',(0.,1.,2.22044604925E-16));
#1504 = DIRECTION('',(1.,0.,-0.));
#1505 = ORIENTED_EDGE('',*,*,#1506,.F.);
#1506 = EDGE_CURVE('',#1507,#1498,#1509,.T.);
#1507 = VERTEX_POINT('',#1508);
#1508 = CARTESIAN_POINT('',(1.920553198993,3.,2.304663838792));
#1509 = ELLIPSE('',#1510,4.242640687119,3.);
#1510 = AXIS2_PLACEMENT_3D('',#1511,#1512,#1513);
#1511 = CARTESIAN_POINT('',(0.,0.,0.));
#1512 = DIRECTION('',(0.452678730213,-0.707106781187,0.543214476255));
#1513 = DIRECTION('',(0.452678730213,0.707106781187,0.543214476255));
#1514 = ORIENTED_EDGE('',*,*,#1515,.F.);
#1515 = EDGE_CURVE('',#1124,#1507,#1516,.T.);
#1516 = ELLIPSE('',#1517,4.242640687119,3.);
#1517 = AXIS2_PLACEMENT_3D('',#1518,#1519,#1520);
#1518 = CARTESIAN_POINT('',(0.,0.,0.));
#1519 = DIRECTION('',(0.452678730213,-0.707106781187,0.543214476255));
#1520 = DIRECTION('',(0.452678730213,0.707106781187,0.543214476255));
#1521 = ORIENTED_EDGE('',*,*,#1123,.F.);
#1522 = ORIENTED_EDGE('',*,*,#1166,.T.);
#1523 = ORIENTED_EDGE('',*,*,#1482,.T.);
#1524 = ORIENTED_EDGE('',*,*,#727,.F.);
#1525 = ORIENTED_EDGE('',*,*,#684,.F.);
#1526 = ORIENTED_EDGE('',*,*,#675,.F.);
#1527 = CYLINDRICAL_SURFACE('',#1528,3.);
#1528 = AXIS2_PLACEMENT_3D('',#1529,#1530,#1531);
#1529 = CARTESIAN_POINT('',(0.,0.,0.));
#1530 = DIRECTION('',(0.,1.,2.22044604925E-16));
#1531 = DIRECTION('',(1.,0.,-0.));
#1532 = ADVANCED_FACE('',(#1533),#1550,.F.);
#1533 = FACE_BOUND('',#1534,.F.);
#1534 = EDGE_LOOP('',(#1535,#1543,#1544));
#1535 = ORIENTED_EDGE('',*,*,#1536,.F.);
#1536 = EDGE_CURVE('',#658,#1537,#1539,.T.);
#1537 = VERTEX_POINT('',#1538);
#1538 = CARTESIAN_POINT('',(0.,80.,0.));
#1539 = LINE('',#1540,#1541);
#1540 = CARTESIAN_POINT('',(0.,80.,0.));
#1541 = VECTOR('',#1542,1.);
#1542 = DIRECTION('',(0.,-1.,0.));
#1543 = ORIENTED_EDGE('',*,*,#666,.T.);
#1544 = ORIENTED_EDGE('',*,*,#1545,.F.);
#1545 = EDGE_CURVE('',#1537,#667,#1546,.T.);
#1546 = LINE('',#1547,#1548);
#1547 = CARTESIAN_POINT('',(-4.368090588689E-15,80.,3.640075490574E-15)
  );
#1548 = VECTOR('',#1549,1.);
#1549 = DIRECTION('',(-0.768221279597,-1.421494921027E-16,0.640184399664
    ));
#1550 = PLANE('',#1551);
#1551 = AXIS2_PLACEMENT_3D('',#1552,#1553,#1554);
#1552 = CARTESIAN_POINT('',(0.,80.,0.));
#1553 = DIRECTION('',(0.640184399664,0.,0.768221279597));
#1554 = DIRECTION('',(0.768221279597,0.,-0.640184399664));
#1555 = ADVANCED_FACE('',(#1556),#1566,.F.);
#1556 = FACE_BOUND('',#1557,.F.);
#1557 = EDGE_LOOP('',(#1558,#1564,#1565));
#1558 = ORIENTED_EDGE('',*,*,#1559,.F.);
#1559 = EDGE_CURVE('',#711,#1537,#1560,.T.);
#1560 = LINE('',#1561,#1562);
#1561 = CARTESIAN_POINT('',(-1.972152263053E-30,80.,8.881784197001E-15)
  );
#1562 = VECTOR('',#1563,1.);
#1563 = DIRECTION('',(-2.22044604925E-16,-2.22044604925E-16,1.));
#1564 = ORIENTED_EDGE('',*,*,#718,.T.);
#1565 = ORIENTED_EDGE('',*,*,#1536,.T.);
#1566 = PLANE('',#1567);
#1567 = AXIS2_PLACEMENT_3D('',#1568,#1569,#1570);
#1568 = CARTESIAN_POINT('',(0.,80.,0.));
#1569 = DIRECTION('',(1.,0.,2.22044604925E-16));
#1570 = DIRECTION('',(2.22044604925E-16,0.,-1.));
#1571 = ADVANCED_FACE('',(#1572),#1590,.T.);
#1572 = FACE_BOUND('',#1573,.T.);
#1573 = EDGE_LOOP('',(#1574,#1582,#1583,#1584));
#1574 = ORIENTED_EDGE('',*,*,#1575,.T.);
#1575 = EDGE_CURVE('',#1576,#1192,#1578,.T.);
#1576 = VERTEX_POINT('',#1577);
#1577 = CARTESIAN_POINT('',(147.,3.,1.043609643148E-14));
#1578 = LINE('',#1579,#1580);
#1579 = CARTESIAN_POINT('',(147.,0.,0.));
#1580 = VECTOR('',#1581,1.);
#1581 = DIRECTION('',(0.,1.,2.22044604925E-16));
#1582 = ORIENTED_EDGE('',*,*,#1191,.F.);
#1583 = ORIENTED_EDGE('',*,*,#845,.F.);
#1584 = ORIENTED_EDGE('',*,*,#1585,.T.);
#1585 = EDGE_CURVE('',#837,#1576,#1586,.T.);
#1586 = LINE('',#1587,#1588);
#1587 = CARTESIAN_POINT('',(100.,3.,0.));
#1588 = VECTOR('',#1589,1.);
#1589 = DIRECTION('',(1.,0.,2.22044604925E-16));
#1590 = PLANE('',#1591);
#1591 = AXIS2_PLACEMENT_3D('',#1592,#1593,#1594);
#1592 = CARTESIAN_POINT('',(0.,-40.,0.));
#1593 = DIRECTION('',(0.,0.,1.));
#1594 = DIRECTION('',(1.,0.,0.));
#1595 = ADVANCED_FACE('',(#1596),#1640,.T.);
#1596 = FACE_BOUND('',#1597,.T.);
#1597 = EDGE_LOOP('',(#1598,#1599,#1600,#1609,#1616,#1624,#1633));
#1598 = ORIENTED_EDGE('',*,*,#1585,.F.);
#1599 = ORIENTED_EDGE('',*,*,#836,.T.);
#1600 = ORIENTED_EDGE('',*,*,#1601,.T.);
#1601 = EDGE_CURVE('',#828,#1602,#1604,.T.);
#1602 = VERTEX_POINT('',#1603);
#1603 = CARTESIAN_POINT('',(106.40512483795,-7.347880794884E-16,3.));
#1604 = ELLIPSE('',#1605,7.072879483617,3.);
#1605 = AXIS2_PLACEMENT_3D('',#1606,#1607,#1608);
#1606 = CARTESIAN_POINT('',(100.,0.,0.));
#1607 = DIRECTION('',(0.42415539625,0.,-0.905589421224));
#1608 = DIRECTION('',(0.905589421224,0.,0.42415539625));
#1609 = ORIENTED_EDGE('',*,*,#1610,.T.);
#1610 = EDGE_CURVE('',#1602,#960,#1611,.T.);
#1611 = ELLIPSE('',#1612,7.072879483617,3.);
#1612 = AXIS2_PLACEMENT_3D('',#1613,#1614,#1615);
#1613 = CARTESIAN_POINT('',(100.,0.,0.));
#1614 = DIRECTION('',(0.42415539625,0.,-0.905589421224));
#1615 = DIRECTION('',(0.905589421224,0.,0.42415539625));
#1616 = ORIENTED_EDGE('',*,*,#1617,.T.);
#1617 = EDGE_CURVE('',#960,#1618,#1620,.T.);
#1618 = VERTEX_POINT('',#1619);
#1619 = CARTESIAN_POINT('',(150.,-3.,-1.100806231179E-13));
#1620 = LINE('',#1621,#1622);
#1621 = CARTESIAN_POINT('',(100.,-3.,0.));
#1622 = VECTOR('',#1623,1.);
#1623 = DIRECTION('',(1.,0.,2.22044604925E-16));
#1624 = ORIENTED_EDGE('',*,*,#1625,.F.);
#1625 = EDGE_CURVE('',#1626,#1618,#1628,.T.);
#1626 = VERTEX_POINT('',#1627);
#1627 = CARTESIAN_POINT('',(147.87867965644,2.12132034356,2.12132034356)
  );
#1628 = ELLIPSE('',#1629,4.242640687119,3.);
#1629 = AXIS2_PLACEMENT_3D('',#1630,#1631,#1632);
#1630 = CARTESIAN_POINT('',(150.,0.,0.));
#1631 = DIRECTION('',(0.707106781187,0.,0.707106781187));
#1632 = DIRECTION('',(0.707106781187,0.,-0.707106781187));
#1633 = ORIENTED_EDGE('',*,*,#1634,.F.);
#1634 = EDGE_CURVE('',#1576,#1626,#1635,.T.);
#1635 = ELLIPSE('',#1636,4.242640687119,3.);
#1636 = AXIS2_PLACEMENT_3D('',#1637,#1638,#1639);
#1637 = CARTESIAN_POINT('',(150.,0.,0.));
#1638 = DIRECTION('',(0.707106781187,0.707106781187,3.140184917368E-16)
  );
#1639 = DIRECTION('',(0.707106781187,-0.707106781187,1.021115268026E-32)
  );
#1640 = CYLINDRICAL_SURFACE('',#1641,3.);
#1641 = AXIS2_PLACEMENT_3D('',#1642,#1643,#1644);
#1642 = CARTESIAN_POINT('',(100.,0.,0.));
#1643 = DIRECTION('',(1.,0.,2.22044604925E-16));
#1644 = DIRECTION('',(2.22044604925E-16,0.,-1.));
#1645 = ADVANCED_FACE('',(#1646),#1711,.T.);
#1646 = FACE_BOUND('',#1647,.T.);
#1647 = EDGE_LOOP('',(#1648,#1659,#1668,#1677,#1684,#1690,#1691,#1692,
    #1693,#1702,#1709,#1710));
#1648 = ORIENTED_EDGE('',*,*,#1649,.F.);
#1649 = EDGE_CURVE('',#1650,#1652,#1654,.T.);
#1650 = VERTEX_POINT('',#1651);
#1651 = CARTESIAN_POINT('',(150.,-3.,60.));
#1652 = VERTEX_POINT('',#1653);
#1653 = CARTESIAN_POINT('',(146.99999999999,-7.347880794884E-16,
    51.713850194455));
#1654 = ELLIPSE('',#1655,8.812506941837,3.);
#1655 = AXIS2_PLACEMENT_3D('',#1656,#1657,#1658);
#1656 = CARTESIAN_POINT('',(150.,0.,60.));
#1657 = DIRECTION('',(0.940271577683,0.,-0.340425263753));
#1658 = DIRECTION('',(0.340425263753,0.,0.940271577683));
#1659 = ORIENTED_EDGE('',*,*,#1660,.T.);
#1660 = EDGE_CURVE('',#1650,#1661,#1663,.T.);
#1661 = VERTEX_POINT('',#1662);
#1662 = CARTESIAN_POINT('',(143.59487516204,-7.347880794884E-16,57.));
#1663 = ELLIPSE('',#1664,7.072879483617,3.);
#1664 = AXIS2_PLACEMENT_3D('',#1665,#1666,#1667);
#1665 = CARTESIAN_POINT('',(150.,0.,60.));
#1666 = DIRECTION('',(0.42415539625,0.,-0.905589421224));
#1667 = DIRECTION('',(0.905589421224,0.,0.42415539625));
#1668 = ORIENTED_EDGE('',*,*,#1669,.T.);
#1669 = EDGE_CURVE('',#1661,#1670,#1672,.T.);
#1670 = VERTEX_POINT('',#1671);
#1671 = CARTESIAN_POINT('',(150.,3.,60.));
#1672 = ELLIPSE('',#1673,7.072879483617,3.);
#1673 = AXIS2_PLACEMENT_3D('',#1674,#1675,#1676);
#1674 = CARTESIAN_POINT('',(150.,0.,60.));
#1675 = DIRECTION('',(0.42415539625,0.,-0.905589421224));
#1676 = DIRECTION('',(0.905589421224,0.,0.42415539625));
#1677 = ORIENTED_EDGE('',*,*,#1678,.F.);
#1678 = EDGE_CURVE('',#1652,#1670,#1679,.T.);
#1679 = ELLIPSE('',#1680,8.812506941837,3.);
#1680 = AXIS2_PLACEMENT_3D('',#1681,#1682,#1683);
#1681 = CARTESIAN_POINT('',(150.,0.,60.));
#1682 = DIRECTION('',(0.940271577683,0.,-0.340425263753));
#1683 = DIRECTION('',(0.340425263753,0.,0.940271577683));
#1684 = ORIENTED_EDGE('',*,*,#1685,.F.);
#1685 = EDGE_CURVE('',#1602,#1652,#1686,.T.);
#1686 = LINE('',#1687,#1688);
#1687 = CARTESIAN_POINT('',(102.30466383879,-7.347880794884E-16,
    -1.920553198993));
#1688 = VECTOR('',#1689,1.);
#1689 = DIRECTION('',(0.640184399664,0.,0.768221279597));
#1690 = ORIENTED_EDGE('',*,*,#1601,.F.);
#1691 = ORIENTED_EDGE('',*,*,#827,.T.);
#1692 = ORIENTED_EDGE('',*,*,#818,.T.);
#1693 = ORIENTED_EDGE('',*,*,#1694,.T.);
#1694 = EDGE_CURVE('',#810,#1695,#1697,.T.);
#1695 = VERTEX_POINT('',#1696);
#1696 = CARTESIAN_POINT('',(103.,7.347880794884E-16,8.286149805545));
#1697 = ELLIPSE('',#1698,8.812506941837,3.);
#1698 = AXIS2_PLACEMENT_3D('',#1699,#1700,#1701);
#1699 = CARTESIAN_POINT('',(100.,0.,7.105427357601E-15));
#1700 = DIRECTION('',(0.940271577683,0.,-0.340425263753));
#1701 = DIRECTION('',(-0.340425263753,0.,-0.940271577683));
#1702 = ORIENTED_EDGE('',*,*,#1703,.T.);
#1703 = EDGE_CURVE('',#1695,#960,#1704,.T.);
#1704 = ELLIPSE('',#1705,8.812506941837,3.);
#1705 = AXIS2_PLACEMENT_3D('',#1706,#1707,#1708);
#1706 = CARTESIAN_POINT('',(100.,0.,7.105427357601E-15));
#1707 = DIRECTION('',(0.940271577683,0.,-0.340425263753));
#1708 = DIRECTION('',(-0.340425263753,0.,-0.940271577683));
#1709 = ORIENTED_EDGE('',*,*,#1610,.F.);
#1710 = ORIENTED_EDGE('',*,*,#1685,.T.);
#1711 = CYLINDRICAL_SURFACE('',#1712,3.);
#1712 = AXIS2_PLACEMENT_3D('',#1713,#1714,#1715);
#1713 = CARTESIAN_POINT('',(100.,0.,0.));
#1714 = DIRECTION('',(0.640184399664,0.,0.768221279597));
#1715 = DIRECTION('',(0.768221279597,0.,-0.640184399664));
#1716 = ADVANCED_FACE('',(#1717),#1748,.T.);
#1717 = FACE_BOUND('',#1718,.T.);
#1718 = EDGE_LOOP('',(#1719,#1720,#1721,#1722,#1723,#1731,#1738,#1739,
    #1740,#1747));
#1719 = ORIENTED_EDGE('',*,*,#1694,.F.);
#1720 = ORIENTED_EDGE('',*,*,#809,.F.);
#1721 = ORIENTED_EDGE('',*,*,#967,.T.);
#1722 = ORIENTED_EDGE('',*,*,#1703,.F.);
#1723 = ORIENTED_EDGE('',*,*,#1724,.F.);
#1724 = EDGE_CURVE('',#1725,#1695,#1727,.T.);
#1725 = VERTEX_POINT('',#1726);
#1726 = CARTESIAN_POINT('',(103.,0.,57.));
#1727 = LINE('',#1728,#1729);
#1728 = CARTESIAN_POINT('',(103.,7.347880794884E-16,60.));
#1729 = VECTOR('',#1730,1.);
#1730 = DIRECTION('',(0.,0.,-1.));
#1731 = ORIENTED_EDGE('',*,*,#1732,.F.);
#1732 = EDGE_CURVE('',#984,#1725,#1733,.T.);
#1733 = ELLIPSE('',#1734,4.242640687119,3.);
#1734 = AXIS2_PLACEMENT_3D('',#1735,#1736,#1737);
#1735 = CARTESIAN_POINT('',(100.,0.,60.));
#1736 = DIRECTION('',(0.707106781187,0.,0.707106781187));
#1737 = DIRECTION('',(0.707106781187,0.,-0.707106781187));
#1738 = ORIENTED_EDGE('',*,*,#983,.T.);
#1739 = ORIENTED_EDGE('',*,*,#1012,.T.);
#1740 = ORIENTED_EDGE('',*,*,#1741,.F.);
#1741 = EDGE_CURVE('',#1725,#1004,#1742,.T.);
#1742 = ELLIPSE('',#1743,4.242640687119,3.);
#1743 = AXIS2_PLACEMENT_3D('',#1744,#1745,#1746);
#1744 = CARTESIAN_POINT('',(100.,0.,60.));
#1745 = DIRECTION('',(0.707106781187,0.,0.707106781187));
#1746 = DIRECTION('',(0.707106781187,0.,-0.707106781187));
#1747 = ORIENTED_EDGE('',*,*,#1724,.T.);
#1748 = CYLINDRICAL_SURFACE('',#1749,3.);
#1749 = AXIS2_PLACEMENT_3D('',#1750,#1751,#1752);
#1750 = CARTESIAN_POINT('',(100.,0.,60.));
#1751 = DIRECTION('',(0.,0.,-1.));
#1752 = DIRECTION('',(1.,0.,0.));
#1753 = ADVANCED_FACE('',(#1754),#1809,.T.);
#1754 = FACE_BOUND('',#1755,.T.);
#1755 = EDGE_LOOP('',(#1756,#1764,#1765,#1766,#1767,#1776,#1783,#1784,
    #1793,#1802));
#1756 = ORIENTED_EDGE('',*,*,#1757,.F.);
#1757 = EDGE_CURVE('',#871,#1758,#1760,.T.);
#1758 = VERTEX_POINT('',#1759);
#1759 = CARTESIAN_POINT('',(200.,80.,-3.));
#1760 = LINE('',#1761,#1762);
#1761 = CARTESIAN_POINT('',(150.,80.,-3.));
#1762 = VECTOR('',#1763,1.);
#1763 = DIRECTION('',(1.,0.,2.22044604925E-16));
#1764 = ORIENTED_EDGE('',*,*,#902,.T.);
#1765 = ORIENTED_EDGE('',*,*,#1372,.T.);
#1766 = ORIENTED_EDGE('',*,*,#1399,.T.);
#1767 = ORIENTED_EDGE('',*,*,#1768,.T.);
#1768 = EDGE_CURVE('',#1391,#1769,#1771,.T.);
#1769 = VERTEX_POINT('',#1770);
#1770 = CARTESIAN_POINT('',(153.,77.,1.783222265872E-14));
#1771 = ELLIPSE('',#1772,4.242640687119,3.);
#1772 = AXIS2_PLACEMENT_3D('',#1773,#1774,#1775);
#1773 = CARTESIAN_POINT('',(150.,80.,0.));
#1774 = DIRECTION('',(0.707106781187,0.707106781187,3.140184917368E-16)
  );
#1775 = DIRECTION('',(0.707106781187,-0.707106781187,1.021115268026E-32)
  );
#1776 = ORIENTED_EDGE('',*,*,#1777,.T.);
#1777 = EDGE_CURVE('',#1769,#871,#1778,.T.);
#1778 = ELLIPSE('',#1779,4.242640687119,3.);
#1779 = AXIS2_PLACEMENT_3D('',#1780,#1781,#1782);
#1780 = CARTESIAN_POINT('',(150.,80.,0.));
#1781 = DIRECTION('',(0.707106781187,0.707106781187,3.140184917368E-16)
  );
#1782 = DIRECTION('',(0.707106781187,-0.707106781187,1.021115268026E-32)
  );
#1783 = ORIENTED_EDGE('',*,*,#1757,.T.);
#1784 = ORIENTED_EDGE('',*,*,#1785,.F.);
#1785 = EDGE_CURVE('',#1786,#1758,#1788,.T.);
#1786 = VERTEX_POINT('',#1787);
#1787 = CARTESIAN_POINT('',(197.87867965644,77.87867965644,2.12132034356
    ));
#1788 = ELLIPSE('',#1789,4.242640687119,3.);
#1789 = AXIS2_PLACEMENT_3D('',#1790,#1791,#1792);
#1790 = CARTESIAN_POINT('',(200.,80.,0.));
#1791 = DIRECTION('',(0.707106781187,-0.707106781187,0.));
#1792 = DIRECTION('',(0.707106781187,0.707106781187,3.140184917368E-16)
  );
#1793 = ORIENTED_EDGE('',*,*,#1794,.F.);
#1794 = EDGE_CURVE('',#1795,#1786,#1797,.T.);
#1795 = VERTEX_POINT('',#1796);
#1796 = CARTESIAN_POINT('',(200.,83.,-1.111141509725E-13));
#1797 = ELLIPSE('',#1798,4.242640687119,3.);
#1798 = AXIS2_PLACEMENT_3D('',#1799,#1800,#1801);
#1799 = CARTESIAN_POINT('',(200.,80.,0.));
#1800 = DIRECTION('',(0.707106781187,0.,0.707106781187));
#1801 = DIRECTION('',(0.707106781187,0.,-0.707106781187));
#1802 = ORIENTED_EDGE('',*,*,#1803,.F.);
#1803 = EDGE_CURVE('',#1758,#1795,#1804,.T.);
#1804 = CIRCLE('',#1805,3.);
#1805 = AXIS2_PLACEMENT_3D('',#1806,#1807,#1808);
#1806 = CARTESIAN_POINT('',(200.,80.,1.110223024625E-14));
#1807 = DIRECTION('',(1.,-0.,2.22044604925E-16));
#1808 = DIRECTION('',(2.22044604925E-16,0.,-1.));
#1809 = CYLINDRICAL_SURFACE('',#1810,3.);
#1810 = AXIS2_PLACEMENT_3D('',#1811,#1812,#1813);
#1811 = CARTESIAN_POINT('',(150.,80.,0.));
#1812 = DIRECTION('',(1.,0.,2.22044604925E-16));
#1813 = DIRECTION('',(2.22044604925E-16,0.,-1.));
#1814 = ADVANCED_FACE('',(#1815),#1875,.T.);
#1815 = FACE_BOUND('',#1816,.T.);
#1816 = EDGE_LOOP('',(#1817,#1818,#1819,#1825,#1826,#1827,#1828,#1837,
    #1846,#1855,#1864,#1870,#1871,#1872,#1873,#1874));
#1817 = ORIENTED_EDGE('',*,*,#884,.T.);
#1818 = ORIENTED_EDGE('',*,*,#1777,.F.);
#1819 = ORIENTED_EDGE('',*,*,#1820,.F.);
#1820 = EDGE_CURVE('',#1200,#1769,#1821,.T.);
#1821 = LINE('',#1822,#1823);
#1822 = CARTESIAN_POINT('',(153.,-1.631557288136E-31,7.347880794884E-16)
  );
#1823 = VECTOR('',#1824,1.);
#1824 = DIRECTION('',(0.,1.,2.22044604925E-16));
#1825 = ORIENTED_EDGE('',*,*,#1199,.T.);
#1826 = ORIENTED_EDGE('',*,*,#1575,.F.);
#1827 = ORIENTED_EDGE('',*,*,#1634,.T.);
#1828 = ORIENTED_EDGE('',*,*,#1829,.T.);
#1829 = EDGE_CURVE('',#1626,#1830,#1832,.T.);
#1830 = VERTEX_POINT('',#1831);
#1831 = CARTESIAN_POINT('',(151.02127579125,2.820814733049,
    2.820814733049));
#1832 = ELLIPSE('',#1833,4.242640687119,3.);
#1833 = AXIS2_PLACEMENT_3D('',#1834,#1835,#1836);
#1834 = CARTESIAN_POINT('',(150.,0.,0.));
#1835 = DIRECTION('',(0.,0.707106781187,-0.707106781187));
#1836 = DIRECTION('',(0.,-0.707106781187,-0.707106781187));
#1837 = ORIENTED_EDGE('',*,*,#1838,.F.);
#1838 = EDGE_CURVE('',#1839,#1830,#1841,.T.);
#1839 = VERTEX_POINT('',#1840);
#1840 = CARTESIAN_POINT('',(151.92055319899,3.,2.304663838792));
#1841 = ELLIPSE('',#1842,4.242640687119,3.);
#1842 = AXIS2_PLACEMENT_3D('',#1843,#1844,#1845);
#1843 = CARTESIAN_POINT('',(150.,0.,0.));
#1844 = DIRECTION('',(0.452678730213,-0.707106781187,0.543214476255));
#1845 = DIRECTION('',(0.452678730213,0.707106781187,0.543214476255));
#1846 = ORIENTED_EDGE('',*,*,#1847,.F.);
#1847 = EDGE_CURVE('',#1848,#1839,#1850,.T.);
#1848 = VERTEX_POINT('',#1849);
#1849 = CARTESIAN_POINT('',(152.71676826367,2.716768263671,
    1.272466188749));
#1850 = ELLIPSE('',#1851,4.242640687119,3.);
#1851 = AXIS2_PLACEMENT_3D('',#1852,#1853,#1854);
#1852 = CARTESIAN_POINT('',(150.,0.,0.));
#1853 = DIRECTION('',(0.452678730213,-0.707106781187,0.543214476255));
#1854 = DIRECTION('',(0.452678730213,0.707106781187,0.543214476255));
#1855 = ORIENTED_EDGE('',*,*,#1856,.F.);
#1856 = EDGE_CURVE('',#1857,#1848,#1859,.T.);
#1857 = VERTEX_POINT('',#1858);
#1858 = CARTESIAN_POINT('',(153.,3.,1.033527854519E-15));
#1859 = ELLIPSE('',#1860,4.242640687119,3.);
#1860 = AXIS2_PLACEMENT_3D('',#1861,#1862,#1863);
#1861 = CARTESIAN_POINT('',(150.,0.,0.));
#1862 = DIRECTION('',(0.707106781187,-0.707106781187,0.));
#1863 = DIRECTION('',(0.707106781187,0.707106781187,3.140184917368E-16)
  );
#1864 = ORIENTED_EDGE('',*,*,#1865,.T.);
#1865 = EDGE_CURVE('',#1857,#1200,#1866,.T.);
#1866 = LINE('',#1867,#1868);
#1867 = CARTESIAN_POINT('',(153.,-1.631557288136E-31,7.347880794884E-16)
  );
#1868 = VECTOR('',#1869,1.);
#1869 = DIRECTION('',(0.,1.,2.22044604925E-16));
#1870 = ORIENTED_EDGE('',*,*,#1820,.T.);
#1871 = ORIENTED_EDGE('',*,*,#1768,.F.);
#1872 = ORIENTED_EDGE('',*,*,#1390,.F.);
#1873 = ORIENTED_EDGE('',*,*,#1381,.F.);
#1874 = ORIENTED_EDGE('',*,*,#1311,.T.);
#1875 = CYLINDRICAL_SURFACE('',#1876,3.);
#1876 = AXIS2_PLACEMENT_3D('',#1877,#1878,#1879);
#1877 = CARTESIAN_POINT('',(150.,0.,0.));
#1878 = DIRECTION('',(0.,1.,2.22044604925E-16));
#1879 = DIRECTION('',(1.,0.,-0.));
#1880 = ADVANCED_FACE('',(#1881),#1932,.T.);
#1881 = FACE_BOUND('',#1882,.T.);
#1882 = EDGE_LOOP('',(#1883,#1891,#1899,#1907,#1915,#1923,#1929,#1930,
    #1931));
#1883 = ORIENTED_EDGE('',*,*,#1884,.F.);
#1884 = EDGE_CURVE('',#1885,#1142,#1887,.T.);
#1885 = VERTEX_POINT('',#1886);
#1886 = CARTESIAN_POINT('',(0.,-40.,0.));
#1887 = LINE('',#1888,#1889);
#1888 = CARTESIAN_POINT('',(0.,-40.,0.));
#1889 = VECTOR('',#1890,1.);
#1890 = DIRECTION('',(0.,1.,0.));
#1891 = ORIENTED_EDGE('',*,*,#1892,.T.);
#1892 = EDGE_CURVE('',#1885,#1893,#1895,.T.);
#1893 = VERTEX_POINT('',#1894);
#1894 = CARTESIAN_POINT('',(300.,-40.,0.));
#1895 = LINE('',#1896,#1897);
#1896 = CARTESIAN_POINT('',(0.,-40.,0.));
#1897 = VECTOR('',#1898,1.);
#1898 = DIRECTION('',(1.,0.,0.));
#1899 = ORIENTED_EDGE('',*,*,#1900,.T.);
#1900 = EDGE_CURVE('',#1893,#1901,#1903,.T.);
#1901 = VERTEX_POINT('',#1902);
#1902 = CARTESIAN_POINT('',(300.,-3.,7.312268087608E-14));
#1903 = LINE('',#1904,#1905);
#1904 = CARTESIAN_POINT('',(300.,-40.,0.));
#1905 = VECTOR('',#1906,1.);
#1906 = DIRECTION('',(0.,1.,0.));
#1907 = ORIENTED_EDGE('',*,*,#1908,.F.);
#1908 = EDGE_CURVE('',#1909,#1901,#1911,.T.);
#1909 = VERTEX_POINT('',#1910);
#1910 = CARTESIAN_POINT('',(250.,-3.,-1.100806231179E-13));
#1911 = LINE('',#1912,#1913);
#1912 = CARTESIAN_POINT('',(250.,-3.,0.));
#1913 = VECTOR('',#1914,1.);
#1914 = DIRECTION('',(1.,0.,2.22044604925E-16));
#1915 = ORIENTED_EDGE('',*,*,#1916,.F.);
#1916 = EDGE_CURVE('',#1917,#1909,#1919,.T.);
#1917 = VERTEX_POINT('',#1918);
#1918 = CARTESIAN_POINT('',(200.,-3.,-1.100806231179E-13));
#1919 = LINE('',#1920,#1921);
#1920 = CARTESIAN_POINT('',(200.,-3.,0.));
#1921 = VECTOR('',#1922,1.);
#1922 = DIRECTION('',(1.,0.,2.22044604925E-16));
#1923 = ORIENTED_EDGE('',*,*,#1924,.F.);
#1924 = EDGE_CURVE('',#1618,#1917,#1925,.T.);
#1925 = LINE('',#1926,#1927);
#1926 = CARTESIAN_POINT('',(150.,-3.,0.));
#1927 = VECTOR('',#1928,1.);
#1928 = DIRECTION('',(1.,0.,2.22044604925E-16));
#1929 = ORIENTED_EDGE('',*,*,#1617,.F.);
#1930 = ORIENTED_EDGE('',*,*,#959,.F.);
#1931 = ORIENTED_EDGE('',*,*,#1150,.F.);
#1932 = PLANE('',#1933);
#1933 = AXIS2_PLACEMENT_3D('',#1934,#1935,#1936);
#1934 = CARTESIAN_POINT('',(0.,-40.,0.));
#1935 = DIRECTION('',(0.,0.,1.));
#1936 = DIRECTION('',(1.,0.,0.));
#1937 = ADVANCED_FACE('',(#1938),#1965,.T.);
#1938 = FACE_BOUND('',#1939,.T.);
#1939 = EDGE_LOOP('',(#1940,#1946,#1947,#1954,#1955,#1956,#1957,#1964));
#1940 = ORIENTED_EDGE('',*,*,#1941,.F.);
#1941 = EDGE_CURVE('',#1065,#995,#1942,.T.);
#1942 = LINE('',#1943,#1944);
#1943 = CARTESIAN_POINT('',(50.,-7.347880794884E-16,57.));
#1944 = VECTOR('',#1945,1.);
#1945 = DIRECTION('',(1.,0.,2.22044604925E-16));
#1946 = ORIENTED_EDGE('',*,*,#1099,.T.);
#1947 = ORIENTED_EDGE('',*,*,#1948,.T.);
#1948 = EDGE_CURVE('',#1091,#1073,#1949,.T.);
#1949 = CIRCLE('',#1950,3.);
#1950 = AXIS2_PLACEMENT_3D('',#1951,#1952,#1953);
#1951 = CARTESIAN_POINT('',(50.,0.,60.));
#1952 = DIRECTION('',(1.,-0.,2.22044604925E-16));
#1953 = DIRECTION('',(2.22044604925E-16,0.,-1.));
#1954 = ORIENTED_EDGE('',*,*,#1072,.T.);
#1955 = ORIENTED_EDGE('',*,*,#1941,.T.);
#1956 = ORIENTED_EDGE('',*,*,#994,.F.);
#1957 = ORIENTED_EDGE('',*,*,#1958,.F.);
#1958 = EDGE_CURVE('',#1004,#984,#1959,.T.);
#1959 = CIRCLE('',#1960,3.);
#1960 = AXIS2_PLACEMENT_3D('',#1961,#1962,#1963);
#1961 = CARTESIAN_POINT('',(100.,0.,60.));
#1962 = DIRECTION('',(1.,-0.,2.22044604925E-16));
#1963 = DIRECTION('',(2.22044604925E-16,0.,-1.));
#1964 = ORIENTED_EDGE('',*,*,#1003,.F.);
#1965 = CYLINDRICAL_SURFACE('',#1966,3.);
#1966 = AXIS2_PLACEMENT_3D('',#1967,#1968,#1969);
#1967 = CARTESIAN_POINT('',(50.,0.,60.));
#1968 = DIRECTION('',(1.,0.,2.22044604925E-16));
#1969 = DIRECTION('',(2.22044604925E-16,0.,-1.));
#1970 = ADVANCED_FACE('',(#1971),#2000,.T.);
#1971 = FACE_BOUND('',#1972,.T.);
#1972 = EDGE_LOOP('',(#1973,#1980,#1981,#1987,#1988,#1989,#1990,#1997,
    #1998,#1999));
#1973 = ORIENTED_EDGE('',*,*,#1974,.F.);
#1974 = EDGE_CURVE('',#1091,#1073,#1975,.T.);
#1975 = CIRCLE('',#1976,3.);
#1976 = AXIS2_PLACEMENT_3D('',#1977,#1978,#1979);
#1977 = CARTESIAN_POINT('',(50.,0.,60.));
#1978 = DIRECTION('',(0.640184399664,-0.,0.768221279597));
#1979 = DIRECTION('',(0.768221279597,0.,-0.640184399664));
#1980 = ORIENTED_EDGE('',*,*,#1090,.F.);
#1981 = ORIENTED_EDGE('',*,*,#1982,.F.);
#1982 = EDGE_CURVE('',#1133,#1082,#1983,.T.);
#1983 = LINE('',#1984,#1985);
#1984 = CARTESIAN_POINT('',(2.304663838792,-7.347880794884E-16,
    -1.920553198993));
#1985 = VECTOR('',#1986,1.);
#1986 = DIRECTION('',(0.640184399664,0.,0.768221279597));
#1987 = ORIENTED_EDGE('',*,*,#1132,.F.);
#1988 = ORIENTED_EDGE('',*,*,#1515,.T.);
#1989 = ORIENTED_EDGE('',*,*,#1506,.T.);
#1990 = ORIENTED_EDGE('',*,*,#1991,.T.);
#1991 = EDGE_CURVE('',#1498,#1142,#1992,.T.);
#1992 = CIRCLE('',#1993,3.);
#1993 = AXIS2_PLACEMENT_3D('',#1994,#1995,#1996);
#1994 = CARTESIAN_POINT('',(0.,0.,0.));
#1995 = DIRECTION('',(0.640184399664,-0.,0.768221279597));
#1996 = DIRECTION('',(0.768221279597,0.,-0.640184399664));
#1997 = ORIENTED_EDGE('',*,*,#1141,.F.);
#1998 = ORIENTED_EDGE('',*,*,#1982,.T.);
#1999 = ORIENTED_EDGE('',*,*,#1081,.F.);
#2000 = CYLINDRICAL_SURFACE('',#2001,3.);
#2001 = AXIS2_PLACEMENT_3D('',#2002,#2003,#2004);
#2002 = CARTESIAN_POINT('',(0.,0.,0.));
#2003 = DIRECTION('',(0.640184399664,0.,0.768221279597));
#2004 = DIRECTION('',(0.768221279597,0.,-0.640184399664));
#2005 = ADVANCED_FACE('',(#2006),#2032,.F.);
#2006 = FACE_BOUND('',#2007,.F.);
#2007 = EDGE_LOOP('',(#2008,#2009,#2017,#2023,#2024,#2025));
#2008 = ORIENTED_EDGE('',*,*,#1884,.F.);
#2009 = ORIENTED_EDGE('',*,*,#2010,.F.);
#2010 = EDGE_CURVE('',#2011,#1885,#2013,.T.);
#2011 = VERTEX_POINT('',#2012);
#2012 = CARTESIAN_POINT('',(0.,-40.,-5.));
#2013 = LINE('',#2014,#2015);
#2014 = CARTESIAN_POINT('',(0.,-40.,-5.));
#2015 = VECTOR('',#2016,1.);
#2016 = DIRECTION('',(0.,0.,1.));
#2017 = ORIENTED_EDGE('',*,*,#2018,.T.);
#2018 = EDGE_CURVE('',#2011,#1268,#2019,.T.);
#2019 = LINE('',#2020,#2021);
#2020 = CARTESIAN_POINT('',(0.,-40.,-5.));
#2021 = VECTOR('',#2022,1.);
#2022 = DIRECTION('',(0.,1.,0.));
#2023 = ORIENTED_EDGE('',*,*,#1275,.T.);
#2024 = ORIENTED_EDGE('',*,*,#1489,.F.);
#2025 = ORIENTED_EDGE('',*,*,#2026,.F.);
#2026 = EDGE_CURVE('',#1142,#1490,#2027,.T.);
#2027 = CIRCLE('',#2028,3.);
#2028 = AXIS2_PLACEMENT_3D('',#2029,#2030,#2031);
#2029 = CARTESIAN_POINT('',(0.,0.,0.));
#2030 = DIRECTION('',(1.,-0.,2.22044604925E-16));
#2031 = DIRECTION('',(2.22044604925E-16,0.,-1.));
#2032 = PLANE('',#2033);
#2033 = AXIS2_PLACEMENT_3D('',#2034,#2035,#2036);
#2034 = CARTESIAN_POINT('',(0.,-40.,-5.));
#2035 = DIRECTION('',(1.,0.,0.));
#2036 = DIRECTION('',(0.,0.,1.));
#2037 = ADVANCED_FACE('',(#2038),#2056,.F.);
#2038 = FACE_BOUND('',#2039,.F.);
#2039 = EDGE_LOOP('',(#2040,#2041,#2049,#2055));
#2040 = ORIENTED_EDGE('',*,*,#2018,.F.);
#2041 = ORIENTED_EDGE('',*,*,#2042,.T.);
#2042 = EDGE_CURVE('',#2011,#2043,#2045,.T.);
#2043 = VERTEX_POINT('',#2044);
#2044 = CARTESIAN_POINT('',(300.,-40.,-5.));
#2045 = LINE('',#2046,#2047);
#2046 = CARTESIAN_POINT('',(0.,-40.,-5.));
#2047 = VECTOR('',#2048,1.);
#2048 = DIRECTION('',(1.,0.,0.));
#2049 = ORIENTED_EDGE('',*,*,#2050,.T.);
#2050 = EDGE_CURVE('',#2043,#1260,#2051,.T.);
#2051 = LINE('',#2052,#2053);
#2052 = CARTESIAN_POINT('',(300.,-40.,-5.));
#2053 = VECTOR('',#2054,1.);
#2054 = DIRECTION('',(0.,1.,0.));
#2055 = ORIENTED_EDGE('',*,*,#1267,.F.);
#2056 = PLANE('',#2057);
#2057 = AXIS2_PLACEMENT_3D('',#2058,#2059,#2060);
#2058 = CARTESIAN_POINT('',(0.,-40.,-5.));
#2059 = DIRECTION('',(0.,0.,1.));
#2060 = DIRECTION('',(1.,0.,0.));
#2061 = ADVANCED_FACE('',(#2062),#2088,.T.);
#2062 = FACE_BOUND('',#2063,.T.);
#2063 = EDGE_LOOP('',(#2064,#2065,#2071,#2072,#2073,#2081));
#2064 = ORIENTED_EDGE('',*,*,#1900,.F.);
#2065 = ORIENTED_EDGE('',*,*,#2066,.F.);
#2066 = EDGE_CURVE('',#2043,#1893,#2067,.T.);
#2067 = LINE('',#2068,#2069);
#2068 = CARTESIAN_POINT('',(300.,-40.,-5.));
#2069 = VECTOR('',#2070,1.);
#2070 = DIRECTION('',(0.,0.,1.));
#2071 = ORIENTED_EDGE('',*,*,#2050,.T.);
#2072 = ORIENTED_EDGE('',*,*,#1259,.T.);
#2073 = ORIENTED_EDGE('',*,*,#2074,.F.);
#2074 = EDGE_CURVE('',#2075,#1251,#2077,.T.);
#2075 = VERTEX_POINT('',#2076);
#2076 = CARTESIAN_POINT('',(300.,-7.347880794884E-16,-3.));
#2077 = LINE('',#2078,#2079);
#2078 = CARTESIAN_POINT('',(300.,6.661338147751E-16,-3.));
#2079 = VECTOR('',#2080,1.);
#2080 = DIRECTION('',(0.,1.,2.22044604925E-16));
#2081 = ORIENTED_EDGE('',*,*,#2082,.F.);
#2082 = EDGE_CURVE('',#1901,#2075,#2083,.T.);
#2083 = CIRCLE('',#2084,3.);
#2084 = AXIS2_PLACEMENT_3D('',#2085,#2086,#2087);
#2085 = CARTESIAN_POINT('',(300.,0.,1.110223024625E-14));
#2086 = DIRECTION('',(1.,-0.,2.22044604925E-16));
#2087 = DIRECTION('',(2.22044604925E-16,0.,-1.));
#2088 = PLANE('',#2089);
#2089 = AXIS2_PLACEMENT_3D('',#2090,#2091,#2092);
#2090 = CARTESIAN_POINT('',(300.,-40.,-5.));
#2091 = DIRECTION('',(1.,0.,0.));
#2092 = DIRECTION('',(0.,0.,1.));
#2093 = ADVANCED_FACE('',(#2094),#2210,.T.);
#2094 = FACE_BOUND('',#2095,.T.);
#2095 = EDGE_LOOP('',(#2096,#2106,#2115,#2124,#2133,#2142,#2151,#2158,
    #2159,#2166,#2167,#2168,#2176,#2185,#2194,#2203));
#2096 = ORIENTED_EDGE('',*,*,#2097,.T.);
#2097 = EDGE_CURVE('',#2098,#2100,#2102,.T.);
#2098 = VERTEX_POINT('',#2099);
#2099 = CARTESIAN_POINT('',(303.,-1.631557288136E-31,7.347880794884E-16)
  );
#2100 = VERTEX_POINT('',#2101);
#2101 = CARTESIAN_POINT('',(303.,80.,1.849835647349E-14));
#2102 = LINE('',#2103,#2104);
#2103 = CARTESIAN_POINT('',(303.,-1.631557288136E-31,7.347880794884E-16)
  );
#2104 = VECTOR('',#2105,1.);
#2105 = DIRECTION('',(0.,1.,2.22044604925E-16));
#2106 = ORIENTED_EDGE('',*,*,#2107,.F.);
#2107 = EDGE_CURVE('',#2108,#2100,#2110,.T.);
#2108 = VERTEX_POINT('',#2109);
#2109 = CARTESIAN_POINT('',(302.30466383879,80.,1.920553198993));
#2110 = CIRCLE('',#2111,3.);
#2111 = AXIS2_PLACEMENT_3D('',#2112,#2113,#2114);
#2112 = CARTESIAN_POINT('',(300.,80.,1.7763568394E-14));
#2113 = DIRECTION('',(0.,1.,2.22044604925E-16));
#2114 = DIRECTION('',(1.,0.,-0.));
#2115 = ORIENTED_EDGE('',*,*,#2116,.F.);
#2116 = EDGE_CURVE('',#2117,#2108,#2119,.T.);
#2117 = VERTEX_POINT('',#2118);
#2118 = CARTESIAN_POINT('',(302.30459001395,79.999884684572,
    1.92064178534));
#2119 = ELLIPSE('',#2120,4.242640687119,3.);
#2120 = AXIS2_PLACEMENT_3D('',#2121,#2122,#2123);
#2121 = CARTESIAN_POINT('',(300.,80.,0.));
#2122 = DIRECTION('',(-0.452678730213,0.707106781187,0.543214476255));
#2123 = DIRECTION('',(-0.452678730213,-0.707106781187,0.543214476255));
#2124 = ORIENTED_EDGE('',*,*,#2125,.F.);
#2125 = EDGE_CURVE('',#2126,#2117,#2128,.T.);
#2126 = VERTEX_POINT('',#2127);
#2127 = CARTESIAN_POINT('',(298.079446801,77.,2.304663838792));
#2128 = ELLIPSE('',#2129,4.242640687119,3.);
#2129 = AXIS2_PLACEMENT_3D('',#2130,#2131,#2132);
#2130 = CARTESIAN_POINT('',(300.,80.,0.));
#2131 = DIRECTION('',(-0.452678730213,0.707106781187,0.543214476255));
#2132 = DIRECTION('',(-0.452678730213,-0.707106781187,0.543214476255));
#2133 = ORIENTED_EDGE('',*,*,#2134,.F.);
#2134 = EDGE_CURVE('',#2135,#2126,#2137,.T.);
#2135 = VERTEX_POINT('',#2136);
#2136 = CARTESIAN_POINT('',(297.28323173632,77.283231736329,
    1.272466188749));
#2137 = ELLIPSE('',#2138,4.242640687119,3.);
#2138 = AXIS2_PLACEMENT_3D('',#2139,#2140,#2141);
#2139 = CARTESIAN_POINT('',(300.,80.,0.));
#2140 = DIRECTION('',(-0.452678730213,0.707106781187,0.543214476255));
#2141 = DIRECTION('',(-0.452678730213,-0.707106781187,0.543214476255));
#2142 = ORIENTED_EDGE('',*,*,#2143,.T.);
#2143 = EDGE_CURVE('',#2135,#2144,#2146,.T.);
#2144 = VERTEX_POINT('',#2145);
#2145 = CARTESIAN_POINT('',(300.,80.,-3.));
#2146 = ELLIPSE('',#2147,4.242640687119,3.);
#2147 = AXIS2_PLACEMENT_3D('',#2148,#2149,#2150);
#2148 = CARTESIAN_POINT('',(300.,80.,0.));
#2149 = DIRECTION('',(0.707106781187,-0.707106781187,0.));
#2150 = DIRECTION('',(0.707106781187,0.707106781187,3.140184917368E-16)
  );
#2151 = ORIENTED_EDGE('',*,*,#2152,.F.);
#2152 = EDGE_CURVE('',#2100,#2144,#2153,.T.);
#2153 = CIRCLE('',#2154,3.);
#2154 = AXIS2_PLACEMENT_3D('',#2155,#2156,#2157);
#2155 = CARTESIAN_POINT('',(300.,80.,1.7763568394E-14));
#2156 = DIRECTION('',(0.,1.,2.22044604925E-16));
#2157 = DIRECTION('',(1.,0.,-0.));
#2158 = ORIENTED_EDGE('',*,*,#2097,.F.);
#2159 = ORIENTED_EDGE('',*,*,#2160,.T.);
#2160 = EDGE_CURVE('',#2098,#2075,#2161,.T.);
#2161 = CIRCLE('',#2162,3.);
#2162 = AXIS2_PLACEMENT_3D('',#2163,#2164,#2165);
#2163 = CARTESIAN_POINT('',(300.,0.,0.));
#2164 = DIRECTION('',(0.,1.,2.22044604925E-16));
#2165 = DIRECTION('',(1.,0.,-0.));
#2166 = ORIENTED_EDGE('',*,*,#2074,.T.);
#2167 = ORIENTED_EDGE('',*,*,#1250,.T.);
#2168 = ORIENTED_EDGE('',*,*,#2169,.F.);
#2169 = EDGE_CURVE('',#2170,#1243,#2172,.T.);
#2170 = VERTEX_POINT('',#2171);
#2171 = CARTESIAN_POINT('',(297.,3.,1.043609643148E-14));
#2172 = LINE('',#2173,#2174);
#2173 = CARTESIAN_POINT('',(297.,0.,0.));
#2174 = VECTOR('',#2175,1.);
#2175 = DIRECTION('',(0.,1.,2.22044604925E-16));
#2176 = ORIENTED_EDGE('',*,*,#2177,.T.);
#2177 = EDGE_CURVE('',#2170,#2178,#2180,.T.);
#2178 = VERTEX_POINT('',#2179);
#2179 = CARTESIAN_POINT('',(297.28323173632,2.716768263671,
    1.272466188749));
#2180 = ELLIPSE('',#2181,4.242640687119,3.);
#2181 = AXIS2_PLACEMENT_3D('',#2182,#2183,#2184);
#2182 = CARTESIAN_POINT('',(300.,0.,0.));
#2183 = DIRECTION('',(0.707106781187,0.707106781187,3.140184917368E-16)
  );
#2184 = DIRECTION('',(0.707106781187,-0.707106781187,1.021115268026E-32)
  );
#2185 = ORIENTED_EDGE('',*,*,#2186,.F.);
#2186 = EDGE_CURVE('',#2187,#2178,#2189,.T.);
#2187 = VERTEX_POINT('',#2188);
#2188 = CARTESIAN_POINT('',(298.079446801,3.,2.304663838792));
#2189 = ELLIPSE('',#2190,4.242640687119,3.);
#2190 = AXIS2_PLACEMENT_3D('',#2191,#2192,#2193);
#2191 = CARTESIAN_POINT('',(300.,0.,0.));
#2192 = DIRECTION('',(-0.452678730213,-0.707106781187,0.543214476255));
#2193 = DIRECTION('',(-0.452678730213,0.707106781187,0.543214476255));
#2194 = ORIENTED_EDGE('',*,*,#2195,.F.);
#2195 = EDGE_CURVE('',#2196,#2187,#2198,.T.);
#2196 = VERTEX_POINT('',#2197);
#2197 = CARTESIAN_POINT('',(302.30466383879,-7.347880794884E-16,
    1.920553198993));
#2198 = ELLIPSE('',#2199,4.242640687119,3.);
#2199 = AXIS2_PLACEMENT_3D('',#2200,#2201,#2202);
#2200 = CARTESIAN_POINT('',(300.,0.,0.));
#2201 = DIRECTION('',(-0.452678730213,-0.707106781187,0.543214476255));
#2202 = DIRECTION('',(-0.452678730213,0.707106781187,0.543214476255));
#2203 = ORIENTED_EDGE('',*,*,#2204,.T.);
#2204 = EDGE_CURVE('',#2196,#2098,#2205,.T.);
#2205 = CIRCLE('',#2206,3.);
#2206 = AXIS2_PLACEMENT_3D('',#2207,#2208,#2209);
#2207 = CARTESIAN_POINT('',(300.,0.,0.));
#2208 = DIRECTION('',(0.,1.,2.22044604925E-16));
#2209 = DIRECTION('',(1.,0.,-0.));
#2210 = CYLINDRICAL_SURFACE('',#2211,3.);
#2211 = AXIS2_PLACEMENT_3D('',#2212,#2213,#2214);
#2212 = CARTESIAN_POINT('',(300.,0.,0.));
#2213 = DIRECTION('',(0.,1.,2.22044604925E-16));
#2214 = DIRECTION('',(1.,0.,-0.));
#2215 = ADVANCED_FACE('',(#2216),#2234,.T.);
#2216 = FACE_BOUND('',#2217,.T.);
#2217 = EDGE_LOOP('',(#2218,#2219,#2227,#2233));
#2218 = ORIENTED_EDGE('',*,*,#1242,.F.);
#2219 = ORIENTED_EDGE('',*,*,#2220,.F.);
#2220 = EDGE_CURVE('',#2221,#1234,#2223,.T.);
#2221 = VERTEX_POINT('',#2222);
#2222 = CARTESIAN_POINT('',(253.,3.,1.033527854519E-15));
#2223 = LINE('',#2224,#2225);
#2224 = CARTESIAN_POINT('',(253.,-1.631557288136E-31,7.347880794884E-16)
  );
#2225 = VECTOR('',#2226,1.);
#2226 = DIRECTION('',(0.,1.,2.22044604925E-16));
#2227 = ORIENTED_EDGE('',*,*,#2228,.T.);
#2228 = EDGE_CURVE('',#2221,#2170,#2229,.T.);
#2229 = LINE('',#2230,#2231);
#2230 = CARTESIAN_POINT('',(250.,3.,0.));
#2231 = VECTOR('',#2232,1.);
#2232 = DIRECTION('',(1.,0.,2.22044604925E-16));
#2233 = ORIENTED_EDGE('',*,*,#2169,.T.);
#2234 = PLANE('',#2235);
#2235 = AXIS2_PLACEMENT_3D('',#2236,#2237,#2238);
#2236 = CARTESIAN_POINT('',(0.,-40.,0.));
#2237 = DIRECTION('',(0.,0.,1.));
#2238 = DIRECTION('',(1.,0.,0.));
#2239 = ADVANCED_FACE('',(#2240),#2320,.T.);
#2240 = FACE_BOUND('',#2241,.T.);
#2241 = EDGE_LOOP('',(#2242,#2253,#2262,#2268,#2269,#2277,#2286,#2295,
    #2302,#2303,#2304,#2313));
#2242 = ORIENTED_EDGE('',*,*,#2243,.T.);
#2243 = EDGE_CURVE('',#2244,#2246,#2248,.T.);
#2244 = VERTEX_POINT('',#2245);
#2245 = CARTESIAN_POINT('',(247.87867965644,77.87867965644,2.12132034356
    ));
#2246 = VERTEX_POINT('',#2247);
#2247 = CARTESIAN_POINT('',(250.,80.,-3.));
#2248 = ELLIPSE('',#2249,4.242640687119,3.);
#2249 = AXIS2_PLACEMENT_3D('',#2250,#2251,#2252);
#2250 = CARTESIAN_POINT('',(250.,80.,0.));
#2251 = DIRECTION('',(0.707106781187,-0.707106781187,0.));
#2252 = DIRECTION('',(0.707106781187,0.707106781187,3.140184917368E-16)
  );
#2253 = ORIENTED_EDGE('',*,*,#2254,.F.);
#2254 = EDGE_CURVE('',#2255,#2246,#2257,.T.);
#2255 = VERTEX_POINT('',#2256);
#2256 = CARTESIAN_POINT('',(253.,77.,1.783222265872E-14));
#2257 = ELLIPSE('',#2258,4.242640687119,3.);
#2258 = AXIS2_PLACEMENT_3D('',#2259,#2260,#2261);
#2259 = CARTESIAN_POINT('',(250.,80.,0.));
#2260 = DIRECTION('',(0.707106781187,0.707106781187,3.140184917368E-16)
  );
#2261 = DIRECTION('',(0.707106781187,-0.707106781187,1.021115268026E-32)
  );
#2262 = ORIENTED_EDGE('',*,*,#2263,.F.);
#2263 = EDGE_CURVE('',#1234,#2255,#2264,.T.);
#2264 = LINE('',#2265,#2266);
#2265 = CARTESIAN_POINT('',(253.,-1.631557288136E-31,7.347880794884E-16)
  );
#2266 = VECTOR('',#2267,1.);
#2267 = DIRECTION('',(0.,1.,2.22044604925E-16));
#2268 = ORIENTED_EDGE('',*,*,#1233,.T.);
#2269 = ORIENTED_EDGE('',*,*,#2270,.F.);
#2270 = EDGE_CURVE('',#2271,#1226,#2273,.T.);
#2271 = VERTEX_POINT('',#2272);
#2272 = CARTESIAN_POINT('',(247.,3.,1.043609643148E-14));
#2273 = LINE('',#2274,#2275);
#2274 = CARTESIAN_POINT('',(247.,0.,0.));
#2275 = VECTOR('',#2276,1.);
#2276 = DIRECTION('',(0.,1.,2.22044604925E-16));
#2277 = ORIENTED_EDGE('',*,*,#2278,.T.);
#2278 = EDGE_CURVE('',#2271,#2279,#2281,.T.);
#2279 = VERTEX_POINT('',#2280);
#2280 = CARTESIAN_POINT('',(247.87867965644,2.12132034356,2.12132034356)
  );
#2281 = ELLIPSE('',#2282,4.242640687119,3.);
#2282 = AXIS2_PLACEMENT_3D('',#2283,#2284,#2285);
#2283 = CARTESIAN_POINT('',(250.,0.,0.));
#2284 = DIRECTION('',(0.707106781187,0.707106781187,3.140184917368E-16)
  );
#2285 = DIRECTION('',(0.707106781187,-0.707106781187,1.021115268026E-32)
  );
#2286 = ORIENTED_EDGE('',*,*,#2287,.T.);
#2287 = EDGE_CURVE('',#2279,#2288,#2290,.T.);
#2288 = VERTEX_POINT('',#2289);
#2289 = CARTESIAN_POINT('',(252.12132034356,2.12132034356,2.12132034356)
  );
#2290 = ELLIPSE('',#2291,4.242640687119,3.);
#2291 = AXIS2_PLACEMENT_3D('',#2292,#2293,#2294);
#2292 = CARTESIAN_POINT('',(250.,0.,0.));
#2293 = DIRECTION('',(0.,0.707106781187,-0.707106781187));
#2294 = DIRECTION('',(0.,-0.707106781187,-0.707106781187));
#2295 = ORIENTED_EDGE('',*,*,#2296,.F.);
#2296 = EDGE_CURVE('',#2221,#2288,#2297,.T.);
#2297 = ELLIPSE('',#2298,4.242640687119,3.);
#2298 = AXIS2_PLACEMENT_3D('',#2299,#2300,#2301);
#2299 = CARTESIAN_POINT('',(250.,0.,0.));
#2300 = DIRECTION('',(0.707106781187,-0.707106781187,0.));
#2301 = DIRECTION('',(0.707106781187,0.707106781187,3.140184917368E-16)
  );
#2302 = ORIENTED_EDGE('',*,*,#2220,.T.);
#2303 = ORIENTED_EDGE('',*,*,#2263,.T.);
#2304 = ORIENTED_EDGE('',*,*,#2305,.F.);
#2305 = EDGE_CURVE('',#2306,#2255,#2308,.T.);
#2306 = VERTEX_POINT('',#2307);
#2307 = CARTESIAN_POINT('',(252.12132034356,77.87867965644,2.12132034356
    ));
#2308 = ELLIPSE('',#2309,4.242640687119,3.);
#2309 = AXIS2_PLACEMENT_3D('',#2310,#2311,#2312);
#2310 = CARTESIAN_POINT('',(250.,80.,0.));
#2311 = DIRECTION('',(0.707106781187,0.707106781187,3.140184917368E-16)
  );
#2312 = DIRECTION('',(0.707106781187,-0.707106781187,1.021115268026E-32)
  );
#2313 = ORIENTED_EDGE('',*,*,#2314,.T.);
#2314 = EDGE_CURVE('',#2306,#2244,#2315,.T.);
#2315 = ELLIPSE('',#2316,4.242640687119,3.);
#2316 = AXIS2_PLACEMENT_3D('',#2317,#2318,#2319);
#2317 = CARTESIAN_POINT('',(250.,80.,0.));
#2318 = DIRECTION('',(0.,-0.707106781187,-0.707106781187));
#2319 = DIRECTION('',(0.,0.707106781187,-0.707106781187));
#2320 = CYLINDRICAL_SURFACE('',#2321,3.);
#2321 = AXIS2_PLACEMENT_3D('',#2322,#2323,#2324);
#2322 = CARTESIAN_POINT('',(250.,0.,0.));
#2323 = DIRECTION('',(0.,1.,2.22044604925E-16));
#2324 = DIRECTION('',(1.,0.,-0.));
#2325 = ADVANCED_FACE('',(#2326),#2344,.T.);
#2326 = FACE_BOUND('',#2327,.T.);
#2327 = EDGE_LOOP('',(#2328,#2329,#2330,#2338));
#2328 = ORIENTED_EDGE('',*,*,#2270,.T.);
#2329 = ORIENTED_EDGE('',*,*,#1225,.F.);
#2330 = ORIENTED_EDGE('',*,*,#2331,.F.);
#2331 = EDGE_CURVE('',#2332,#1217,#2334,.T.);
#2332 = VERTEX_POINT('',#2333);
#2333 = CARTESIAN_POINT('',(203.,3.,1.033527854519E-15));
#2334 = LINE('',#2335,#2336);
#2335 = CARTESIAN_POINT('',(203.,-1.631557288136E-31,7.347880794884E-16)
  );
#2336 = VECTOR('',#2337,1.);
#2337 = DIRECTION('',(0.,1.,2.22044604925E-16));
#2338 = ORIENTED_EDGE('',*,*,#2339,.T.);
#2339 = EDGE_CURVE('',#2332,#2271,#2340,.T.);
#2340 = LINE('',#2341,#2342);
#2341 = CARTESIAN_POINT('',(200.,3.,0.));
#2342 = VECTOR('',#2343,1.);
#2343 = DIRECTION('',(1.,0.,2.22044604925E-16));
#2344 = PLANE('',#2345);
#2345 = AXIS2_PLACEMENT_3D('',#2346,#2347,#2348);
#2346 = CARTESIAN_POINT('',(0.,-40.,0.));
#2347 = DIRECTION('',(0.,0.,1.));
#2348 = DIRECTION('',(1.,0.,0.));
#2349 = ADVANCED_FACE('',(#2350),#2456,.T.);
#2350 = FACE_BOUND('',#2351,.T.);
#2351 = EDGE_LOOP('',(#2352,#2353,#2362,#2368,#2369,#2377,#2386,#2395,
    #2404,#2413,#2420,#2421,#2422,#2431,#2440,#2449));
#2352 = ORIENTED_EDGE('',*,*,#1785,.T.);
#2353 = ORIENTED_EDGE('',*,*,#2354,.F.);
#2354 = EDGE_CURVE('',#2355,#1758,#2357,.T.);
#2355 = VERTEX_POINT('',#2356);
#2356 = CARTESIAN_POINT('',(203.,77.,1.783222265872E-14));
#2357 = ELLIPSE('',#2358,4.242640687119,3.);
#2358 = AXIS2_PLACEMENT_3D('',#2359,#2360,#2361);
#2359 = CARTESIAN_POINT('',(200.,80.,0.));
#2360 = DIRECTION('',(0.707106781187,0.707106781187,3.140184917368E-16)
  );
#2361 = DIRECTION('',(0.707106781187,-0.707106781187,1.021115268026E-32)
  );
#2362 = ORIENTED_EDGE('',*,*,#2363,.F.);
#2363 = EDGE_CURVE('',#1217,#2355,#2364,.T.);
#2364 = LINE('',#2365,#2366);
#2365 = CARTESIAN_POINT('',(203.,-1.631557288136E-31,7.347880794884E-16)
  );
#2366 = VECTOR('',#2367,1.);
#2367 = DIRECTION('',(0.,1.,2.22044604925E-16));
#2368 = ORIENTED_EDGE('',*,*,#1216,.T.);
#2369 = ORIENTED_EDGE('',*,*,#2370,.F.);
#2370 = EDGE_CURVE('',#2371,#1209,#2373,.T.);
#2371 = VERTEX_POINT('',#2372);
#2372 = CARTESIAN_POINT('',(197.,3.,1.043609643148E-14));
#2373 = LINE('',#2374,#2375);
#2374 = CARTESIAN_POINT('',(197.,0.,0.));
#2375 = VECTOR('',#2376,1.);
#2376 = DIRECTION('',(0.,1.,2.22044604925E-16));
#2377 = ORIENTED_EDGE('',*,*,#2378,.T.);
#2378 = EDGE_CURVE('',#2371,#2379,#2381,.T.);
#2379 = VERTEX_POINT('',#2380);
#2380 = CARTESIAN_POINT('',(197.87867965644,2.12132034356,2.12132034356)
  );
#2381 = ELLIPSE('',#2382,4.242640687119,3.);
#2382 = AXIS2_PLACEMENT_3D('',#2383,#2384,#2385);
#2383 = CARTESIAN_POINT('',(200.,0.,0.));
#2384 = DIRECTION('',(0.707106781187,0.707106781187,3.140184917368E-16)
  );
#2385 = DIRECTION('',(0.707106781187,-0.707106781187,1.021115268026E-32)
  );
#2386 = ORIENTED_EDGE('',*,*,#2387,.T.);
#2387 = EDGE_CURVE('',#2379,#2388,#2390,.T.);
#2388 = VERTEX_POINT('',#2389);
#2389 = CARTESIAN_POINT('',(201.02127579125,2.820814733049,
    2.820814733049));
#2390 = ELLIPSE('',#2391,4.242640687119,3.);
#2391 = AXIS2_PLACEMENT_3D('',#2392,#2393,#2394);
#2392 = CARTESIAN_POINT('',(200.,0.,0.));
#2393 = DIRECTION('',(0.,0.707106781187,-0.707106781187));
#2394 = DIRECTION('',(0.,-0.707106781187,-0.707106781187));
#2395 = ORIENTED_EDGE('',*,*,#2396,.F.);
#2396 = EDGE_CURVE('',#2397,#2388,#2399,.T.);
#2397 = VERTEX_POINT('',#2398);
#2398 = CARTESIAN_POINT('',(201.92055319899,3.,2.304663838792));
#2399 = ELLIPSE('',#2400,4.242640687119,3.);
#2400 = AXIS2_PLACEMENT_3D('',#2401,#2402,#2403);
#2401 = CARTESIAN_POINT('',(200.,0.,0.));
#2402 = DIRECTION('',(0.452678730213,-0.707106781187,0.543214476255));
#2403 = DIRECTION('',(0.452678730213,0.707106781187,0.543214476255));
#2404 = ORIENTED_EDGE('',*,*,#2405,.F.);
#2405 = EDGE_CURVE('',#2406,#2397,#2408,.T.);
#2406 = VERTEX_POINT('',#2407);
#2407 = CARTESIAN_POINT('',(202.71676826367,2.716768263671,
    1.272466188749));
#2408 = ELLIPSE('',#2409,4.242640687119,3.);
#2409 = AXIS2_PLACEMENT_3D('',#2410,#2411,#2412);
#2410 = CARTESIAN_POINT('',(200.,0.,0.));
#2411 = DIRECTION('',(0.452678730213,-0.707106781187,0.543214476255));
#2412 = DIRECTION('',(0.452678730213,0.707106781187,0.543214476255));
#2413 = ORIENTED_EDGE('',*,*,#2414,.F.);
#2414 = EDGE_CURVE('',#2332,#2406,#2415,.T.);
#2415 = ELLIPSE('',#2416,4.242640687119,3.);
#2416 = AXIS2_PLACEMENT_3D('',#2417,#2418,#2419);
#2417 = CARTESIAN_POINT('',(200.,0.,0.));
#2418 = DIRECTION('',(0.707106781187,-0.707106781187,0.));
#2419 = DIRECTION('',(0.707106781187,0.707106781187,3.140184917368E-16)
  );
#2420 = ORIENTED_EDGE('',*,*,#2331,.T.);
#2421 = ORIENTED_EDGE('',*,*,#2363,.T.);
#2422 = ORIENTED_EDGE('',*,*,#2423,.F.);
#2423 = EDGE_CURVE('',#2424,#2355,#2426,.T.);
#2424 = VERTEX_POINT('',#2425);
#2425 = CARTESIAN_POINT('',(202.71676826367,77.283231736329,
    1.272466188749));
#2426 = ELLIPSE('',#2427,4.242640687119,3.);
#2427 = AXIS2_PLACEMENT_3D('',#2428,#2429,#2430);
#2428 = CARTESIAN_POINT('',(200.,80.,0.));
#2429 = DIRECTION('',(0.707106781187,0.707106781187,3.140184917368E-16)
  );
#2430 = DIRECTION('',(0.707106781187,-0.707106781187,1.021115268026E-32)
  );
#2431 = ORIENTED_EDGE('',*,*,#2432,.F.);
#2432 = EDGE_CURVE('',#2433,#2424,#2435,.T.);
#2433 = VERTEX_POINT('',#2434);
#2434 = CARTESIAN_POINT('',(201.92055319899,77.,2.304663838792));
#2435 = ELLIPSE('',#2436,4.242640687119,3.);
#2436 = AXIS2_PLACEMENT_3D('',#2437,#2438,#2439);
#2437 = CARTESIAN_POINT('',(200.,80.,0.));
#2438 = DIRECTION('',(0.452678730213,0.707106781187,0.543214476255));
#2439 = DIRECTION('',(0.452678730213,-0.707106781187,0.543214476255));
#2440 = ORIENTED_EDGE('',*,*,#2441,.F.);
#2441 = EDGE_CURVE('',#2442,#2433,#2444,.T.);
#2442 = VERTEX_POINT('',#2443);
#2443 = CARTESIAN_POINT('',(201.02127579125,77.179185266951,
    2.820814733049));
#2444 = ELLIPSE('',#2445,4.242640687119,3.);
#2445 = AXIS2_PLACEMENT_3D('',#2446,#2447,#2448);
#2446 = CARTESIAN_POINT('',(200.,80.,0.));
#2447 = DIRECTION('',(0.452678730213,0.707106781187,0.543214476255));
#2448 = DIRECTION('',(0.452678730213,-0.707106781187,0.543214476255));
#2449 = ORIENTED_EDGE('',*,*,#2450,.T.);
#2450 = EDGE_CURVE('',#2442,#1786,#2451,.T.);
#2451 = ELLIPSE('',#2452,4.242640687119,3.);
#2452 = AXIS2_PLACEMENT_3D('',#2453,#2454,#2455);
#2453 = CARTESIAN_POINT('',(200.,80.,0.));
#2454 = DIRECTION('',(0.,-0.707106781187,-0.707106781187));
#2455 = DIRECTION('',(0.,0.707106781187,-0.707106781187));
#2456 = CYLINDRICAL_SURFACE('',#2457,3.);
#2457 = AXIS2_PLACEMENT_3D('',#2458,#2459,#2460);
#2458 = CARTESIAN_POINT('',(200.,0.,0.));
#2459 = DIRECTION('',(0.,1.,2.22044604925E-16));
#2460 = DIRECTION('',(1.,0.,-0.));
#2461 = ADVANCED_FACE('',(#2462),#2473,.T.);
#2462 = FACE_BOUND('',#2463,.T.);
#2463 = EDGE_LOOP('',(#2464,#2465,#2466,#2467));
#2464 = ORIENTED_EDGE('',*,*,#2370,.T.);
#2465 = ORIENTED_EDGE('',*,*,#1208,.F.);
#2466 = ORIENTED_EDGE('',*,*,#1865,.F.);
#2467 = ORIENTED_EDGE('',*,*,#2468,.T.);
#2468 = EDGE_CURVE('',#1857,#2371,#2469,.T.);
#2469 = LINE('',#2470,#2471);
#2470 = CARTESIAN_POINT('',(150.,3.,0.));
#2471 = VECTOR('',#2472,1.);
#2472 = DIRECTION('',(1.,0.,2.22044604925E-16));
#2473 = PLANE('',#2474);
#2474 = AXIS2_PLACEMENT_3D('',#2475,#2476,#2477);
#2475 = CARTESIAN_POINT('',(0.,-40.,0.));
#2476 = DIRECTION('',(0.,0.,1.));
#2477 = DIRECTION('',(1.,0.,0.));
#2478 = ADVANCED_FACE('',(#2479),#2510,.T.);
#2479 = FACE_BOUND('',#2480,.T.);
#2480 = EDGE_LOOP('',(#2481,#2490,#2491,#2492,#2499,#2505,#2506,#2507,
    #2508,#2509));
#2481 = ORIENTED_EDGE('',*,*,#2482,.F.);
#2482 = EDGE_CURVE('',#1795,#2483,#2485,.T.);
#2483 = VERTEX_POINT('',#2484);
#2484 = CARTESIAN_POINT('',(203.,80.,8.286149805546));
#2485 = ELLIPSE('',#2486,8.812506941837,3.);
#2486 = AXIS2_PLACEMENT_3D('',#2487,#2488,#2489);
#2487 = CARTESIAN_POINT('',(200.,80.,7.105427357601E-15));
#2488 = DIRECTION('',(0.940271577683,0.,-0.340425263753));
#2489 = DIRECTION('',(-0.340425263753,0.,-0.940271577683));
#2490 = ORIENTED_EDGE('',*,*,#1794,.T.);
#2491 = ORIENTED_EDGE('',*,*,#2450,.F.);
#2492 = ORIENTED_EDGE('',*,*,#2493,.F.);
#2493 = EDGE_CURVE('',#2483,#2442,#2494,.T.);
#2494 = ELLIPSE('',#2495,8.812506941837,3.);
#2495 = AXIS2_PLACEMENT_3D('',#2496,#2497,#2498);
#2496 = CARTESIAN_POINT('',(200.,80.,7.105427357601E-15));
#2497 = DIRECTION('',(0.940271577683,0.,-0.340425263753));
#2498 = DIRECTION('',(-0.340425263753,0.,-0.940271577683));
#2499 = ORIENTED_EDGE('',*,*,#2500,.F.);
#2500 = EDGE_CURVE('',#1436,#2483,#2501,.T.);
#2501 = LINE('',#2502,#2503);
#2502 = CARTESIAN_POINT('',(203.,80.,60.));
#2503 = VECTOR('',#2504,1.);
#2504 = DIRECTION('',(0.,0.,-1.));
#2505 = ORIENTED_EDGE('',*,*,#1451,.F.);
#2506 = ORIENTED_EDGE('',*,*,#1346,.T.);
#2507 = ORIENTED_EDGE('',*,*,#1357,.T.);
#2508 = ORIENTED_EDGE('',*,*,#1443,.F.);
#2509 = ORIENTED_EDGE('',*,*,#2500,.T.);
#2510 = CYLINDRICAL_SURFACE('',#2511,3.);
#2511 = AXIS2_PLACEMENT_3D('',#2512,#2513,#2514);
#2512 = CARTESIAN_POINT('',(200.,80.,60.));
#2513 = DIRECTION('',(0.,0.,-1.));
#2514 = DIRECTION('',(1.,0.,0.));
#2515 = ADVANCED_FACE('',(#2516),#2525,.T.);
#2516 = FACE_BOUND('',#2517,.T.);
#2517 = EDGE_LOOP('',(#2518,#2524));
#2518 = ORIENTED_EDGE('',*,*,#2519,.F.);
#2519 = EDGE_CURVE('',#1416,#1418,#2520,.T.);
#2520 = LINE('',#2521,#2522);
#2521 = CARTESIAN_POINT('',(250.,80.,60.));
#2522 = VECTOR('',#2523,1.);
#2523 = DIRECTION('',(0.,-1.,0.));
#2524 = ORIENTED_EDGE('',*,*,#1415,.T.);
#2525 = PLANE('',#2526);
#2526 = AXIS2_PLACEMENT_3D('',#2527,#2528,#2529);
#2527 = CARTESIAN_POINT('',(250.,80.,60.));
#2528 = DIRECTION('',(1.,0.,2.22044604925E-16));
#2529 = DIRECTION('',(2.22044604925E-16,0.,-1.));
#2530 = ADVANCED_FACE('',(#2531),#2578,.T.);
#2531 = FACE_BOUND('',#2532,.T.);
#2532 = EDGE_LOOP('',(#2533,#2542,#2543,#2544,#2551,#2559,#2566,#2567,
    #2568,#2569,#2570,#2577));
#2533 = ORIENTED_EDGE('',*,*,#2534,.F.);
#2534 = EDGE_CURVE('',#1418,#2535,#2537,.T.);
#2535 = VERTEX_POINT('',#2536);
#2536 = CARTESIAN_POINT('',(246.99999999999,80.,51.713850194455));
#2537 = ELLIPSE('',#2538,8.812506941837,3.);
#2538 = AXIS2_PLACEMENT_3D('',#2539,#2540,#2541);
#2539 = CARTESIAN_POINT('',(250.,80.,60.));
#2540 = DIRECTION('',(0.940271577683,0.,-0.340425263753));
#2541 = DIRECTION('',(0.340425263753,0.,0.940271577683));
#2542 = ORIENTED_EDGE('',*,*,#1459,.T.);
#2543 = ORIENTED_EDGE('',*,*,#1426,.T.);
#2544 = ORIENTED_EDGE('',*,*,#2545,.F.);
#2545 = EDGE_CURVE('',#2535,#1416,#2546,.T.);
#2546 = ELLIPSE('',#2547,8.812506941837,3.);
#2547 = AXIS2_PLACEMENT_3D('',#2548,#2549,#2550);
#2548 = CARTESIAN_POINT('',(250.,80.,60.));
#2549 = DIRECTION('',(0.940271577683,0.,-0.340425263753));
#2550 = DIRECTION('',(0.340425263753,0.,0.940271577683));
#2551 = ORIENTED_EDGE('',*,*,#2552,.F.);
#2552 = EDGE_CURVE('',#2553,#2535,#2555,.T.);
#2553 = VERTEX_POINT('',#2554);
#2554 = CARTESIAN_POINT('',(206.40512483795,80.,3.));
#2555 = LINE('',#2556,#2557);
#2556 = CARTESIAN_POINT('',(202.30466383879,80.,-1.920553198993));
#2557 = VECTOR('',#2558,1.);
#2558 = DIRECTION('',(0.640184399664,0.,0.768221279597));
#2559 = ORIENTED_EDGE('',*,*,#2560,.F.);
#2560 = EDGE_CURVE('',#1795,#2553,#2561,.T.);
#2561 = ELLIPSE('',#2562,7.072879483617,3.);
#2562 = AXIS2_PLACEMENT_3D('',#2563,#2564,#2565);
#2563 = CARTESIAN_POINT('',(200.,80.,0.));
#2564 = DIRECTION('',(0.42415539625,0.,-0.905589421224));
#2565 = DIRECTION('',(0.905589421224,0.,0.42415539625));
#2566 = ORIENTED_EDGE('',*,*,#2482,.T.);
#2567 = ORIENTED_EDGE('',*,*,#2493,.T.);
#2568 = ORIENTED_EDGE('',*,*,#2441,.T.);
#2569 = ORIENTED_EDGE('',*,*,#2432,.T.);
#2570 = ORIENTED_EDGE('',*,*,#2571,.F.);
#2571 = EDGE_CURVE('',#2553,#2424,#2572,.T.);
#2572 = ELLIPSE('',#2573,7.072879483617,3.);
#2573 = AXIS2_PLACEMENT_3D('',#2574,#2575,#2576);
#2574 = CARTESIAN_POINT('',(200.,80.,0.));
#2575 = DIRECTION('',(0.42415539625,0.,-0.905589421224));
#2576 = DIRECTION('',(0.905589421224,0.,0.42415539625));
#2577 = ORIENTED_EDGE('',*,*,#2552,.T.);
#2578 = CYLINDRICAL_SURFACE('',#2579,3.);
#2579 = AXIS2_PLACEMENT_3D('',#2580,#2581,#2582);
#2580 = CARTESIAN_POINT('',(200.,80.,0.));
#2581 = DIRECTION('',(0.640184399664,0.,0.768221279597));
#2582 = DIRECTION('',(0.768221279597,0.,-0.640184399664));
#2583 = ADVANCED_FACE('',(#2584),#2589,.T.);
#2584 = FACE_BOUND('',#2585,.T.);
#2585 = EDGE_LOOP('',(#2586,#2587,#2588));
#2586 = ORIENTED_EDGE('',*,*,#1559,.F.);
#2587 = ORIENTED_EDGE('',*,*,#1474,.T.);
#2588 = ORIENTED_EDGE('',*,*,#1545,.F.);
#2589 = PLANE('',#2590);
#2590 = AXIS2_PLACEMENT_3D('',#2591,#2592,#2593);
#2591 = CARTESIAN_POINT('',(0.,80.,1.7763568394E-14));
#2592 = DIRECTION('',(0.,1.,2.22044604925E-16));
#2593 = DIRECTION('',(1.,0.,-0.));
#2594 = ADVANCED_FACE('',(#2595),#2612,.F.);
#2595 = FACE_BOUND('',#2596,.F.);
#2596 = EDGE_LOOP('',(#2597,#2605,#2606));
#2597 = ORIENTED_EDGE('',*,*,#2598,.F.);
#2598 = EDGE_CURVE('',#1490,#2599,#2601,.T.);
#2599 = VERTEX_POINT('',#2600);
#2600 = CARTESIAN_POINT('',(0.,0.,0.));
#2601 = LINE('',#2602,#2603);
#2602 = CARTESIAN_POINT('',(0.,0.,0.));
#2603 = VECTOR('',#2604,1.);
#2604 = DIRECTION('',(-2.22044604925E-16,-2.22044604925E-16,1.));
#2605 = ORIENTED_EDGE('',*,*,#1497,.T.);
#2606 = ORIENTED_EDGE('',*,*,#2607,.F.);
#2607 = EDGE_CURVE('',#2599,#1498,#2608,.T.);
#2608 = LINE('',#2609,#2610);
#2609 = CARTESIAN_POINT('',(0.,0.,0.));
#2610 = VECTOR('',#2611,1.);
#2611 = DIRECTION('',(-0.768221279597,-1.421494921027E-16,0.640184399664
    ));
#2612 = PLANE('',#2613);
#2613 = AXIS2_PLACEMENT_3D('',#2614,#2615,#2616);
#2614 = CARTESIAN_POINT('',(0.,0.,0.));
#2615 = DIRECTION('',(0.,1.,2.22044604925E-16));
#2616 = DIRECTION('',(1.,0.,-0.));
#2617 = ADVANCED_FACE('',(#2618),#2663,.T.);
#2618 = FACE_BOUND('',#2619,.T.);
#2619 = EDGE_LOOP('',(#2620,#2629,#2630,#2631,#2638,#2646,#2653,#2654,
    #2655,#2662));
#2620 = ORIENTED_EDGE('',*,*,#2621,.F.);
#2621 = EDGE_CURVE('',#1830,#2622,#2624,.T.);
#2622 = VERTEX_POINT('',#2623);
#2623 = CARTESIAN_POINT('',(153.,7.347880794884E-16,8.286149805546));
#2624 = ELLIPSE('',#2625,8.812506941837,3.);
#2625 = AXIS2_PLACEMENT_3D('',#2626,#2627,#2628);
#2626 = CARTESIAN_POINT('',(150.,0.,7.105427357601E-15));
#2627 = DIRECTION('',(0.940271577683,0.,-0.340425263753));
#2628 = DIRECTION('',(-0.340425263753,0.,-0.940271577683));
#2629 = ORIENTED_EDGE('',*,*,#1829,.F.);
#2630 = ORIENTED_EDGE('',*,*,#1625,.T.);
#2631 = ORIENTED_EDGE('',*,*,#2632,.F.);
#2632 = EDGE_CURVE('',#2622,#1618,#2633,.T.);
#2633 = ELLIPSE('',#2634,8.812506941837,3.);
#2634 = AXIS2_PLACEMENT_3D('',#2635,#2636,#2637);
#2635 = CARTESIAN_POINT('',(150.,0.,7.105427357601E-15));
#2636 = DIRECTION('',(0.940271577683,0.,-0.340425263753));
#2637 = DIRECTION('',(-0.340425263753,0.,-0.940271577683));
#2638 = ORIENTED_EDGE('',*,*,#2639,.F.);
#2639 = EDGE_CURVE('',#2640,#2622,#2642,.T.);
#2640 = VERTEX_POINT('',#2641);
#2641 = CARTESIAN_POINT('',(153.,0.,57.));
#2642 = LINE('',#2643,#2644);
#2643 = CARTESIAN_POINT('',(153.,7.347880794884E-16,60.));
#2644 = VECTOR('',#2645,1.);
#2645 = DIRECTION('',(0.,0.,-1.));
#2646 = ORIENTED_EDGE('',*,*,#2647,.F.);
#2647 = EDGE_CURVE('',#1650,#2640,#2648,.T.);
#2648 = ELLIPSE('',#2649,4.242640687119,3.);
#2649 = AXIS2_PLACEMENT_3D('',#2650,#2651,#2652);
#2650 = CARTESIAN_POINT('',(150.,0.,60.));
#2651 = DIRECTION('',(0.707106781187,0.,0.707106781187));
#2652 = DIRECTION('',(0.707106781187,0.,-0.707106781187));
#2653 = ORIENTED_EDGE('',*,*,#1649,.T.);
#2654 = ORIENTED_EDGE('',*,*,#1678,.T.);
#2655 = ORIENTED_EDGE('',*,*,#2656,.F.);
#2656 = EDGE_CURVE('',#2640,#1670,#2657,.T.);
#2657 = ELLIPSE('',#2658,4.242640687119,3.);
#2658 = AXIS2_PLACEMENT_3D('',#2659,#2660,#2661);
#2659 = CARTESIAN_POINT('',(150.,0.,60.));
#2660 = DIRECTION('',(0.707106781187,0.,0.707106781187));
#2661 = DIRECTION('',(0.707106781187,0.,-0.707106781187));
#2662 = ORIENTED_EDGE('',*,*,#2639,.T.);
#2663 = CYLINDRICAL_SURFACE('',#2664,3.);
#2664 = AXIS2_PLACEMENT_3D('',#2665,#2666,#2667);
#2665 = CARTESIAN_POINT('',(150.,0.,60.));
#2666 = DIRECTION('',(0.,0.,-1.));
#2667 = DIRECTION('',(1.,0.,0.));
#2668 = ADVANCED_FACE('',(#2669),#2690,.T.);
#2669 = FACE_BOUND('',#2670,.T.);
#2670 = EDGE_LOOP('',(#2671,#2672,#2673,#2674,#2680,#2681,#2688,#2689));
#2671 = ORIENTED_EDGE('',*,*,#1741,.T.);
#2672 = ORIENTED_EDGE('',*,*,#1958,.T.);
#2673 = ORIENTED_EDGE('',*,*,#1732,.T.);
#2674 = ORIENTED_EDGE('',*,*,#2675,.T.);
#2675 = EDGE_CURVE('',#1725,#1661,#2676,.T.);
#2676 = LINE('',#2677,#2678);
#2677 = CARTESIAN_POINT('',(100.,-7.347880794884E-16,57.));
#2678 = VECTOR('',#2679,1.);
#2679 = DIRECTION('',(1.,0.,2.22044604925E-16));
#2680 = ORIENTED_EDGE('',*,*,#1660,.F.);
#2681 = ORIENTED_EDGE('',*,*,#2682,.F.);
#2682 = EDGE_CURVE('',#1670,#1650,#2683,.T.);
#2683 = CIRCLE('',#2684,3.);
#2684 = AXIS2_PLACEMENT_3D('',#2685,#2686,#2687);
#2685 = CARTESIAN_POINT('',(150.,0.,60.));
#2686 = DIRECTION('',(1.,-0.,2.22044604925E-16));
#2687 = DIRECTION('',(2.22044604925E-16,0.,-1.));
#2688 = ORIENTED_EDGE('',*,*,#1669,.F.);
#2689 = ORIENTED_EDGE('',*,*,#2675,.F.);
#2690 = CYLINDRICAL_SURFACE('',#2691,3.);
#2691 = AXIS2_PLACEMENT_3D('',#2692,#2693,#2694);
#2692 = CARTESIAN_POINT('',(100.,0.,60.));
#2693 = DIRECTION('',(1.,0.,2.22044604925E-16));
#2694 = DIRECTION('',(2.22044604925E-16,0.,-1.));
#2695 = ADVANCED_FACE('',(#2696),#2727,.T.);
#2696 = FACE_BOUND('',#2697,.T.);
#2697 = EDGE_LOOP('',(#2698,#2699,#2700,#2701,#2702,#2703,#2709,#2710,
    #2719,#2726));
#2698 = ORIENTED_EDGE('',*,*,#1803,.T.);
#2699 = ORIENTED_EDGE('',*,*,#2560,.T.);
#2700 = ORIENTED_EDGE('',*,*,#2571,.T.);
#2701 = ORIENTED_EDGE('',*,*,#2423,.T.);
#2702 = ORIENTED_EDGE('',*,*,#2354,.T.);
#2703 = ORIENTED_EDGE('',*,*,#2704,.T.);
#2704 = EDGE_CURVE('',#1758,#2246,#2705,.T.);
#2705 = LINE('',#2706,#2707);
#2706 = CARTESIAN_POINT('',(200.,80.,-3.));
#2707 = VECTOR('',#2708,1.);
#2708 = DIRECTION('',(1.,0.,2.22044604925E-16));
#2709 = ORIENTED_EDGE('',*,*,#2243,.F.);
#2710 = ORIENTED_EDGE('',*,*,#2711,.F.);
#2711 = EDGE_CURVE('',#2712,#2244,#2714,.T.);
#2712 = VERTEX_POINT('',#2713);
#2713 = CARTESIAN_POINT('',(250.,83.,-1.111141509725E-13));
#2714 = ELLIPSE('',#2715,4.242640687119,3.);
#2715 = AXIS2_PLACEMENT_3D('',#2716,#2717,#2718);
#2716 = CARTESIAN_POINT('',(250.,80.,0.));
#2717 = DIRECTION('',(0.707106781187,0.,0.707106781187));
#2718 = DIRECTION('',(0.707106781187,0.,-0.707106781187));
#2719 = ORIENTED_EDGE('',*,*,#2720,.F.);
#2720 = EDGE_CURVE('',#2246,#2712,#2721,.T.);
#2721 = CIRCLE('',#2722,3.);
#2722 = AXIS2_PLACEMENT_3D('',#2723,#2724,#2725);
#2723 = CARTESIAN_POINT('',(250.,80.,1.110223024625E-14));
#2724 = DIRECTION('',(1.,-0.,2.22044604925E-16));
#2725 = DIRECTION('',(2.22044604925E-16,0.,-1.));
#2726 = ORIENTED_EDGE('',*,*,#2704,.F.);
#2727 = CYLINDRICAL_SURFACE('',#2728,3.);
#2728 = AXIS2_PLACEMENT_3D('',#2729,#2730,#2731);
#2729 = CARTESIAN_POINT('',(200.,80.,0.));
#2730 = DIRECTION('',(1.,0.,2.22044604925E-16));
#2731 = DIRECTION('',(2.22044604925E-16,0.,-1.));
#2732 = ADVANCED_FACE('',(#2733),#2762,.T.);
#2733 = FACE_BOUND('',#2734,.T.);
#2734 = EDGE_LOOP('',(#2735,#2736,#2737,#2746,#2753,#2754,#2761));
#2735 = ORIENTED_EDGE('',*,*,#2468,.F.);
#2736 = ORIENTED_EDGE('',*,*,#1856,.T.);
#2737 = ORIENTED_EDGE('',*,*,#2738,.T.);
#2738 = EDGE_CURVE('',#1848,#2739,#2741,.T.);
#2739 = VERTEX_POINT('',#2740);
#2740 = CARTESIAN_POINT('',(156.40512483795,-7.347880794884E-16,3.));
#2741 = ELLIPSE('',#2742,7.072879483617,3.);
#2742 = AXIS2_PLACEMENT_3D('',#2743,#2744,#2745);
#2743 = CARTESIAN_POINT('',(150.,0.,0.));
#2744 = DIRECTION('',(0.42415539625,0.,-0.905589421224));
#2745 = DIRECTION('',(0.905589421224,0.,0.42415539625));
#2746 = ORIENTED_EDGE('',*,*,#2747,.T.);
#2747 = EDGE_CURVE('',#2739,#1618,#2748,.T.);
#2748 = ELLIPSE('',#2749,7.072879483617,3.);
#2749 = AXIS2_PLACEMENT_3D('',#2750,#2751,#2752);
#2750 = CARTESIAN_POINT('',(150.,0.,0.));
#2751 = DIRECTION('',(0.42415539625,0.,-0.905589421224));
#2752 = DIRECTION('',(0.905589421224,0.,0.42415539625));
#2753 = ORIENTED_EDGE('',*,*,#1924,.T.);
#2754 = ORIENTED_EDGE('',*,*,#2755,.F.);
#2755 = EDGE_CURVE('',#2379,#1917,#2756,.T.);
#2756 = ELLIPSE('',#2757,4.242640687119,3.);
#2757 = AXIS2_PLACEMENT_3D('',#2758,#2759,#2760);
#2758 = CARTESIAN_POINT('',(200.,0.,0.));
#2759 = DIRECTION('',(0.707106781187,0.,0.707106781187));
#2760 = DIRECTION('',(0.707106781187,0.,-0.707106781187));
#2761 = ORIENTED_EDGE('',*,*,#2378,.F.);
#2762 = CYLINDRICAL_SURFACE('',#2763,3.);
#2763 = AXIS2_PLACEMENT_3D('',#2764,#2765,#2766);
#2764 = CARTESIAN_POINT('',(150.,0.,0.));
#2765 = DIRECTION('',(1.,0.,2.22044604925E-16));
#2766 = DIRECTION('',(2.22044604925E-16,0.,-1.));
#2767 = ADVANCED_FACE('',(#2768),#2819,.T.);
#2768 = FACE_BOUND('',#2769,.T.);
#2769 = EDGE_LOOP('',(#2770,#2781,#2790,#2799,#2806,#2812,#2813,#2814,
    #2815,#2816,#2817,#2818));
#2770 = ORIENTED_EDGE('',*,*,#2771,.F.);
#2771 = EDGE_CURVE('',#2772,#2774,#2776,.T.);
#2772 = VERTEX_POINT('',#2773);
#2773 = CARTESIAN_POINT('',(200.,-3.,60.));
#2774 = VERTEX_POINT('',#2775);
#2775 = CARTESIAN_POINT('',(197.,-7.347880794884E-16,51.713850194456));
#2776 = ELLIPSE('',#2777,8.812506941837,3.);
#2777 = AXIS2_PLACEMENT_3D('',#2778,#2779,#2780);
#2778 = CARTESIAN_POINT('',(200.,0.,60.));
#2779 = DIRECTION('',(0.940271577683,0.,-0.340425263753));
#2780 = DIRECTION('',(0.340425263753,0.,0.940271577683));
#2781 = ORIENTED_EDGE('',*,*,#2782,.T.);
#2782 = EDGE_CURVE('',#2772,#2783,#2785,.T.);
#2783 = VERTEX_POINT('',#2784);
#2784 = CARTESIAN_POINT('',(193.59487516204,-7.347880794884E-16,57.));
#2785 = ELLIPSE('',#2786,7.072879483617,3.);
#2786 = AXIS2_PLACEMENT_3D('',#2787,#2788,#2789);
#2787 = CARTESIAN_POINT('',(200.,0.,60.));
#2788 = DIRECTION('',(0.42415539625,0.,-0.905589421224));
#2789 = DIRECTION('',(0.905589421224,0.,0.42415539625));
#2790 = ORIENTED_EDGE('',*,*,#2791,.T.);
#2791 = EDGE_CURVE('',#2783,#2792,#2794,.T.);
#2792 = VERTEX_POINT('',#2793);
#2793 = CARTESIAN_POINT('',(200.,3.,60.));
#2794 = ELLIPSE('',#2795,7.072879483617,3.);
#2795 = AXIS2_PLACEMENT_3D('',#2796,#2797,#2798);
#2796 = CARTESIAN_POINT('',(200.,0.,60.));
#2797 = DIRECTION('',(0.42415539625,0.,-0.905589421224));
#2798 = DIRECTION('',(0.905589421224,0.,0.42415539625));
#2799 = ORIENTED_EDGE('',*,*,#2800,.F.);
#2800 = EDGE_CURVE('',#2774,#2792,#2801,.T.);
#2801 = ELLIPSE('',#2802,8.812506941837,3.);
#2802 = AXIS2_PLACEMENT_3D('',#2803,#2804,#2805);
#2803 = CARTESIAN_POINT('',(200.,0.,60.));
#2804 = DIRECTION('',(0.940271577683,0.,-0.340425263753));
#2805 = DIRECTION('',(0.340425263753,0.,0.940271577683));
#2806 = ORIENTED_EDGE('',*,*,#2807,.F.);
#2807 = EDGE_CURVE('',#2739,#2774,#2808,.T.);
#2808 = LINE('',#2809,#2810);
#2809 = CARTESIAN_POINT('',(152.30466383879,-7.347880794884E-16,
    -1.920553198993));
#2810 = VECTOR('',#2811,1.);
#2811 = DIRECTION('',(0.640184399664,0.,0.768221279597));
#2812 = ORIENTED_EDGE('',*,*,#2738,.F.);
#2813 = ORIENTED_EDGE('',*,*,#1847,.T.);
#2814 = ORIENTED_EDGE('',*,*,#1838,.T.);
#2815 = ORIENTED_EDGE('',*,*,#2621,.T.);
#2816 = ORIENTED_EDGE('',*,*,#2632,.T.);
#2817 = ORIENTED_EDGE('',*,*,#2747,.F.);
#2818 = ORIENTED_EDGE('',*,*,#2807,.T.);
#2819 = CYLINDRICAL_SURFACE('',#2820,3.);
#2820 = AXIS2_PLACEMENT_3D('',#2821,#2822,#2823);
#2821 = CARTESIAN_POINT('',(150.,0.,0.));
#2822 = DIRECTION('',(0.640184399664,0.,0.768221279597));
#2823 = DIRECTION('',(0.768221279597,0.,-0.640184399664));
#2824 = ADVANCED_FACE('',(#2825),#2854,.T.);
#2825 = FACE_BOUND('',#2826,.T.);
#2826 = EDGE_LOOP('',(#2827,#2828,#2829,#2838,#2845,#2846,#2853));
#2827 = ORIENTED_EDGE('',*,*,#2339,.F.);
#2828 = ORIENTED_EDGE('',*,*,#2414,.T.);
#2829 = ORIENTED_EDGE('',*,*,#2830,.T.);
#2830 = EDGE_CURVE('',#2406,#2831,#2833,.T.);
#2831 = VERTEX_POINT('',#2832);
#2832 = CARTESIAN_POINT('',(206.40512483795,-7.347880794884E-16,3.));
#2833 = ELLIPSE('',#2834,7.072879483617,3.);
#2834 = AXIS2_PLACEMENT_3D('',#2835,#2836,#2837);
#2835 = CARTESIAN_POINT('',(200.,0.,0.));
#2836 = DIRECTION('',(0.42415539625,0.,-0.905589421224));
#2837 = DIRECTION('',(0.905589421224,0.,0.42415539625));
#2838 = ORIENTED_EDGE('',*,*,#2839,.T.);
#2839 = EDGE_CURVE('',#2831,#1917,#2840,.T.);
#2840 = ELLIPSE('',#2841,7.072879483617,3.);
#2841 = AXIS2_PLACEMENT_3D('',#2842,#2843,#2844);
#2842 = CARTESIAN_POINT('',(200.,0.,0.));
#2843 = DIRECTION('',(0.42415539625,0.,-0.905589421224));
#2844 = DIRECTION('',(0.905589421224,0.,0.42415539625));
#2845 = ORIENTED_EDGE('',*,*,#1916,.T.);
#2846 = ORIENTED_EDGE('',*,*,#2847,.F.);
#2847 = EDGE_CURVE('',#2279,#1909,#2848,.T.);
#2848 = ELLIPSE('',#2849,4.242640687119,3.);
#2849 = AXIS2_PLACEMENT_3D('',#2850,#2851,#2852);
#2850 = CARTESIAN_POINT('',(250.,0.,0.));
#2851 = DIRECTION('',(0.707106781187,0.,0.707106781187));
#2852 = DIRECTION('',(0.707106781187,0.,-0.707106781187));
#2853 = ORIENTED_EDGE('',*,*,#2278,.F.);
#2854 = CYLINDRICAL_SURFACE('',#2855,3.);
#2855 = AXIS2_PLACEMENT_3D('',#2856,#2857,#2858);
#2856 = CARTESIAN_POINT('',(200.,0.,0.));
#2857 = DIRECTION('',(1.,0.,2.22044604925E-16));
#2858 = DIRECTION('',(2.22044604925E-16,0.,-1.));
#2859 = ADVANCED_FACE('',(#2860),#2889,.T.);
#2860 = FACE_BOUND('',#2861,.T.);
#2861 = EDGE_LOOP('',(#2862,#2863,#2872,#2879,#2880,#2887,#2888));
#2862 = ORIENTED_EDGE('',*,*,#2296,.T.);
#2863 = ORIENTED_EDGE('',*,*,#2864,.T.);
#2864 = EDGE_CURVE('',#2288,#2865,#2867,.T.);
#2865 = VERTEX_POINT('',#2866);
#2866 = CARTESIAN_POINT('',(253.,7.347880794884E-16,3.));
#2867 = ELLIPSE('',#2868,4.242640687119,3.);
#2868 = AXIS2_PLACEMENT_3D('',#2869,#2870,#2871);
#2869 = CARTESIAN_POINT('',(250.,0.,0.));
#2870 = DIRECTION('',(0.707106781187,0.,-0.707106781187));
#2871 = DIRECTION('',(0.707106781187,0.,0.707106781187));
#2872 = ORIENTED_EDGE('',*,*,#2873,.T.);
#2873 = EDGE_CURVE('',#2865,#1909,#2874,.T.);
#2874 = ELLIPSE('',#2875,4.242640687119,3.);
#2875 = AXIS2_PLACEMENT_3D('',#2876,#2877,#2878);
#2876 = CARTESIAN_POINT('',(250.,0.,0.));
#2877 = DIRECTION('',(0.707106781187,0.,-0.707106781187));
#2878 = DIRECTION('',(0.707106781187,0.,0.707106781187));
#2879 = ORIENTED_EDGE('',*,*,#1908,.T.);
#2880 = ORIENTED_EDGE('',*,*,#2881,.F.);
#2881 = EDGE_CURVE('',#2178,#1901,#2882,.T.);
#2882 = ELLIPSE('',#2883,7.072879483617,3.);
#2883 = AXIS2_PLACEMENT_3D('',#2884,#2885,#2886);
#2884 = CARTESIAN_POINT('',(300.,0.,0.));
#2885 = DIRECTION('',(0.42415539625,0.,0.905589421224));
#2886 = DIRECTION('',(0.905589421224,0.,-0.42415539625));
#2887 = ORIENTED_EDGE('',*,*,#2177,.F.);
#2888 = ORIENTED_EDGE('',*,*,#2228,.F.);
#2889 = CYLINDRICAL_SURFACE('',#2890,3.);
#2890 = AXIS2_PLACEMENT_3D('',#2891,#2892,#2893);
#2891 = CARTESIAN_POINT('',(250.,0.,0.));
#2892 = DIRECTION('',(1.,0.,2.22044604925E-16));
#2893 = DIRECTION('',(2.22044604925E-16,0.,-1.));
#2894 = ADVANCED_FACE('',(#2895),#2901,.F.);
#2895 = FACE_BOUND('',#2896,.F.);
#2896 = EDGE_LOOP('',(#2897,#2898,#2899,#2900));
#2897 = ORIENTED_EDGE('',*,*,#2042,.F.);
#2898 = ORIENTED_EDGE('',*,*,#2010,.T.);
#2899 = ORIENTED_EDGE('',*,*,#1892,.T.);
#2900 = ORIENTED_EDGE('',*,*,#2066,.F.);
#2901 = PLANE('',#2902);
#2902 = AXIS2_PLACEMENT_3D('',#2903,#2904,#2905);
#2903 = CARTESIAN_POINT('',(0.,-40.,-5.));
#2904 = DIRECTION('',(0.,1.,0.));
#2905 = DIRECTION('',(0.,0.,1.));
#2906 = ADVANCED_FACE('',(#2907),#2916,.F.);
#2907 = FACE_BOUND('',#2908,.F.);
#2908 = EDGE_LOOP('',(#2909,#2915));
#2909 = ORIENTED_EDGE('',*,*,#2910,.F.);
#2910 = EDGE_CURVE('',#1091,#1073,#2911,.T.);
#2911 = LINE('',#2912,#2913);
#2912 = CARTESIAN_POINT('',(50.,0.,60.));
#2913 = VECTOR('',#2914,1.);
#2914 = DIRECTION('',(0.,-1.,0.));
#2915 = ORIENTED_EDGE('',*,*,#1948,.T.);
#2916 = PLANE('',#2917);
#2917 = AXIS2_PLACEMENT_3D('',#2918,#2919,#2920);
#2918 = CARTESIAN_POINT('',(50.,0.,60.));
#2919 = DIRECTION('',(1.,0.,2.22044604925E-16));
#2920 = DIRECTION('',(2.22044604925E-16,0.,-1.));
#2921 = ADVANCED_FACE('',(#2922),#2926,.T.);
#2922 = FACE_BOUND('',#2923,.T.);
#2923 = EDGE_LOOP('',(#2924,#2925));
#2924 = ORIENTED_EDGE('',*,*,#2910,.F.);
#2925 = ORIENTED_EDGE('',*,*,#1974,.T.);
#2926 = PLANE('',#2927);
#2927 = AXIS2_PLACEMENT_3D('',#2928,#2929,#2930);
#2928 = CARTESIAN_POINT('',(50.,0.,60.));
#2929 = DIRECTION('',(0.640184399664,0.,0.768221279597));
#2930 = DIRECTION('',(0.768221279597,0.,-0.640184399664));
#2931 = ADVANCED_FACE('',(#2932),#2942,.F.);
#2932 = FACE_BOUND('',#2933,.F.);
#2933 = EDGE_LOOP('',(#2934,#2940,#2941));
#2934 = ORIENTED_EDGE('',*,*,#2935,.F.);
#2935 = EDGE_CURVE('',#2599,#1142,#2936,.T.);
#2936 = LINE('',#2937,#2938);
#2937 = CARTESIAN_POINT('',(0.,0.,0.));
#2938 = VECTOR('',#2939,1.);
#2939 = DIRECTION('',(0.,-1.,0.));
#2940 = ORIENTED_EDGE('',*,*,#2607,.T.);
#2941 = ORIENTED_EDGE('',*,*,#1991,.T.);
#2942 = PLANE('',#2943);
#2943 = AXIS2_PLACEMENT_3D('',#2944,#2945,#2946);
#2944 = CARTESIAN_POINT('',(0.,0.,0.));
#2945 = DIRECTION('',(0.640184399664,0.,0.768221279597));
#2946 = DIRECTION('',(0.768221279597,0.,-0.640184399664));
#2947 = ADVANCED_FACE('',(#2948),#2953,.F.);
#2948 = FACE_BOUND('',#2949,.F.);
#2949 = EDGE_LOOP('',(#2950,#2951,#2952));
#2950 = ORIENTED_EDGE('',*,*,#2935,.T.);
#2951 = ORIENTED_EDGE('',*,*,#2026,.T.);
#2952 = ORIENTED_EDGE('',*,*,#2598,.T.);
#2953 = PLANE('',#2954);
#2954 = AXIS2_PLACEMENT_3D('',#2955,#2956,#2957);
#2955 = CARTESIAN_POINT('',(0.,0.,0.));
#2956 = DIRECTION('',(1.,0.,2.22044604925E-16));
#2957 = DIRECTION('',(2.22044604925E-16,0.,-1.));
#2958 = ADVANCED_FACE('',(#2959),#2976,.T.);
#2959 = FACE_BOUND('',#2960,.T.);
#2960 = EDGE_LOOP('',(#2961,#2969,#2970));
#2961 = ORIENTED_EDGE('',*,*,#2962,.T.);
#2962 = EDGE_CURVE('',#2963,#1901,#2965,.T.);
#2963 = VERTEX_POINT('',#2964);
#2964 = CARTESIAN_POINT('',(300.,0.,5.551115123126E-15));
#2965 = LINE('',#2966,#2967);
#2966 = CARTESIAN_POINT('',(300.,0.,5.551115123126E-15));
#2967 = VECTOR('',#2968,1.);
#2968 = DIRECTION('',(0.,-1.,0.));
#2969 = ORIENTED_EDGE('',*,*,#2082,.T.);
#2970 = ORIENTED_EDGE('',*,*,#2971,.T.);
#2971 = EDGE_CURVE('',#2075,#2963,#2972,.T.);
#2972 = LINE('',#2973,#2974);
#2973 = CARTESIAN_POINT('',(300.,-1.232595164408E-30,5.551115123126E-15)
  );
#2974 = VECTOR('',#2975,1.);
#2975 = DIRECTION('',(-2.22044604925E-16,-2.22044604925E-16,1.));
#2976 = PLANE('',#2977);
#2977 = AXIS2_PLACEMENT_3D('',#2978,#2979,#2980);
#2978 = CARTESIAN_POINT('',(300.,0.,1.110223024625E-14));
#2979 = DIRECTION('',(1.,0.,2.22044604925E-16));
#2980 = DIRECTION('',(2.22044604925E-16,0.,-1.));
#2981 = ADVANCED_FACE('',(#2982),#2993,.F.);
#2982 = FACE_BOUND('',#2983,.F.);
#2983 = EDGE_LOOP('',(#2984,#2985,#2986,#2987));
#2984 = ORIENTED_EDGE('',*,*,#2204,.T.);
#2985 = ORIENTED_EDGE('',*,*,#2160,.T.);
#2986 = ORIENTED_EDGE('',*,*,#2971,.T.);
#2987 = ORIENTED_EDGE('',*,*,#2988,.F.);
#2988 = EDGE_CURVE('',#2196,#2963,#2989,.T.);
#2989 = LINE('',#2990,#2991);
#2990 = CARTESIAN_POINT('',(300.,0.,0.));
#2991 = VECTOR('',#2992,1.);
#2992 = DIRECTION('',(-0.768221279597,1.421494921027E-16,-0.640184399664
    ));
#2993 = PLANE('',#2994);
#2994 = AXIS2_PLACEMENT_3D('',#2995,#2996,#2997);
#2995 = CARTESIAN_POINT('',(300.,0.,0.));
#2996 = DIRECTION('',(0.,1.,2.22044604925E-16));
#2997 = DIRECTION('',(1.,0.,-0.));
#2998 = ADVANCED_FACE('',(#2999),#3054,.T.);
#2999 = FACE_BOUND('',#3000,.T.);
#3000 = EDGE_LOOP('',(#3001,#3009,#3018,#3027,#3036,#3043,#3044,#3045,
    #3046,#3047));
#3001 = ORIENTED_EDGE('',*,*,#3002,.T.);
#3002 = EDGE_CURVE('',#2196,#3003,#3005,.T.);
#3003 = VERTEX_POINT('',#3004);
#3004 = CARTESIAN_POINT('',(252.30466383879,-7.347880794884E-16,
    61.920553198993));
#3005 = LINE('',#3006,#3007);
#3006 = CARTESIAN_POINT('',(302.30466383879,-7.347880794884E-16,
    1.920553198993));
#3007 = VECTOR('',#3008,1.);
#3008 = DIRECTION('',(-0.640184399664,0.,0.768221279597));
#3009 = ORIENTED_EDGE('',*,*,#3010,.F.);
#3010 = EDGE_CURVE('',#3011,#3003,#3013,.T.);
#3011 = VERTEX_POINT('',#3012);
#3012 = CARTESIAN_POINT('',(250.,-3.,60.));
#3013 = CIRCLE('',#3014,3.);
#3014 = AXIS2_PLACEMENT_3D('',#3015,#3016,#3017);
#3015 = CARTESIAN_POINT('',(250.,0.,60.));
#3016 = DIRECTION('',(-0.640184399664,-0.,0.768221279597));
#3017 = DIRECTION('',(0.768221279597,0.,0.640184399664));
#3018 = ORIENTED_EDGE('',*,*,#3019,.F.);
#3019 = EDGE_CURVE('',#3020,#3011,#3022,.T.);
#3020 = VERTEX_POINT('',#3021);
#3021 = CARTESIAN_POINT('',(253.,7.347880794884E-16,51.713850194459));
#3022 = ELLIPSE('',#3023,8.812506941837,3.);
#3023 = AXIS2_PLACEMENT_3D('',#3024,#3025,#3026);
#3024 = CARTESIAN_POINT('',(250.,0.,60.));
#3025 = DIRECTION('',(-0.940271577683,0.,-0.340425263753));
#3026 = DIRECTION('',(-0.340425263753,0.,0.940271577683));
#3027 = ORIENTED_EDGE('',*,*,#3028,.F.);
#3028 = EDGE_CURVE('',#3029,#3020,#3031,.T.);
#3029 = VERTEX_POINT('',#3030);
#3030 = CARTESIAN_POINT('',(250.,3.,60.));
#3031 = ELLIPSE('',#3032,8.812506941837,3.);
#3032 = AXIS2_PLACEMENT_3D('',#3033,#3034,#3035);
#3033 = CARTESIAN_POINT('',(250.,0.,60.));
#3034 = DIRECTION('',(-0.940271577683,0.,-0.340425263753));
#3035 = DIRECTION('',(-0.340425263753,0.,0.940271577683));
#3036 = ORIENTED_EDGE('',*,*,#3037,.F.);
#3037 = EDGE_CURVE('',#3003,#3029,#3038,.T.);
#3038 = CIRCLE('',#3039,3.);
#3039 = AXIS2_PLACEMENT_3D('',#3040,#3041,#3042);
#3040 = CARTESIAN_POINT('',(250.,0.,60.));
#3041 = DIRECTION('',(-0.640184399664,-0.,0.768221279597));
#3042 = DIRECTION('',(0.768221279597,0.,0.640184399664));
#3043 = ORIENTED_EDGE('',*,*,#3002,.F.);
#3044 = ORIENTED_EDGE('',*,*,#2195,.T.);
#3045 = ORIENTED_EDGE('',*,*,#2186,.T.);
#3046 = ORIENTED_EDGE('',*,*,#2881,.T.);
#3047 = ORIENTED_EDGE('',*,*,#3048,.T.);
#3048 = EDGE_CURVE('',#1901,#2196,#3049,.T.);
#3049 = CIRCLE('',#3050,3.);
#3050 = AXIS2_PLACEMENT_3D('',#3051,#3052,#3053);
#3051 = CARTESIAN_POINT('',(300.,0.,0.));
#3052 = DIRECTION('',(-0.640184399664,-0.,0.768221279597));
#3053 = DIRECTION('',(0.768221279597,0.,0.640184399664));
#3054 = CYLINDRICAL_SURFACE('',#3055,3.);
#3055 = AXIS2_PLACEMENT_3D('',#3056,#3057,#3058);
#3056 = CARTESIAN_POINT('',(300.,0.,0.));
#3057 = DIRECTION('',(-0.640184399664,0.,0.768221279597));
#3058 = DIRECTION('',(0.768221279597,0.,0.640184399664));
#3059 = ADVANCED_FACE('',(#3060),#3078,.T.);
#3060 = FACE_BOUND('',#3061,.T.);
#3061 = EDGE_LOOP('',(#3062,#3063,#3064,#3072));
#3062 = ORIENTED_EDGE('',*,*,#2107,.T.);
#3063 = ORIENTED_EDGE('',*,*,#2152,.T.);
#3064 = ORIENTED_EDGE('',*,*,#3065,.T.);
#3065 = EDGE_CURVE('',#2144,#3066,#3068,.T.);
#3066 = VERTEX_POINT('',#3067);
#3067 = CARTESIAN_POINT('',(300.,80.,5.551115123126E-15));
#3068 = LINE('',#3069,#3070);
#3069 = CARTESIAN_POINT('',(300.,80.,1.443289932013E-14));
#3070 = VECTOR('',#3071,1.);
#3071 = DIRECTION('',(-2.22044604925E-16,-2.22044604925E-16,1.));
#3072 = ORIENTED_EDGE('',*,*,#3073,.F.);
#3073 = EDGE_CURVE('',#2108,#3066,#3074,.T.);
#3074 = LINE('',#3075,#3076);
#3075 = CARTESIAN_POINT('',(300.,80.,8.881784197001E-15));
#3076 = VECTOR('',#3077,1.);
#3077 = DIRECTION('',(-0.768221279597,1.421494921027E-16,-0.640184399664
    ));
#3078 = PLANE('',#3079);
#3079 = AXIS2_PLACEMENT_3D('',#3080,#3081,#3082);
#3080 = CARTESIAN_POINT('',(300.,80.,1.7763568394E-14));
#3081 = DIRECTION('',(0.,1.,2.22044604925E-16));
#3082 = DIRECTION('',(1.,0.,-0.));
#3083 = ADVANCED_FACE('',(#3084),#3129,.T.);
#3084 = FACE_BOUND('',#3085,.T.);
#3085 = EDGE_LOOP('',(#3086,#3087,#3093,#3094,#3103,#3110,#3111,#3112,
    #3121,#3128));
#3086 = ORIENTED_EDGE('',*,*,#2254,.T.);
#3087 = ORIENTED_EDGE('',*,*,#3088,.T.);
#3088 = EDGE_CURVE('',#2246,#2144,#3089,.T.);
#3089 = LINE('',#3090,#3091);
#3090 = CARTESIAN_POINT('',(250.,80.,-3.));
#3091 = VECTOR('',#3092,1.);
#3092 = DIRECTION('',(1.,0.,2.22044604925E-16));
#3093 = ORIENTED_EDGE('',*,*,#2143,.F.);
#3094 = ORIENTED_EDGE('',*,*,#3095,.F.);
#3095 = EDGE_CURVE('',#3096,#2135,#3098,.T.);
#3096 = VERTEX_POINT('',#3097);
#3097 = CARTESIAN_POINT('',(300.,83.,7.22045102851E-14));
#3098 = ELLIPSE('',#3099,7.072879483617,3.);
#3099 = AXIS2_PLACEMENT_3D('',#3100,#3101,#3102);
#3100 = CARTESIAN_POINT('',(300.,80.,0.));
#3101 = DIRECTION('',(0.42415539625,0.,0.905589421224));
#3102 = DIRECTION('',(0.905589421224,0.,-0.42415539625));
#3103 = ORIENTED_EDGE('',*,*,#3104,.F.);
#3104 = EDGE_CURVE('',#2144,#3096,#3105,.T.);
#3105 = CIRCLE('',#3106,3.);
#3106 = AXIS2_PLACEMENT_3D('',#3107,#3108,#3109);
#3107 = CARTESIAN_POINT('',(300.,80.,1.110223024625E-14));
#3108 = DIRECTION('',(1.,-0.,2.22044604925E-16));
#3109 = DIRECTION('',(2.22044604925E-16,0.,-1.));
#3110 = ORIENTED_EDGE('',*,*,#3088,.F.);
#3111 = ORIENTED_EDGE('',*,*,#2720,.T.);
#3112 = ORIENTED_EDGE('',*,*,#3113,.T.);
#3113 = EDGE_CURVE('',#2712,#3114,#3116,.T.);
#3114 = VERTEX_POINT('',#3115);
#3115 = CARTESIAN_POINT('',(253.,80.,3.));
#3116 = ELLIPSE('',#3117,4.242640687119,3.);
#3117 = AXIS2_PLACEMENT_3D('',#3118,#3119,#3120);
#3118 = CARTESIAN_POINT('',(250.,80.,0.));
#3119 = DIRECTION('',(0.707106781187,0.,-0.707106781187));
#3120 = DIRECTION('',(0.707106781187,0.,0.707106781187));
#3121 = ORIENTED_EDGE('',*,*,#3122,.T.);
#3122 = EDGE_CURVE('',#3114,#2306,#3123,.T.);
#3123 = ELLIPSE('',#3124,4.242640687119,3.);
#3124 = AXIS2_PLACEMENT_3D('',#3125,#3126,#3127);
#3125 = CARTESIAN_POINT('',(250.,80.,0.));
#3126 = DIRECTION('',(0.707106781187,0.,-0.707106781187));
#3127 = DIRECTION('',(0.707106781187,0.,0.707106781187));
#3128 = ORIENTED_EDGE('',*,*,#2305,.T.);
#3129 = CYLINDRICAL_SURFACE('',#3130,3.);
#3130 = AXIS2_PLACEMENT_3D('',#3131,#3132,#3133);
#3131 = CARTESIAN_POINT('',(250.,80.,0.));
#3132 = DIRECTION('',(1.,0.,2.22044604925E-16));
#3133 = DIRECTION('',(2.22044604925E-16,0.,-1.));
#3134 = ADVANCED_FACE('',(#3135),#3187,.T.);
#3135 = FACE_BOUND('',#3136,.T.);
#3136 = EDGE_LOOP('',(#3137,#3138,#3146,#3153,#3162,#3169,#3176,#3177,
    #3184,#3185,#3186));
#3137 = ORIENTED_EDGE('',*,*,#2116,.T.);
#3138 = ORIENTED_EDGE('',*,*,#3139,.T.);
#3139 = EDGE_CURVE('',#2108,#3140,#3142,.T.);
#3140 = VERTEX_POINT('',#3141);
#3141 = CARTESIAN_POINT('',(252.30466383879,80.,61.920553198993));
#3142 = LINE('',#3143,#3144);
#3143 = CARTESIAN_POINT('',(302.30466383879,80.,1.920553198993));
#3144 = VECTOR('',#3145,1.);
#3145 = DIRECTION('',(-0.640184399664,0.,0.768221279597));
#3146 = ORIENTED_EDGE('',*,*,#3147,.F.);
#3147 = EDGE_CURVE('',#1418,#3140,#3148,.T.);
#3148 = CIRCLE('',#3149,3.);
#3149 = AXIS2_PLACEMENT_3D('',#3150,#3151,#3152);
#3150 = CARTESIAN_POINT('',(250.,80.,60.));
#3151 = DIRECTION('',(-0.640184399664,-0.,0.768221279597));
#3152 = DIRECTION('',(0.768221279597,0.,0.640184399664));
#3153 = ORIENTED_EDGE('',*,*,#3154,.F.);
#3154 = EDGE_CURVE('',#3155,#1418,#3157,.T.);
#3155 = VERTEX_POINT('',#3156);
#3156 = CARTESIAN_POINT('',(253.,80.,51.713850194459));
#3157 = ELLIPSE('',#3158,8.812506941837,3.);
#3158 = AXIS2_PLACEMENT_3D('',#3159,#3160,#3161);
#3159 = CARTESIAN_POINT('',(250.,80.,60.));
#3160 = DIRECTION('',(-0.940271577683,0.,-0.340425263753));
#3161 = DIRECTION('',(-0.340425263753,0.,0.940271577683));
#3162 = ORIENTED_EDGE('',*,*,#3163,.F.);
#3163 = EDGE_CURVE('',#1416,#3155,#3164,.T.);
#3164 = ELLIPSE('',#3165,8.812506941837,3.);
#3165 = AXIS2_PLACEMENT_3D('',#3166,#3167,#3168);
#3166 = CARTESIAN_POINT('',(250.,80.,60.));
#3167 = DIRECTION('',(-0.940271577683,0.,-0.340425263753));
#3168 = DIRECTION('',(-0.340425263753,0.,0.940271577683));
#3169 = ORIENTED_EDGE('',*,*,#3170,.F.);
#3170 = EDGE_CURVE('',#3140,#1416,#3171,.T.);
#3171 = CIRCLE('',#3172,3.);
#3172 = AXIS2_PLACEMENT_3D('',#3173,#3174,#3175);
#3173 = CARTESIAN_POINT('',(250.,80.,60.));
#3174 = DIRECTION('',(-0.640184399664,-0.,0.768221279597));
#3175 = DIRECTION('',(0.768221279597,0.,0.640184399664));
#3176 = ORIENTED_EDGE('',*,*,#3139,.F.);
#3177 = ORIENTED_EDGE('',*,*,#3178,.T.);
#3178 = EDGE_CURVE('',#2108,#3096,#3179,.T.);
#3179 = CIRCLE('',#3180,3.);
#3180 = AXIS2_PLACEMENT_3D('',#3181,#3182,#3183);
#3181 = CARTESIAN_POINT('',(300.,80.,0.));
#3182 = DIRECTION('',(-0.640184399664,-0.,0.768221279597));
#3183 = DIRECTION('',(0.768221279597,0.,0.640184399664));
#3184 = ORIENTED_EDGE('',*,*,#3095,.T.);
#3185 = ORIENTED_EDGE('',*,*,#2134,.T.);
#3186 = ORIENTED_EDGE('',*,*,#2125,.T.);
#3187 = CYLINDRICAL_SURFACE('',#3188,3.);
#3188 = AXIS2_PLACEMENT_3D('',#3189,#3190,#3191);
#3189 = CARTESIAN_POINT('',(300.,80.,0.));
#3190 = DIRECTION('',(-0.640184399664,0.,0.768221279597));
#3191 = DIRECTION('',(0.768221279597,0.,0.640184399664));
#3192 = ADVANCED_FACE('',(#3193),#3210,.T.);
#3193 = FACE_BOUND('',#3194,.T.);
#3194 = EDGE_LOOP('',(#3195,#3196,#3197,#3198,#3199,#3205,#3206,#3207,
    #3208,#3209));
#3195 = ORIENTED_EDGE('',*,*,#3113,.F.);
#3196 = ORIENTED_EDGE('',*,*,#2711,.T.);
#3197 = ORIENTED_EDGE('',*,*,#2314,.F.);
#3198 = ORIENTED_EDGE('',*,*,#3122,.F.);
#3199 = ORIENTED_EDGE('',*,*,#3200,.F.);
#3200 = EDGE_CURVE('',#3155,#3114,#3201,.T.);
#3201 = LINE('',#3202,#3203);
#3202 = CARTESIAN_POINT('',(253.,80.,60.));
#3203 = VECTOR('',#3204,1.);
#3204 = DIRECTION('',(0.,0.,-1.));
#3205 = ORIENTED_EDGE('',*,*,#3154,.T.);
#3206 = ORIENTED_EDGE('',*,*,#2534,.T.);
#3207 = ORIENTED_EDGE('',*,*,#2545,.T.);
#3208 = ORIENTED_EDGE('',*,*,#3163,.T.);
#3209 = ORIENTED_EDGE('',*,*,#3200,.T.);
#3210 = CYLINDRICAL_SURFACE('',#3211,3.);
#3211 = AXIS2_PLACEMENT_3D('',#3212,#3213,#3214);
#3212 = CARTESIAN_POINT('',(250.,80.,60.));
#3213 = DIRECTION('',(0.,0.,-1.));
#3214 = DIRECTION('',(1.,0.,0.));
#3215 = ADVANCED_FACE('',(#3216),#3247,.T.);
#3216 = FACE_BOUND('',#3217,.T.);
#3217 = EDGE_LOOP('',(#3218,#3219,#3220,#3221,#3222,#3228,#3229,#3238,
    #3245,#3246));
#3218 = ORIENTED_EDGE('',*,*,#2864,.F.);
#3219 = ORIENTED_EDGE('',*,*,#2287,.F.);
#3220 = ORIENTED_EDGE('',*,*,#2847,.T.);
#3221 = ORIENTED_EDGE('',*,*,#2873,.F.);
#3222 = ORIENTED_EDGE('',*,*,#3223,.F.);
#3223 = EDGE_CURVE('',#3020,#2865,#3224,.T.);
#3224 = LINE('',#3225,#3226);
#3225 = CARTESIAN_POINT('',(253.,7.347880794884E-16,60.));
#3226 = VECTOR('',#3227,1.);
#3227 = DIRECTION('',(0.,0.,-1.));
#3228 = ORIENTED_EDGE('',*,*,#3019,.T.);
#3229 = ORIENTED_EDGE('',*,*,#3230,.T.);
#3230 = EDGE_CURVE('',#3011,#3231,#3233,.T.);
#3231 = VERTEX_POINT('',#3232);
#3232 = CARTESIAN_POINT('',(246.99999999999,-7.347880794884E-16,
    51.713850194455));
#3233 = ELLIPSE('',#3234,8.812506941837,3.);
#3234 = AXIS2_PLACEMENT_3D('',#3235,#3236,#3237);
#3235 = CARTESIAN_POINT('',(250.,0.,60.));
#3236 = DIRECTION('',(0.940271577683,0.,-0.340425263753));
#3237 = DIRECTION('',(0.340425263753,0.,0.940271577683));
#3238 = ORIENTED_EDGE('',*,*,#3239,.T.);
#3239 = EDGE_CURVE('',#3231,#3029,#3240,.T.);
#3240 = ELLIPSE('',#3241,8.812506941837,3.);
#3241 = AXIS2_PLACEMENT_3D('',#3242,#3243,#3244);
#3242 = CARTESIAN_POINT('',(250.,0.,60.));
#3243 = DIRECTION('',(0.940271577683,0.,-0.340425263753));
#3244 = DIRECTION('',(0.340425263753,0.,0.940271577683));
#3245 = ORIENTED_EDGE('',*,*,#3028,.T.);
#3246 = ORIENTED_EDGE('',*,*,#3223,.T.);
#3247 = CYLINDRICAL_SURFACE('',#3248,3.);
#3248 = AXIS2_PLACEMENT_3D('',#3249,#3250,#3251);
#3249 = CARTESIAN_POINT('',(250.,0.,60.));
#3250 = DIRECTION('',(0.,0.,-1.));
#3251 = DIRECTION('',(1.,0.,0.));
#3252 = ADVANCED_FACE('',(#3253),#3300,.T.);
#3253 = FACE_BOUND('',#3254,.T.);
#3254 = EDGE_LOOP('',(#3255,#3256,#3265,#3272,#3273,#3279,#3280,#3281,
    #3282,#3291,#3298,#3299));
#3255 = ORIENTED_EDGE('',*,*,#3230,.F.);
#3256 = ORIENTED_EDGE('',*,*,#3257,.T.);
#3257 = EDGE_CURVE('',#3011,#3258,#3260,.T.);
#3258 = VERTEX_POINT('',#3259);
#3259 = CARTESIAN_POINT('',(243.59487516204,-7.347880794884E-16,57.));
#3260 = ELLIPSE('',#3261,7.072879483617,3.);
#3261 = AXIS2_PLACEMENT_3D('',#3262,#3263,#3264);
#3262 = CARTESIAN_POINT('',(250.,0.,60.));
#3263 = DIRECTION('',(0.42415539625,0.,-0.905589421224));
#3264 = DIRECTION('',(0.905589421224,0.,0.42415539625));
#3265 = ORIENTED_EDGE('',*,*,#3266,.T.);
#3266 = EDGE_CURVE('',#3258,#3029,#3267,.T.);
#3267 = ELLIPSE('',#3268,7.072879483617,3.);
#3268 = AXIS2_PLACEMENT_3D('',#3269,#3270,#3271);
#3269 = CARTESIAN_POINT('',(250.,0.,60.));
#3270 = DIRECTION('',(0.42415539625,0.,-0.905589421224));
#3271 = DIRECTION('',(0.905589421224,0.,0.42415539625));
#3272 = ORIENTED_EDGE('',*,*,#3239,.F.);
#3273 = ORIENTED_EDGE('',*,*,#3274,.F.);
#3274 = EDGE_CURVE('',#2831,#3231,#3275,.T.);
#3275 = LINE('',#3276,#3277);
#3276 = CARTESIAN_POINT('',(202.30466383879,-7.347880794884E-16,
    -1.920553198993));
#3277 = VECTOR('',#3278,1.);
#3278 = DIRECTION('',(0.640184399664,0.,0.768221279597));
#3279 = ORIENTED_EDGE('',*,*,#2830,.F.);
#3280 = ORIENTED_EDGE('',*,*,#2405,.T.);
#3281 = ORIENTED_EDGE('',*,*,#2396,.T.);
#3282 = ORIENTED_EDGE('',*,*,#3283,.T.);
#3283 = EDGE_CURVE('',#2388,#3284,#3286,.T.);
#3284 = VERTEX_POINT('',#3285);
#3285 = CARTESIAN_POINT('',(203.,7.347880794884E-16,8.286149805546));
#3286 = ELLIPSE('',#3287,8.812506941837,3.);
#3287 = AXIS2_PLACEMENT_3D('',#3288,#3289,#3290);
#3288 = CARTESIAN_POINT('',(200.,0.,7.105427357601E-15));
#3289 = DIRECTION('',(0.940271577683,0.,-0.340425263753));
#3290 = DIRECTION('',(-0.340425263753,0.,-0.940271577683));
#3291 = ORIENTED_EDGE('',*,*,#3292,.T.);
#3292 = EDGE_CURVE('',#3284,#1917,#3293,.T.);
#3293 = ELLIPSE('',#3294,8.812506941837,3.);
#3294 = AXIS2_PLACEMENT_3D('',#3295,#3296,#3297);
#3295 = CARTESIAN_POINT('',(200.,0.,7.105427357601E-15));
#3296 = DIRECTION('',(0.940271577683,0.,-0.340425263753));
#3297 = DIRECTION('',(-0.340425263753,0.,-0.940271577683));
#3298 = ORIENTED_EDGE('',*,*,#2839,.F.);
#3299 = ORIENTED_EDGE('',*,*,#3274,.T.);
#3300 = CYLINDRICAL_SURFACE('',#3301,3.);
#3301 = AXIS2_PLACEMENT_3D('',#3302,#3303,#3304);
#3302 = CARTESIAN_POINT('',(200.,0.,0.));
#3303 = DIRECTION('',(0.640184399664,0.,0.768221279597));
#3304 = DIRECTION('',(0.768221279597,0.,-0.640184399664));
#3305 = ADVANCED_FACE('',(#3306),#3337,.T.);
#3306 = FACE_BOUND('',#3307,.T.);
#3307 = EDGE_LOOP('',(#3308,#3309,#3310,#3311,#3312,#3320,#3327,#3328,
    #3329,#3336));
#3308 = ORIENTED_EDGE('',*,*,#3283,.F.);
#3309 = ORIENTED_EDGE('',*,*,#2387,.F.);
#3310 = ORIENTED_EDGE('',*,*,#2755,.T.);
#3311 = ORIENTED_EDGE('',*,*,#3292,.F.);
#3312 = ORIENTED_EDGE('',*,*,#3313,.F.);
#3313 = EDGE_CURVE('',#3314,#3284,#3316,.T.);
#3314 = VERTEX_POINT('',#3315);
#3315 = CARTESIAN_POINT('',(203.,0.,57.));
#3316 = LINE('',#3317,#3318);
#3317 = CARTESIAN_POINT('',(203.,7.347880794884E-16,60.));
#3318 = VECTOR('',#3319,1.);
#3319 = DIRECTION('',(0.,0.,-1.));
#3320 = ORIENTED_EDGE('',*,*,#3321,.F.);
#3321 = EDGE_CURVE('',#2772,#3314,#3322,.T.);
#3322 = ELLIPSE('',#3323,4.242640687119,3.);
#3323 = AXIS2_PLACEMENT_3D('',#3324,#3325,#3326);
#3324 = CARTESIAN_POINT('',(200.,0.,60.));
#3325 = DIRECTION('',(0.707106781187,0.,0.707106781187));
#3326 = DIRECTION('',(0.707106781187,0.,-0.707106781187));
#3327 = ORIENTED_EDGE('',*,*,#2771,.T.);
#3328 = ORIENTED_EDGE('',*,*,#2800,.T.);
#3329 = ORIENTED_EDGE('',*,*,#3330,.F.);
#3330 = EDGE_CURVE('',#3314,#2792,#3331,.T.);
#3331 = ELLIPSE('',#3332,4.242640687119,3.);
#3332 = AXIS2_PLACEMENT_3D('',#3333,#3334,#3335);
#3333 = CARTESIAN_POINT('',(200.,0.,60.));
#3334 = DIRECTION('',(0.707106781187,0.,0.707106781187));
#3335 = DIRECTION('',(0.707106781187,0.,-0.707106781187));
#3336 = ORIENTED_EDGE('',*,*,#3313,.T.);
#3337 = CYLINDRICAL_SURFACE('',#3338,3.);
#3338 = AXIS2_PLACEMENT_3D('',#3339,#3340,#3341);
#3339 = CARTESIAN_POINT('',(200.,0.,60.));
#3340 = DIRECTION('',(0.,0.,-1.));
#3341 = DIRECTION('',(1.,0.,0.));
#3342 = ADVANCED_FACE('',(#3343),#3348,.T.);
#3343 = FACE_BOUND('',#3344,.T.);
#3344 = EDGE_LOOP('',(#3345,#3346,#3347));
#3345 = ORIENTED_EDGE('',*,*,#3147,.T.);
#3346 = ORIENTED_EDGE('',*,*,#3170,.T.);
#3347 = ORIENTED_EDGE('',*,*,#2519,.T.);
#3348 = PLANE('',#3349);
#3349 = AXIS2_PLACEMENT_3D('',#3350,#3351,#3352);
#3350 = CARTESIAN_POINT('',(250.,80.,60.));
#3351 = DIRECTION('',(-0.640184399664,0.,0.768221279597));
#3352 = DIRECTION('',(0.768221279597,0.,0.640184399664));
#3353 = ADVANCED_FACE('',(#3354),#3375,.T.);
#3354 = FACE_BOUND('',#3355,.T.);
#3355 = EDGE_LOOP('',(#3356,#3357,#3358,#3359,#3365,#3366,#3373,#3374));
#3356 = ORIENTED_EDGE('',*,*,#2656,.T.);
#3357 = ORIENTED_EDGE('',*,*,#2682,.T.);
#3358 = ORIENTED_EDGE('',*,*,#2647,.T.);
#3359 = ORIENTED_EDGE('',*,*,#3360,.T.);
#3360 = EDGE_CURVE('',#2640,#2783,#3361,.T.);
#3361 = LINE('',#3362,#3363);
#3362 = CARTESIAN_POINT('',(150.,-7.347880794884E-16,57.));
#3363 = VECTOR('',#3364,1.);
#3364 = DIRECTION('',(1.,0.,2.22044604925E-16));
#3365 = ORIENTED_EDGE('',*,*,#2782,.F.);
#3366 = ORIENTED_EDGE('',*,*,#3367,.F.);
#3367 = EDGE_CURVE('',#2792,#2772,#3368,.T.);
#3368 = CIRCLE('',#3369,3.);
#3369 = AXIS2_PLACEMENT_3D('',#3370,#3371,#3372);
#3370 = CARTESIAN_POINT('',(200.,0.,60.));
#3371 = DIRECTION('',(1.,-0.,2.22044604925E-16));
#3372 = DIRECTION('',(2.22044604925E-16,0.,-1.));
#3373 = ORIENTED_EDGE('',*,*,#2791,.F.);
#3374 = ORIENTED_EDGE('',*,*,#3360,.F.);
#3375 = CYLINDRICAL_SURFACE('',#3376,3.);
#3376 = AXIS2_PLACEMENT_3D('',#3377,#3378,#3379);
#3377 = CARTESIAN_POINT('',(150.,0.,60.));
#3378 = DIRECTION('',(1.,0.,2.22044604925E-16));
#3379 = DIRECTION('',(2.22044604925E-16,0.,-1.));
#3380 = ADVANCED_FACE('',(#3381),#3386,.F.);
#3381 = FACE_BOUND('',#3382,.F.);
#3382 = EDGE_LOOP('',(#3383,#3384,#3385));
#3383 = ORIENTED_EDGE('',*,*,#2962,.T.);
#3384 = ORIENTED_EDGE('',*,*,#3048,.T.);
#3385 = ORIENTED_EDGE('',*,*,#2988,.T.);
#3386 = PLANE('',#3387);
#3387 = AXIS2_PLACEMENT_3D('',#3388,#3389,#3390);
#3388 = CARTESIAN_POINT('',(300.,0.,0.));
#3389 = DIRECTION('',(-0.640184399664,0.,0.768221279597));
#3390 = DIRECTION('',(0.768221279597,0.,0.640184399664));
#3391 = ADVANCED_FACE('',(#3392),#3402,.T.);
#3392 = FACE_BOUND('',#3393,.T.);
#3393 = EDGE_LOOP('',(#3394,#3395,#3396));
#3394 = ORIENTED_EDGE('',*,*,#3010,.T.);
#3395 = ORIENTED_EDGE('',*,*,#3037,.T.);
#3396 = ORIENTED_EDGE('',*,*,#3397,.T.);
#3397 = EDGE_CURVE('',#3029,#3011,#3398,.T.);
#3398 = LINE('',#3399,#3400);
#3399 = CARTESIAN_POINT('',(250.,0.,60.));
#3400 = VECTOR('',#3401,1.);
#3401 = DIRECTION('',(0.,-1.,0.));
#3402 = PLANE('',#3403);
#3403 = AXIS2_PLACEMENT_3D('',#3404,#3405,#3406);
#3404 = CARTESIAN_POINT('',(250.,0.,60.));
#3405 = DIRECTION('',(-0.640184399664,0.,0.768221279597));
#3406 = DIRECTION('',(0.768221279597,0.,0.640184399664));
#3407 = ADVANCED_FACE('',(#3408),#3418,.F.);
#3408 = FACE_BOUND('',#3409,.F.);
#3409 = EDGE_LOOP('',(#3410,#3411,#3412));
#3410 = ORIENTED_EDGE('',*,*,#3073,.F.);
#3411 = ORIENTED_EDGE('',*,*,#3178,.T.);
#3412 = ORIENTED_EDGE('',*,*,#3413,.T.);
#3413 = EDGE_CURVE('',#3096,#3066,#3414,.T.);
#3414 = LINE('',#3415,#3416);
#3415 = CARTESIAN_POINT('',(300.,80.,5.551115123126E-15));
#3416 = VECTOR('',#3417,1.);
#3417 = DIRECTION('',(0.,-1.,0.));
#3418 = PLANE('',#3419);
#3419 = AXIS2_PLACEMENT_3D('',#3420,#3421,#3422);
#3420 = CARTESIAN_POINT('',(300.,80.,0.));
#3421 = DIRECTION('',(-0.640184399664,0.,0.768221279597));
#3422 = DIRECTION('',(0.768221279597,0.,0.640184399664));
#3423 = ADVANCED_FACE('',(#3424),#3429,.T.);
#3424 = FACE_BOUND('',#3425,.T.);
#3425 = EDGE_LOOP('',(#3426,#3427,#3428));
#3426 = ORIENTED_EDGE('',*,*,#3065,.F.);
#3427 = ORIENTED_EDGE('',*,*,#3104,.T.);
#3428 = ORIENTED_EDGE('',*,*,#3413,.T.);
#3429 = PLANE('',#3430);
#3430 = AXIS2_PLACEMENT_3D('',#3431,#3432,#3433);
#3431 = CARTESIAN_POINT('',(300.,80.,1.110223024625E-14));
#3432 = DIRECTION('',(1.,0.,2.22044604925E-16));
#3433 = DIRECTION('',(2.22044604925E-16,0.,-1.));
#3434 = ADVANCED_FACE('',(#3435),#3456,.T.);
#3435 = FACE_BOUND('',#3436,.T.);
#3436 = EDGE_LOOP('',(#3437,#3444,#3445,#3451,#3452,#3453,#3454,#3455));
#3437 = ORIENTED_EDGE('',*,*,#3438,.F.);
#3438 = EDGE_CURVE('',#3029,#3011,#3439,.T.);
#3439 = CIRCLE('',#3440,3.);
#3440 = AXIS2_PLACEMENT_3D('',#3441,#3442,#3443);
#3441 = CARTESIAN_POINT('',(250.,0.,60.));
#3442 = DIRECTION('',(1.,-0.,2.22044604925E-16));
#3443 = DIRECTION('',(2.22044604925E-16,0.,-1.));
#3444 = ORIENTED_EDGE('',*,*,#3266,.F.);
#3445 = ORIENTED_EDGE('',*,*,#3446,.F.);
#3446 = EDGE_CURVE('',#3314,#3258,#3447,.T.);
#3447 = LINE('',#3448,#3449);
#3448 = CARTESIAN_POINT('',(200.,-7.347880794884E-16,57.));
#3449 = VECTOR('',#3450,1.);
#3450 = DIRECTION('',(1.,0.,2.22044604925E-16));
#3451 = ORIENTED_EDGE('',*,*,#3330,.T.);
#3452 = ORIENTED_EDGE('',*,*,#3367,.T.);
#3453 = ORIENTED_EDGE('',*,*,#3321,.T.);
#3454 = ORIENTED_EDGE('',*,*,#3446,.T.);
#3455 = ORIENTED_EDGE('',*,*,#3257,.F.);
#3456 = CYLINDRICAL_SURFACE('',#3457,3.);
#3457 = AXIS2_PLACEMENT_3D('',#3458,#3459,#3460);
#3458 = CARTESIAN_POINT('',(200.,0.,60.));
#3459 = DIRECTION('',(1.,0.,2.22044604925E-16));
#3460 = DIRECTION('',(2.22044604925E-16,0.,-1.));
#3461 = ADVANCED_FACE('',(#3462),#3466,.T.);
#3462 = FACE_BOUND('',#3463,.T.);
#3463 = EDGE_LOOP('',(#3464,#3465));
#3464 = ORIENTED_EDGE('',*,*,#3397,.F.);
#3465 = ORIENTED_EDGE('',*,*,#3438,.T.);
#3466 = PLANE('',#3467);
#3467 = AXIS2_PLACEMENT_3D('',#3468,#3469,#3470);
#3468 = CARTESIAN_POINT('',(250.,0.,60.));
#3469 = DIRECTION('',(1.,0.,2.22044604925E-16));
#3470 = DIRECTION('',(2.22044604925E-16,0.,-1.));
#3471 = ( GEOMETRIC_REPRESENTATION_CONTEXT(3) 
GLOBAL_UNCERTAINTY_ASSIGNED_CONTEXT((#3475)) 
GLOBAL_UNIT_ASSIGNED_CONTEXT((#3472,#3473,#3474)) REPRESENTATION_CONTEXT
('Context #1','3D Context with UNIT and UNCERTAINTY') );
#3472 = ( LENGTH_UNIT() NAMED_UNIT(*) SI_UNIT(.MILLI.,.METRE.) );
#3473 = ( NAMED_UNIT(*) PLANE_ANGLE_UNIT() SI_UNIT($,.RADIAN.) );
#3474 = ( NAMED_UNIT(*) SI_UNIT($,.STERADIAN.) SOLID_ANGLE_UNIT() );
#3475 = UNCERTAINTY_MEASURE_WITH_UNIT(LENGTH_MEASURE(2.E-07),#3472,
  'distance_accuracy_value','confusion accuracy');
#3476 = PRODUCT_RELATED_PRODUCT_CATEGORY('part',$,(#7));
ENDSEC;
END-ISO-10303-21;
