    1C
    1UModule 5 sine-arch truss bridge, PLA, total load 100 N            
    1UUSER                                                              
    1UDATE              26.july.2026                                    
    1UTIME              05:38:11                                        
    1UHOST                                                              
    1UPGM               CalculiX                                        
    1UVERSION           Version 2.23                             
    1UCOMPILETIME       Sun Oct 19 18:23:34 CEST 2025                    
    1UDIR                                                               
    1UDBN                                                               
    1UMAT    1PLA                                                       
    2C                           616                                     1
 -1        29 0.00000E+00 2.27500E-01 5.77250E+00
 -1        30 0.00000E+00 2.27500E-01 2.22750E+00
 -1        31 0.00000E+00 3.77250E+00 2.22750E+00
 -1        32 0.00000E+00 3.77250E+00 5.77250E+00
 -1        37-1.38409E+00 2.27500E-01 5.10727E+00
 -1        38 1.38409E+00 2.27500E-01 2.89273E+00
 -1        39 1.38409E+00 3.77250E+00 2.89273E+00
 -1        40-1.38409E+00 3.77250E+00 5.10727E+00
 -1        45-1.77250E+00 2.27500E-01 4.00000E+00
 -1        46 1.77250E+00 2.27500E-01 4.00000E+00
 -1        47 1.77250E+00 3.77250E+00 4.00000E+00
 -1        48-1.77250E+00 3.77250E+00 4.00000E+00
 -1        53 1.41800E+00 2.00000E+00 2.58200E+00
 -1        54-1.41800E+00 2.00000E+00 2.58200E+00
 -1        55-1.41800E+00 2.00000E+00 5.41800E+00
 -1        56 1.41800E+00 2.00000E+00 5.41800E+00
 -1        61 1.12394E+00 1.13543E+00 2.58200E+00
 -1        62-1.12394E+00 2.86457E+00 2.58200E+00
 -1        63-1.12394E+00 2.86457E+00 5.41800E+00
 -1        64 1.12394E+00 1.13543E+00 5.41800E+00
 -1       111 2.00000E+01 2.27500E-01 5.77250E+00
 -1       112 2.00000E+01 2.27500E-01 2.22750E+00
 -1       113 2.00000E+01 3.77250E+00 2.22750E+00
 -1       114 2.00000E+01 3.77250E+00 5.77250E+00
 -1       119 1.90881E+01 2.27500E-01 2.48009E+00
 -1       120 2.09119E+01 2.27500E-01 5.51991E+00
 -1       121 2.09119E+01 3.77250E+00 5.51991E+00
 -1       122 1.90881E+01 3.77250E+00 2.48009E+00
 -1       127 1.84664E+01 2.27500E-01 4.88864E+00
 -1       128 2.15336E+01 2.27500E-01 3.11136E+00
 -1       129 2.15336E+01 3.77250E+00 3.11136E+00
 -1       130 1.84664E+01 3.77250E+00 4.88864E+00
 -1       135 1.82275E+01 2.27500E-01 4.00000E+00
 -1       136 2.17725E+01 2.27500E-01 4.00000E+00
 -1       137 2.17725E+01 3.77250E+00 4.00000E+00
 -1       138 1.82275E+01 3.77250E+00 4.00000E+00
 -1       143 2.14180E+01 2.00000E+00 2.58200E+00
 -1       144 1.85820E+01 2.00000E+00 2.58200E+00
 -1       145 1.85820E+01 2.00000E+00 5.41800E+00
 -1       146 2.14180E+01 2.00000E+00 5.41800E+00
 -1       151 1.88761E+01 1.13543E+00 2.58200E+00
 -1       152 2.11239E+01 2.86457E+00 2.58200E+00
 -1       153 2.11239E+01 2.86457E+00 5.41800E+00
 -1       154 1.88761E+01 1.13543E+00 5.41800E+00
 -1       159 2.11239E+01 1.13543E+00 2.58200E+00
 -1       160 1.88761E+01 2.86457E+00 2.58200E+00
 -1       161 1.88761E+01 2.86457E+00 5.41800E+00
 -1       162 2.11239E+01 1.13543E+00 5.41800E+00
 -1       225 4.00000E+01 2.27500E-01 5.77250E+00
 -1       226 4.00000E+01 2.27500E-01 2.22750E+00
 -1       227 4.00000E+01 3.77250E+00 2.22750E+00
 -1       228 4.00000E+01 3.77250E+00 5.77250E+00
 -1       233 3.86159E+01 2.27500E-01 2.89273E+00
 -1       234 4.13841E+01 2.27500E-01 5.10727E+00
 -1       235 4.13841E+01 3.77250E+00 5.10727E+00
 -1       236 3.86159E+01 3.77250E+00 2.89273E+00
 -1       241 3.84315E+01 2.27500E-01 4.82554E+00
 -1       242 4.15685E+01 2.27500E-01 3.17446E+00
 -1       243 4.15685E+01 3.77250E+00 3.17446E+00
 -1       244 3.84315E+01 3.77250E+00 4.82554E+00
 -1       249 3.82275E+01 2.27500E-01 4.00000E+00
 -1       250 4.17725E+01 2.27500E-01 4.00000E+00
 -1       251 4.17725E+01 3.77250E+00 4.00000E+00
 -1       252 3.82275E+01 3.77250E+00 4.00000E+00
 -1       257 4.14180E+01 2.00000E+00 2.58200E+00
 -1       258 3.85820E+01 2.00000E+00 2.58200E+00
 -1       259 3.85820E+01 2.00000E+00 5.41800E+00
 -1       260 4.14180E+01 2.00000E+00 5.41800E+00
 -1       265 3.88761E+01 1.13543E+00 2.58200E+00
 -1       266 4.11239E+01 2.86457E+00 2.58200E+00
 -1       267 4.11239E+01 2.86457E+00 5.41800E+00
 -1       268 3.88761E+01 1.13543E+00 5.41800E+00
 -1       273 4.11239E+01 1.13543E+00 2.58200E+00
 -1       274 3.88761E+01 2.86457E+00 2.58200E+00
 -1       275 3.88761E+01 2.86457E+00 5.41800E+00
 -1       276 4.11239E+01 1.13543E+00 5.41800E+00
 -1       339 6.00000E+01 2.27500E-01 5.77250E+00
 -1       340 6.00000E+01 2.27500E-01 2.22750E+00
 -1       341 6.00000E+01 3.77250E+00 2.22750E+00
 -1       342 6.00000E+01 3.77250E+00 5.77250E+00
 -1       347 5.84664E+01 2.27500E-01 3.11136E+00
 -1       348 6.15336E+01 2.27500E-01 4.88864E+00
 -1       349 6.15336E+01 3.77250E+00 4.88864E+00
 -1       350 5.84664E+01 3.77250E+00 3.11136E+00
 -1       355 5.84664E+01 2.27500E-01 4.88864E+00
 -1       356 6.15336E+01 2.27500E-01 3.11136E+00
 -1       357 6.15336E+01 3.77250E+00 3.11136E+00
 -1       358 5.84664E+01 3.77250E+00 4.88864E+00
 -1       363 5.82275E+01 2.27500E-01 4.00000E+00
 -1       364 6.17725E+01 2.27500E-01 4.00000E+00
 -1       365 6.17725E+01 3.77250E+00 4.00000E+00
 -1       366 5.82275E+01 3.77250E+00 4.00000E+00
 -1       371 6.14180E+01 2.00000E+00 2.58200E+00
 -1       372 5.85820E+01 2.00000E+00 2.58200E+00
 -1       373 5.85820E+01 2.00000E+00 5.41800E+00
 -1       374 6.14180E+01 2.00000E+00 5.41800E+00
 -1       379 5.88761E+01 1.13543E+00 2.58200E+00
 -1       380 6.11239E+01 2.86457E+00 2.58200E+00
 -1       381 6.11239E+01 2.86457E+00 5.41800E+00
 -1       382 5.88761E+01 1.13543E+00 5.41800E+00
 -1       387 6.11239E+01 1.13543E+00 2.58200E+00
 -1       388 5.88761E+01 2.86457E+00 2.58200E+00
 -1       389 5.88761E+01 2.86457E+00 5.41800E+00
 -1       390 6.11239E+01 1.13543E+00 5.41800E+00
 -1       453 8.00000E+01 2.27500E-01 5.77250E+00
 -1       454 8.00000E+01 2.27500E-01 2.22750E+00
 -1       455 8.00000E+01 3.77250E+00 2.22750E+00
 -1       456 8.00000E+01 3.77250E+00 5.77250E+00
 -1       461 7.84315E+01 2.27500E-01 3.17446E+00
 -1       462 8.15685E+01 2.27500E-01 4.82554E+00
 -1       463 8.15685E+01 3.77250E+00 4.82554E+00
 -1       464 7.84315E+01 3.77250E+00 3.17446E+00
 -1       469 7.86159E+01 2.27500E-01 5.10727E+00
 -1       470 8.13841E+01 2.27500E-01 2.89273E+00
 -1       471 8.13841E+01 3.77250E+00 2.89273E+00
 -1       472 7.86159E+01 3.77250E+00 5.10727E+00
 -1       477 7.82275E+01 2.27500E-01 4.00000E+00
 -1       478 8.17725E+01 2.27500E-01 4.00000E+00
 -1       479 8.17725E+01 3.77250E+00 4.00000E+00
 -1       480 7.82275E+01 3.77250E+00 4.00000E+00
 -1       485 8.14180E+01 2.00000E+00 2.58200E+00
 -1       486 7.85820E+01 2.00000E+00 2.58200E+00
 -1       487 7.85820E+01 2.00000E+00 5.41800E+00
 -1       488 8.14180E+01 2.00000E+00 5.41800E+00
 -1       493 7.88761E+01 1.13543E+00 2.58200E+00
 -1       494 8.11239E+01 2.86457E+00 2.58200E+00
 -1       495 8.11239E+01 2.86457E+00 5.41800E+00
 -1       496 7.88761E+01 1.13543E+00 5.41800E+00
 -1       501 8.11239E+01 1.13543E+00 2.58200E+00
 -1       502 7.88761E+01 2.86457E+00 2.58200E+00
 -1       503 7.88761E+01 2.86457E+00 5.41800E+00
 -1       504 8.11239E+01 1.13543E+00 5.41800E+00
 -1       567 1.00000E+02 2.27500E-01 5.77250E+00
 -1       568 1.00000E+02 2.27500E-01 2.22750E+00
 -1       569 1.00000E+02 3.77250E+00 2.22750E+00
 -1       570 1.00000E+02 3.77250E+00 5.77250E+00
 -1       575 9.84664E+01 2.27500E-01 3.11136E+00
 -1       576 1.01534E+02 2.27500E-01 4.88864E+00
 -1       577 1.01534E+02 3.77250E+00 4.88864E+00
 -1       578 9.84664E+01 3.77250E+00 3.11136E+00
 -1       583 9.90881E+01 2.27500E-01 5.51991E+00
 -1       584 1.00912E+02 2.27500E-01 2.48009E+00
 -1       585 1.00912E+02 3.77250E+00 2.48009E+00
 -1       586 9.90881E+01 3.77250E+00 5.51991E+00
 -1       591 9.82275E+01 2.27500E-01 4.00000E+00
 -1       592 1.01772E+02 2.27500E-01 4.00000E+00
 -1       593 1.01772E+02 3.77250E+00 4.00000E+00
 -1       594 9.82275E+01 3.77250E+00 4.00000E+00
 -1       599 1.01418E+02 2.00000E+00 2.58200E+00
 -1       600 9.85820E+01 2.00000E+00 2.58200E+00
 -1       601 9.85820E+01 2.00000E+00 5.41800E+00
 -1       602 1.01418E+02 2.00000E+00 5.41800E+00
 -1       607 9.88761E+01 1.13543E+00 2.58200E+00
 -1       608 1.01124E+02 2.86457E+00 2.58200E+00
 -1       609 1.01124E+02 2.86457E+00 5.41800E+00
 -1       610 9.88761E+01 1.13543E+00 5.41800E+00
 -1       615 1.01124E+02 1.13543E+00 2.58200E+00
 -1       616 9.88761E+01 2.86457E+00 2.58200E+00
 -1       617 9.88761E+01 2.86457E+00 5.41800E+00
 -1       618 1.01124E+02 1.13543E+00 5.41800E+00
 -1       681 1.20000E+02 2.27500E-01 5.77250E+00
 -1       682 1.20000E+02 2.27500E-01 2.22750E+00
 -1       683 1.20000E+02 3.77250E+00 2.22750E+00
 -1       684 1.20000E+02 3.77250E+00 5.77250E+00
 -1       689 1.18616E+02 2.27500E-01 2.89273E+00
 -1       690 1.21384E+02 2.27500E-01 5.10727E+00
 -1       691 1.21384E+02 3.77250E+00 5.10727E+00
 -1       692 1.18616E+02 3.77250E+00 2.89273E+00
 -1       697 1.18228E+02 2.27500E-01 4.00000E+00
 -1       698 1.21772E+02 2.27500E-01 4.00000E+00
 -1       699 1.21772E+02 3.77250E+00 4.00000E+00
 -1       700 1.18228E+02 3.77250E+00 4.00000E+00
 -1       705 1.21418E+02 2.00000E+00 2.58200E+00
 -1       706 1.18582E+02 2.00000E+00 2.58200E+00
 -1       707 1.18582E+02 2.00000E+00 5.41800E+00
 -1       708 1.21418E+02 2.00000E+00 5.41800E+00
 -1       713 1.18876E+02 1.13543E+00 2.58200E+00
 -1       714 1.21124E+02 2.86457E+00 2.58200E+00
 -1       715 1.21124E+02 2.86457E+00 5.41800E+00
 -1       716 1.18876E+02 1.13543E+00 5.41800E+00
 -1       763-9.65992E-01 2.27500E-01 1.74861E+01
 -1       764 9.65992E-01 2.27500E-01 1.45139E+01
 -1       765 9.65992E-01 3.77250E+00 1.45139E+01
 -1       766-9.65992E-01 3.77250E+00 1.74861E+01
 -1       771-9.11944E-01 2.27500E-01 1.44801E+01
 -1       772 9.11944E-01 2.27500E-01 1.75199E+01
 -1       773 9.11944E-01 3.77250E+00 1.75199E+01
 -1       774-9.11944E-01 3.77250E+00 1.44801E+01
 -1       779-1.77250E+00 2.27500E-01 1.60000E+01
 -1       780 1.77250E+00 2.27500E-01 1.60000E+01
 -1       781 1.77250E+00 3.77250E+00 1.60000E+01
 -1       782-1.77250E+00 3.77250E+00 1.60000E+01
 -1       787 1.41800E+00 2.00000E+00 1.45820E+01
 -1       788-1.41800E+00 2.00000E+00 1.45820E+01
 -1       789-1.41800E+00 2.00000E+00 1.74180E+01
 -1       790 1.41800E+00 2.00000E+00 1.74180E+01
 -1       829 1.89439E+01 2.27500E-01 3.04235E+01
 -1       830 2.10561E+01 2.27500E-01 2.75765E+01
 -1       831 2.10561E+01 3.77250E+00 2.75765E+01
 -1       832 1.89439E+01 3.77250E+00 3.04235E+01
 -1       837 1.86159E+01 2.27500E-01 2.78927E+01
 -1       838 2.13841E+01 2.27500E-01 3.01073E+01
 -1       839 2.13841E+01 3.77250E+00 3.01073E+01
 -1       840 1.86159E+01 3.77250E+00 2.78927E+01
 -1       845 1.82275E+01 2.27500E-01 2.90000E+01
 -1       846 2.17725E+01 2.27500E-01 2.90000E+01
 -1       847 2.17725E+01 3.77250E+00 2.90000E+01
 -1       848 1.82275E+01 3.77250E+00 2.90000E+01
 -1       853 2.14180E+01 2.00000E+00 2.75820E+01
 -1       854 1.85820E+01 2.00000E+00 2.75820E+01
 -1       855 1.85820E+01 2.00000E+00 3.04180E+01
 -1       856 2.14180E+01 2.00000E+00 3.04180E+01
 -1       895 3.94622E+01 2.27500E-01 4.02056E+01
 -1       896 4.05378E+01 2.27500E-01 3.68277E+01
 -1       897 4.05378E+01 3.77250E+00 3.68277E+01
 -1       898 3.94622E+01 3.77250E+00 4.02056E+01
 -1       903 3.84664E+01 2.27500E-01 3.94053E+01
 -1       904 4.15336E+01 2.27500E-01 3.76280E+01
 -1       905 4.15336E+01 3.77250E+00 3.76280E+01
 -1       906 3.84664E+01 3.77250E+00 3.94053E+01
 -1       911 3.84664E+01 2.27500E-01 3.76280E+01
 -1       912 4.15336E+01 2.27500E-01 3.94053E+01
 -1       913 4.15336E+01 3.77250E+00 3.94053E+01
 -1       914 3.84664E+01 3.77250E+00 3.76280E+01
 -1       919 3.82275E+01 2.27500E-01 3.85167E+01
 -1       920 4.17725E+01 2.27500E-01 3.85167E+01
 -1       921 4.17725E+01 3.77250E+00 3.85167E+01
 -1       922 3.82275E+01 3.77250E+00 3.85167E+01
 -1       927 4.14180E+01 2.00000E+00 3.70987E+01
 -1       928 3.85820E+01 2.00000E+00 3.70987E+01
 -1       929 3.85820E+01 2.00000E+00 3.99347E+01
 -1       930 4.14180E+01 2.00000E+00 3.99347E+01
 -1       977 6.00000E+01 2.27500E-01 4.37725E+01
 -1       978 6.00000E+01 2.27500E-01 4.02275E+01
 -1       979 6.00000E+01 3.77250E+00 4.02275E+01
 -1       980 6.00000E+01 3.77250E+00 4.37725E+01
 -1       985 5.84315E+01 2.27500E-01 4.28255E+01
 -1       986 6.15685E+01 2.27500E-01 4.11745E+01
 -1       987 6.15685E+01 3.77250E+00 4.11745E+01
 -1       988 5.84315E+01 3.77250E+00 4.28255E+01
 -1       993 5.84315E+01 2.27500E-01 4.11745E+01
 -1       994 6.15685E+01 2.27500E-01 4.28255E+01
 -1       995 6.15685E+01 3.77250E+00 4.28255E+01
 -1       996 5.84315E+01 3.77250E+00 4.11745E+01
 -1      1001 5.82275E+01 2.27500E-01 4.20000E+01
 -1      1002 6.17725E+01 2.27500E-01 4.20000E+01
 -1      1003 6.17725E+01 3.77250E+00 4.20000E+01
 -1      1004 5.82275E+01 3.77250E+00 4.20000E+01
 -1      1009 6.14180E+01 2.00000E+00 4.05820E+01
 -1      1010 5.85820E+01 2.00000E+00 4.05820E+01
 -1      1011 5.85820E+01 2.00000E+00 4.34180E+01
 -1      1012 6.14180E+01 2.00000E+00 4.34180E+01
 -1      1059 8.05378E+01 2.27500E-01 4.02056E+01
 -1      1060 7.94622E+01 2.27500E-01 3.68277E+01
 -1      1061 7.94622E+01 3.77250E+00 3.68277E+01
 -1      1062 8.05378E+01 3.77250E+00 4.02056E+01
 -1      1067 7.84664E+01 2.27500E-01 3.94053E+01
 -1      1068 8.15336E+01 2.27500E-01 3.76280E+01
 -1      1069 8.15336E+01 3.77250E+00 3.76280E+01
 -1      1070 7.84664E+01 3.77250E+00 3.94053E+01
 -1      1075 7.84664E+01 2.27500E-01 3.76280E+01
 -1      1076 8.15336E+01 2.27500E-01 3.94053E+01
 -1      1077 8.15336E+01 3.77250E+00 3.94053E+01
 -1      1078 7.84664E+01 3.77250E+00 3.76280E+01
 -1      1083 7.82275E+01 2.27500E-01 3.85167E+01
 -1      1084 8.17725E+01 2.27500E-01 3.85167E+01
 -1      1085 8.17725E+01 3.77250E+00 3.85167E+01
 -1      1086 7.82275E+01 3.77250E+00 3.85167E+01
 -1      1091 8.14180E+01 2.00000E+00 3.70987E+01
 -1      1092 7.85820E+01 2.00000E+00 3.70987E+01
 -1      1093 7.85820E+01 2.00000E+00 3.99347E+01
 -1      1094 8.14180E+01 2.00000E+00 3.99347E+01
 -1      1141 1.00866E+02 2.27500E-01 3.05467E+01
 -1      1142 9.91343E+01 2.27500E-01 2.74533E+01
 -1      1143 9.91343E+01 3.77250E+00 2.74533E+01
 -1      1144 1.00866E+02 3.77250E+00 3.05467E+01
 -1      1149 9.86159E+01 2.27500E-01 3.01073E+01
 -1      1150 1.01384E+02 2.27500E-01 2.78927E+01
 -1      1151 1.01384E+02 3.77250E+00 2.78927E+01
 -1      1152 9.86159E+01 3.77250E+00 3.01073E+01
 -1      1157 9.86159E+01 2.27500E-01 2.78927E+01
 -1      1158 1.01384E+02 2.27500E-01 3.01073E+01
 -1      1159 1.01384E+02 3.77250E+00 3.01073E+01
 -1      1160 9.86159E+01 3.77250E+00 2.78927E+01
 -1      1165 9.82275E+01 2.27500E-01 2.90000E+01
 -1      1166 1.01772E+02 2.27500E-01 2.90000E+01
 -1      1167 1.01772E+02 3.77250E+00 2.90000E+01
 -1      1168 9.82275E+01 3.77250E+00 2.90000E+01
 -1      1173 1.01418E+02 2.00000E+00 2.75820E+01
 -1      1174 9.85820E+01 2.00000E+00 2.75820E+01
 -1      1175 9.85820E+01 2.00000E+00 3.04180E+01
 -1      1176 1.01418E+02 2.00000E+00 3.04180E+01
 -1      1223 1.20966E+02 2.27500E-01 1.74861E+01
 -1      1224 1.19034E+02 2.27500E-01 1.45139E+01
 -1      1225 1.19034E+02 3.77250E+00 1.45139E+01
 -1      1226 1.20966E+02 3.77250E+00 1.74861E+01
 -1      1231 1.19088E+02 2.27500E-01 1.75199E+01
 -1      1232 1.20912E+02 2.27500E-01 1.44801E+01
 -1      1233 1.20912E+02 3.77250E+00 1.44801E+01
 -1      1234 1.19088E+02 3.77250E+00 1.75199E+01
 -1      1239 1.18228E+02 2.27500E-01 1.60000E+01
 -1      1240 1.21772E+02 2.27500E-01 1.60000E+01
 -1      1241 1.21772E+02 3.77250E+00 1.60000E+01
 -1      1242 1.18228E+02 3.77250E+00 1.60000E+01
 -1      1247 1.21418E+02 2.00000E+00 1.45820E+01
 -1      1248 1.18582E+02 2.00000E+00 1.45820E+01
 -1      1249 1.18582E+02 2.00000E+00 1.74180E+01
 -1      1250 1.21418E+02 2.00000E+00 1.74180E+01
 -1      1289 0.00000E+00 2.62275E+01 5.77250E+00
 -1      1290 0.00000E+00 2.62275E+01 2.22750E+00
 -1      1291 0.00000E+00 2.97725E+01 2.22750E+00
 -1      1292 0.00000E+00 2.97725E+01 5.77250E+00
 -1      1297-1.38409E+00 2.62275E+01 5.10727E+00
 -1      1298 1.38409E+00 2.62275E+01 2.89273E+00
 -1      1299 1.38409E+00 2.97725E+01 2.89273E+00
 -1      1300-1.38409E+00 2.97725E+01 5.10727E+00
 -1      1305-1.77250E+00 2.62275E+01 4.00000E+00
 -1      1306 1.77250E+00 2.62275E+01 4.00000E+00
 -1      1307 1.77250E+00 2.97725E+01 4.00000E+00
 -1      1308-1.77250E+00 2.97725E+01 4.00000E+00
 -1      1313 1.41800E+00 2.80000E+01 2.58200E+00
 -1      1314-1.41800E+00 2.80000E+01 2.58200E+00
 -1      1315-1.41800E+00 2.80000E+01 5.41800E+00
 -1      1316 1.41800E+00 2.80000E+01 5.41800E+00
 -1      1321-1.12394E+00 2.71354E+01 2.58200E+00
 -1      1322 1.12394E+00 2.88646E+01 2.58200E+00
 -1      1323 1.12394E+00 2.88646E+01 5.41800E+00
 -1      1324-1.12394E+00 2.71354E+01 5.41800E+00
 -1      1371 2.00000E+01 2.62275E+01 5.77250E+00
 -1      1372 2.00000E+01 2.62275E+01 2.22750E+00
 -1      1373 2.00000E+01 2.97725E+01 2.22750E+00
 -1      1374 2.00000E+01 2.97725E+01 5.77250E+00
 -1      1379 1.90881E+01 2.62275E+01 2.48009E+00
 -1      1380 2.09119E+01 2.62275E+01 5.51991E+00
 -1      1381 2.09119E+01 2.97725E+01 5.51991E+00
 -1      1382 1.90881E+01 2.97725E+01 2.48009E+00
 -1      1387 1.84664E+01 2.62275E+01 4.88864E+00
 -1      1388 2.15336E+01 2.62275E+01 3.11136E+00
 -1      1389 2.15336E+01 2.97725E+01 3.11136E+00
 -1      1390 1.84664E+01 2.97725E+01 4.88864E+00
 -1      1395 1.82275E+01 2.62275E+01 4.00000E+00
 -1      1396 2.17725E+01 2.62275E+01 4.00000E+00
 -1      1397 2.17725E+01 2.97725E+01 4.00000E+00
 -1      1398 1.82275E+01 2.97725E+01 4.00000E+00
 -1      1403 2.14180E+01 2.80000E+01 2.58200E+00
 -1      1404 1.85820E+01 2.80000E+01 2.58200E+00
 -1      1405 1.85820E+01 2.80000E+01 5.41800E+00
 -1      1406 2.14180E+01 2.80000E+01 5.41800E+00
 -1      1411 2.11239E+01 2.71354E+01 2.58200E+00
 -1      1412 1.88761E+01 2.88646E+01 2.58200E+00
 -1      1413 1.88761E+01 2.88646E+01 5.41800E+00
 -1      1414 2.11239E+01 2.71354E+01 5.41800E+00
 -1      1419 1.88761E+01 2.71354E+01 2.58200E+00
 -1      1420 2.11239E+01 2.88646E+01 2.58200E+00
 -1      1421 2.11239E+01 2.88646E+01 5.41800E+00
 -1      1422 1.88761E+01 2.71354E+01 5.41800E+00
 -1      1485 4.00000E+01 2.62275E+01 5.77250E+00
 -1      1486 4.00000E+01 2.62275E+01 2.22750E+00
 -1      1487 4.00000E+01 2.97725E+01 2.22750E+00
 -1      1488 4.00000E+01 2.97725E+01 5.77250E+00
 -1      1493 3.86159E+01 2.62275E+01 2.89273E+00
 -1      1494 4.13841E+01 2.62275E+01 5.10727E+00
 -1      1495 4.13841E+01 2.97725E+01 5.10727E+00
 -1      1496 3.86159E+01 2.97725E+01 2.89273E+00
 -1      1501 3.84315E+01 2.62275E+01 4.82554E+00
 -1      1502 4.15685E+01 2.62275E+01 3.17446E+00
 -1      1503 4.15685E+01 2.97725E+01 3.17446E+00
 -1      1504 3.84315E+01 2.97725E+01 4.82554E+00
 -1      1509 3.82275E+01 2.62275E+01 4.00000E+00
 -1      1510 4.17725E+01 2.62275E+01 4.00000E+00
 -1      1511 4.17725E+01 2.97725E+01 4.00000E+00
 -1      1512 3.82275E+01 2.97725E+01 4.00000E+00
 -1      1517 4.14180E+01 2.80000E+01 2.58200E+00
 -1      1518 3.85820E+01 2.80000E+01 2.58200E+00
 -1      1519 3.85820E+01 2.80000E+01 5.41800E+00
 -1      1520 4.14180E+01 2.80000E+01 5.41800E+00
 -1      1525 4.11239E+01 2.71354E+01 2.58200E+00
 -1      1526 3.88761E+01 2.88646E+01 2.58200E+00
 -1      1527 3.88761E+01 2.88646E+01 5.41800E+00
 -1      1528 4.11239E+01 2.71354E+01 5.41800E+00
 -1      1533 3.88761E+01 2.71354E+01 2.58200E+00
 -1      1534 4.11239E+01 2.88646E+01 2.58200E+00
 -1      1535 4.11239E+01 2.88646E+01 5.41800E+00
 -1      1536 3.88761E+01 2.71354E+01 5.41800E+00
 -1      1599 6.00000E+01 2.62275E+01 5.77250E+00
 -1      1600 6.00000E+01 2.62275E+01 2.22750E+00
 -1      1601 6.00000E+01 2.97725E+01 2.22750E+00
 -1      1602 6.00000E+01 2.97725E+01 5.77250E+00
 -1      1607 5.84664E+01 2.62275E+01 3.11136E+00
 -1      1608 6.15336E+01 2.62275E+01 4.88864E+00
 -1      1609 6.15336E+01 2.97725E+01 4.88864E+00
 -1      1610 5.84664E+01 2.97725E+01 3.11136E+00
 -1      1615 5.84664E+01 2.62275E+01 4.88864E+00
 -1      1616 6.15336E+01 2.62275E+01 3.11136E+00
 -1      1617 6.15336E+01 2.97725E+01 3.11136E+00
 -1      1618 5.84664E+01 2.97725E+01 4.88864E+00
 -1      1623 5.82275E+01 2.62275E+01 4.00000E+00
 -1      1624 6.17725E+01 2.62275E+01 4.00000E+00
 -1      1625 6.17725E+01 2.97725E+01 4.00000E+00
 -1      1626 5.82275E+01 2.97725E+01 4.00000E+00
 -1      1631 6.14180E+01 2.80000E+01 2.58200E+00
 -1      1632 5.85820E+01 2.80000E+01 2.58200E+00
 -1      1633 5.85820E+01 2.80000E+01 5.41800E+00
 -1      1634 6.14180E+01 2.80000E+01 5.41800E+00
 -1      1639 6.11239E+01 2.71354E+01 2.58200E+00
 -1      1640 5.88761E+01 2.88646E+01 2.58200E+00
 -1      1641 5.88761E+01 2.88646E+01 5.41800E+00
 -1      1642 6.11239E+01 2.71354E+01 5.41800E+00
 -1      1647 5.88761E+01 2.71354E+01 2.58200E+00
 -1      1648 6.11239E+01 2.88646E+01 2.58200E+00
 -1      1649 6.11239E+01 2.88646E+01 5.41800E+00
 -1      1650 5.88761E+01 2.71354E+01 5.41800E+00
 -1      1713 8.00000E+01 2.62275E+01 5.77250E+00
 -1      1714 8.00000E+01 2.62275E+01 2.22750E+00
 -1      1715 8.00000E+01 2.97725E+01 2.22750E+00
 -1      1716 8.00000E+01 2.97725E+01 5.77250E+00
 -1      1721 7.84315E+01 2.62275E+01 3.17446E+00
 -1      1722 8.15685E+01 2.62275E+01 4.82554E+00
 -1      1723 8.15685E+01 2.97725E+01 4.82554E+00
 -1      1724 7.84315E+01 2.97725E+01 3.17446E+00
 -1      1729 7.86159E+01 2.62275E+01 5.10727E+00
 -1      1730 8.13841E+01 2.62275E+01 2.89273E+00
 -1      1731 8.13841E+01 2.97725E+01 2.89273E+00
 -1      1732 7.86159E+01 2.97725E+01 5.10727E+00
 -1      1737 7.82275E+01 2.62275E+01 4.00000E+00
 -1      1738 8.17725E+01 2.62275E+01 4.00000E+00
 -1      1739 8.17725E+01 2.97725E+01 4.00000E+00
 -1      1740 7.82275E+01 2.97725E+01 4.00000E+00
 -1      1745 8.14180E+01 2.80000E+01 2.58200E+00
 -1      1746 7.85820E+01 2.80000E+01 2.58200E+00
 -1      1747 7.85820E+01 2.80000E+01 5.41800E+00
 -1      1748 8.14180E+01 2.80000E+01 5.41800E+00
 -1      1753 8.11239E+01 2.71354E+01 2.58200E+00
 -1      1754 7.88761E+01 2.88646E+01 2.58200E+00
 -1      1755 7.88761E+01 2.88646E+01 5.41800E+00
 -1      1756 8.11239E+01 2.71354E+01 5.41800E+00
 -1      1761 7.88761E+01 2.71354E+01 2.58200E+00
 -1      1762 8.11239E+01 2.88646E+01 2.58200E+00
 -1      1763 8.11239E+01 2.88646E+01 5.41800E+00
 -1      1764 7.88761E+01 2.71354E+01 5.41800E+00
 -1      1827 1.00000E+02 2.62275E+01 5.77250E+00
 -1      1828 1.00000E+02 2.62275E+01 2.22750E+00
 -1      1829 1.00000E+02 2.97725E+01 2.22750E+00
 -1      1830 1.00000E+02 2.97725E+01 5.77250E+00
 -1      1835 9.84664E+01 2.62275E+01 3.11136E+00
 -1      1836 1.01534E+02 2.62275E+01 4.88864E+00
 -1      1837 1.01534E+02 2.97725E+01 4.88864E+00
 -1      1838 9.84664E+01 2.97725E+01 3.11136E+00
 -1      1843 9.90881E+01 2.62275E+01 5.51991E+00
 -1      1844 1.00912E+02 2.62275E+01 2.48009E+00
 -1      1845 1.00912E+02 2.97725E+01 2.48009E+00
 -1      1846 9.90881E+01 2.97725E+01 5.51991E+00
 -1      1851 9.82275E+01 2.62275E+01 4.00000E+00
 -1      1852 1.01772E+02 2.62275E+01 4.00000E+00
 -1      1853 1.01772E+02 2.97725E+01 4.00000E+00
 -1      1854 9.82275E+01 2.97725E+01 4.00000E+00
 -1      1859 1.01418E+02 2.80000E+01 2.58200E+00
 -1      1860 9.85820E+01 2.80000E+01 2.58200E+00
 -1      1861 9.85820E+01 2.80000E+01 5.41800E+00
 -1      1862 1.01418E+02 2.80000E+01 5.41800E+00
 -1      1867 1.01124E+02 2.71354E+01 2.58200E+00
 -1      1868 9.88761E+01 2.88646E+01 2.58200E+00
 -1      1869 9.88761E+01 2.88646E+01 5.41800E+00
 -1      1870 1.01124E+02 2.71354E+01 5.41800E+00
 -1      1875 9.88761E+01 2.71354E+01 2.58200E+00
 -1      1876 1.01124E+02 2.88646E+01 2.58200E+00
 -1      1877 1.01124E+02 2.88646E+01 5.41800E+00
 -1      1878 9.88761E+01 2.71354E+01 5.41800E+00
 -1      1941 1.20000E+02 2.62275E+01 5.77250E+00
 -1      1942 1.20000E+02 2.62275E+01 2.22750E+00
 -1      1943 1.20000E+02 2.97725E+01 2.22750E+00
 -1      1944 1.20000E+02 2.97725E+01 5.77250E+00
 -1      1949 1.18616E+02 2.62275E+01 2.89273E+00
 -1      1950 1.21384E+02 2.62275E+01 5.10727E+00
 -1      1951 1.21384E+02 2.97725E+01 5.10727E+00
 -1      1952 1.18616E+02 2.97725E+01 2.89273E+00
 -1      1957 1.18228E+02 2.62275E+01 4.00000E+00
 -1      1958 1.21772E+02 2.62275E+01 4.00000E+00
 -1      1959 1.21772E+02 2.97725E+01 4.00000E+00
 -1      1960 1.18228E+02 2.97725E+01 4.00000E+00
 -1      1965 1.21418E+02 2.80000E+01 2.58200E+00
 -1      1966 1.18582E+02 2.80000E+01 2.58200E+00
 -1      1967 1.18582E+02 2.80000E+01 5.41800E+00
 -1      1968 1.21418E+02 2.80000E+01 5.41800E+00
 -1      1973 1.21124E+02 2.71354E+01 2.58200E+00
 -1      1974 1.18876E+02 2.88646E+01 2.58200E+00
 -1      1975 1.18876E+02 2.88646E+01 5.41800E+00
 -1      1976 1.21124E+02 2.71354E+01 5.41800E+00
 -1      2023-9.65992E-01 2.62275E+01 1.74861E+01
 -1      2024 9.65992E-01 2.62275E+01 1.45139E+01
 -1      2025 9.65992E-01 2.97725E+01 1.45139E+01
 -1      2026-9.65992E-01 2.97725E+01 1.74861E+01
 -1      2031-9.11944E-01 2.62275E+01 1.44801E+01
 -1      2032 9.11944E-01 2.62275E+01 1.75199E+01
 -1      2033 9.11944E-01 2.97725E+01 1.75199E+01
 -1      2034-9.11944E-01 2.97725E+01 1.44801E+01
 -1      2039-1.77250E+00 2.62275E+01 1.60000E+01
 -1      2040 1.77250E+00 2.62275E+01 1.60000E+01
 -1      2041 1.77250E+00 2.97725E+01 1.60000E+01
 -1      2042-1.77250E+00 2.97725E+01 1.60000E+01
 -1      2047 1.41800E+00 2.80000E+01 1.45820E+01
 -1      2048-1.41800E+00 2.80000E+01 1.45820E+01
 -1      2049-1.41800E+00 2.80000E+01 1.74180E+01
 -1      2050 1.41800E+00 2.80000E+01 1.74180E+01
 -1      2089 1.89439E+01 2.62275E+01 3.04235E+01
 -1      2090 2.10561E+01 2.62275E+01 2.75765E+01
 -1      2091 2.10561E+01 2.97725E+01 2.75765E+01
 -1      2092 1.89439E+01 2.97725E+01 3.04235E+01
 -1      2097 1.86159E+01 2.62275E+01 2.78927E+01
 -1      2098 2.13841E+01 2.62275E+01 3.01073E+01
 -1      2099 2.13841E+01 2.97725E+01 3.01073E+01
 -1      2100 1.86159E+01 2.97725E+01 2.78927E+01
 -1      2105 1.82275E+01 2.62275E+01 2.90000E+01
 -1      2106 2.17725E+01 2.62275E+01 2.90000E+01
 -1      2107 2.17725E+01 2.97725E+01 2.90000E+01
 -1      2108 1.82275E+01 2.97725E+01 2.90000E+01
 -1      2113 2.14180E+01 2.80000E+01 2.75820E+01
 -1      2114 1.85820E+01 2.80000E+01 2.75820E+01
 -1      2115 1.85820E+01 2.80000E+01 3.04180E+01
 -1      2116 2.14180E+01 2.80000E+01 3.04180E+01
 -1      2155 3.94622E+01 2.62275E+01 4.02056E+01
 -1      2156 4.05378E+01 2.62275E+01 3.68277E+01
 -1      2157 4.05378E+01 2.97725E+01 3.68277E+01
 -1      2158 3.94622E+01 2.97725E+01 4.02056E+01
 -1      2163 3.84664E+01 2.62275E+01 3.94053E+01
 -1      2164 4.15336E+01 2.62275E+01 3.76280E+01
 -1      2165 4.15336E+01 2.97725E+01 3.76280E+01
 -1      2166 3.84664E+01 2.97725E+01 3.94053E+01
 -1      2171 3.84664E+01 2.62275E+01 3.76280E+01
 -1      2172 4.15336E+01 2.62275E+01 3.94053E+01
 -1      2173 4.15336E+01 2.97725E+01 3.94053E+01
 -1      2174 3.84664E+01 2.97725E+01 3.76280E+01
 -1      2179 3.82275E+01 2.62275E+01 3.85167E+01
 -1      2180 4.17725E+01 2.62275E+01 3.85167E+01
 -1      2181 4.17725E+01 2.97725E+01 3.85167E+01
 -1      2182 3.82275E+01 2.97725E+01 3.85167E+01
 -1      2187 4.14180E+01 2.80000E+01 3.70987E+01
 -1      2188 3.85820E+01 2.80000E+01 3.70987E+01
 -1      2189 3.85820E+01 2.80000E+01 3.99347E+01
 -1      2190 4.14180E+01 2.80000E+01 3.99347E+01
 -1      2237 6.00000E+01 2.62275E+01 4.37725E+01
 -1      2238 6.00000E+01 2.62275E+01 4.02275E+01
 -1      2239 6.00000E+01 2.97725E+01 4.02275E+01
 -1      2240 6.00000E+01 2.97725E+01 4.37725E+01
 -1      2245 5.84315E+01 2.62275E+01 4.28255E+01
 -1      2246 6.15685E+01 2.62275E+01 4.11745E+01
 -1      2247 6.15685E+01 2.97725E+01 4.11745E+01
 -1      2248 5.84315E+01 2.97725E+01 4.28255E+01
 -1      2253 5.84315E+01 2.62275E+01 4.11745E+01
 -1      2254 6.15685E+01 2.62275E+01 4.28255E+01
 -1      2255 6.15685E+01 2.97725E+01 4.28255E+01
 -1      2256 5.84315E+01 2.97725E+01 4.11745E+01
 -1      2261 5.82275E+01 2.62275E+01 4.20000E+01
 -1      2262 6.17725E+01 2.62275E+01 4.20000E+01
 -1      2263 6.17725E+01 2.97725E+01 4.20000E+01
 -1      2264 5.82275E+01 2.97725E+01 4.20000E+01
 -1      2269 6.14180E+01 2.80000E+01 4.05820E+01
 -1      2270 5.85820E+01 2.80000E+01 4.05820E+01
 -1      2271 5.85820E+01 2.80000E+01 4.34180E+01
 -1      2272 6.14180E+01 2.80000E+01 4.34180E+01
 -1      2319 8.05378E+01 2.62275E+01 4.02056E+01
 -1      2320 7.94622E+01 2.62275E+01 3.68277E+01
 -1      2321 7.94622E+01 2.97725E+01 3.68277E+01
 -1      2322 8.05378E+01 2.97725E+01 4.02056E+01
 -1      2327 7.84664E+01 2.62275E+01 3.94053E+01
 -1      2328 8.15336E+01 2.62275E+01 3.76280E+01
 -1      2329 8.15336E+01 2.97725E+01 3.76280E+01
 -1      2330 7.84664E+01 2.97725E+01 3.94053E+01
 -1      2335 7.84664E+01 2.62275E+01 3.76280E+01
 -1      2336 8.15336E+01 2.62275E+01 3.94053E+01
 -1      2337 8.15336E+01 2.97725E+01 3.94053E+01
 -1      2338 7.84664E+01 2.97725E+01 3.76280E+01
 -1      2343 7.82275E+01 2.62275E+01 3.85167E+01
 -1      2344 8.17725E+01 2.62275E+01 3.85167E+01
 -1      2345 8.17725E+01 2.97725E+01 3.85167E+01
 -1      2346 7.82275E+01 2.97725E+01 3.85167E+01
 -1      2351 8.14180E+01 2.80000E+01 3.70987E+01
 -1      2352 7.85820E+01 2.80000E+01 3.70987E+01
 -1      2353 7.85820E+01 2.80000E+01 3.99347E+01
 -1      2354 8.14180E+01 2.80000E+01 3.99347E+01
 -1      2401 1.00866E+02 2.62275E+01 3.05467E+01
 -1      2402 9.91343E+01 2.62275E+01 2.74533E+01
 -1      2403 9.91343E+01 2.97725E+01 2.74533E+01
 -1      2404 1.00866E+02 2.97725E+01 3.05467E+01
 -1      2409 9.86159E+01 2.62275E+01 3.01073E+01
 -1      2410 1.01384E+02 2.62275E+01 2.78927E+01
 -1      2411 1.01384E+02 2.97725E+01 2.78927E+01
 -1      2412 9.86159E+01 2.97725E+01 3.01073E+01
 -1      2417 9.86159E+01 2.62275E+01 2.78927E+01
 -1      2418 1.01384E+02 2.62275E+01 3.01073E+01
 -1      2419 1.01384E+02 2.97725E+01 3.01073E+01
 -1      2420 9.86159E+01 2.97725E+01 2.78927E+01
 -1      2425 9.82275E+01 2.62275E+01 2.90000E+01
 -1      2426 1.01772E+02 2.62275E+01 2.90000E+01
 -1      2427 1.01772E+02 2.97725E+01 2.90000E+01
 -1      2428 9.82275E+01 2.97725E+01 2.90000E+01
 -1      2433 1.01418E+02 2.80000E+01 2.75820E+01
 -1      2434 9.85820E+01 2.80000E+01 2.75820E+01
 -1      2435 9.85820E+01 2.80000E+01 3.04180E+01
 -1      2436 1.01418E+02 2.80000E+01 3.04180E+01
 -1      2483 1.20966E+02 2.62275E+01 1.74861E+01
 -1      2484 1.19034E+02 2.62275E+01 1.45139E+01
 -1      2485 1.19034E+02 2.97725E+01 1.45139E+01
 -1      2486 1.20966E+02 2.97725E+01 1.74861E+01
 -1      2491 1.19088E+02 2.62275E+01 1.75199E+01
 -1      2492 1.20912E+02 2.62275E+01 1.44801E+01
 -1      2493 1.20912E+02 2.97725E+01 1.44801E+01
 -1      2494 1.19088E+02 2.97725E+01 1.75199E+01
 -1      2499 1.18228E+02 2.62275E+01 1.60000E+01
 -1      2500 1.21772E+02 2.62275E+01 1.60000E+01
 -1      2501 1.21772E+02 2.97725E+01 1.60000E+01
 -1      2502 1.18228E+02 2.97725E+01 1.60000E+01
 -1      2507 1.21418E+02 2.80000E+01 1.45820E+01
 -1      2508 1.18582E+02 2.80000E+01 1.45820E+01
 -1      2509 1.18582E+02 2.80000E+01 1.74180E+01
 -1      2510 1.21418E+02 2.80000E+01 1.74180E+01
 -3
    3C                            88                                     1
 -1         1    1    0    1
 -2        29       111       112        30        32       114       113        31
 -1         2    1    0    1
 -2       763       829       830       764       766       832       831       765
 -1         3    1    0    1
 -2        37       829       830        38        40       832       831        39
 -1         4    1    0    1
 -2       119       771       772       120       122       774       773       121
 -1         5    1    0    1
 -2       111       225       226       112       114       228       227       113
 -1         6    1    0    1
 -2       829       895       896       830       832       898       897       831
 -1         7    1    0    1
 -2       127       903       904       128       130       906       905       129
 -1         8    1    0    1
 -2       233       837       838       234       236       840       839       235
 -1         9    1    0    1
 -2       225       339       340       226       228       342       341       227
 -1        10    1    0    1
 -2       895       977       978       896       898       980       979       897
 -1        11    1    0    1
 -2       241       985       986       242       244       988       987       243
 -1        12    1    0    1
 -2       347       911       912       348       350       914       913       349
 -1        13    1    0    1
 -2       339       453       454       340       342       456       455       341
 -1        14    1    0    1
 -2       977      1059      1060       978       980      1062      1061       979
 -1        15    1    0    1
 -2       355      1067      1068       356       358      1070      1069       357
 -1        16    1    0    1
 -2       461       993       994       462       464       996       995       463
 -1        17    1    0    1
 -2       453       567       568       454       456       570       569       455
 -1        18    1    0    1
 -2      1059      1141      1142      1060      1062      1144      1143      1061
 -1        19    1    0    1
 -2       469      1149      1150       470       472      1152      1151       471
 -1        20    1    0    1
 -2       575      1075      1076       576       578      1078      1077       577
 -1        21    1    0    1
 -2       567       681       682       568       570       684       683       569
 -1        22    1    0    1
 -2      1141      1223      1224      1142      1144      1226      1225      1143
 -1        23    1    0    1
 -2       583      1231      1232       584       586      1234      1233       585
 -1        24    1    0    1
 -2       689      1157      1158       690       692      1160      1159       691
 -1        25    1    0    1
 -2        45       779       780        46        48       782       781        47
 -1        26    1    0    1
 -2       135       845       846       136       138       848       847       137
 -1        27    1    0    1
 -2       249       919       920       250       252       922       921       251
 -1        28    1    0    1
 -2       363      1001      1002       364       366      1004      1003       365
 -1        29    1    0    1
 -2       477      1083      1084       478       480      1086      1085       479
 -1        30    1    0    1
 -2       591      1165      1166       592       594      1168      1167       593
 -1        31    1    0    1
 -2       697      1239      1240       698       700      1242      1241       699
 -1        32    1    0    1
 -2      1289      1371      1372      1290      1292      1374      1373      1291
 -1        33    1    0    1
 -2      2023      2089      2090      2024      2026      2092      2091      2025
 -1        34    1    0    1
 -2      1297      2089      2090      1298      1300      2092      2091      1299
 -1        35    1    0    1
 -2      1379      2031      2032      1380      1382      2034      2033      1381
 -1        36    1    0    1
 -2      1371      1485      1486      1372      1374      1488      1487      1373
 -1        37    1    0    1
 -2      2089      2155      2156      2090      2092      2158      2157      2091
 -1        38    1    0    1
 -2      1387      2163      2164      1388      1390      2166      2165      1389
 -1        39    1    0    1
 -2      1493      2097      2098      1494      1496      2100      2099      1495
 -1        40    1    0    1
 -2      1485      1599      1600      1486      1488      1602      1601      1487
 -1        41    1    0    1
 -2      2155      2237      2238      2156      2158      2240      2239      2157
 -1        42    1    0    1
 -2      1501      2245      2246      1502      1504      2248      2247      1503
 -1        43    1    0    1
 -2      1607      2171      2172      1608      1610      2174      2173      1609
 -1        44    1    0    1
 -2      1599      1713      1714      1600      1602      1716      1715      1601
 -1        45    1    0    1
 -2      2237      2319      2320      2238      2240      2322      2321      2239
 -1        46    1    0    1
 -2      1615      2327      2328      1616      1618      2330      2329      1617
 -1        47    1    0    1
 -2      1721      2253      2254      1722      1724      2256      2255      1723
 -1        48    1    0    1
 -2      1713      1827      1828      1714      1716      1830      1829      1715
 -1        49    1    0    1
 -2      2319      2401      2402      2320      2322      2404      2403      2321
 -1        50    1    0    1
 -2      1729      2409      2410      1730      1732      2412      2411      1731
 -1        51    1    0    1
 -2      1835      2335      2336      1836      1838      2338      2337      1837
 -1        52    1    0    1
 -2      1827      1941      1942      1828      1830      1944      1943      1829
 -1        53    1    0    1
 -2      2401      2483      2484      2402      2404      2486      2485      2403
 -1        54    1    0    1
 -2      1843      2491      2492      1844      1846      2494      2493      1845
 -1        55    1    0    1
 -2      1949      2417      2418      1950      1952      2420      2419      1951
 -1        56    1    0    1
 -2      1305      2039      2040      1306      1308      2042      2041      1307
 -1        57    1    0    1
 -2      1395      2105      2106      1396      1398      2108      2107      1397
 -1        58    1    0    1
 -2      1509      2179      2180      1510      1512      2182      2181      1511
 -1        59    1    0    1
 -2      1623      2261      2262      1624      1626      2264      2263      1625
 -1        60    1    0    1
 -2      1737      2343      2344      1738      1740      2346      2345      1739
 -1        61    1    0    1
 -2      1851      2425      2426      1852      1854      2428      2427      1853
 -1        62    1    0    1
 -2      1957      2499      2500      1958      1960      2502      2501      1959
 -1        63    1    0    1
 -2        53      1313      1314        54        56      1316      1315        55
 -1        64    1    0    1
 -2       787      2047      2048       788       790      2050      2049       789
 -1        65    1    0    1
 -2       143      1403      1404       144       146      1406      1405       145
 -1        66    1    0    1
 -2       853      2113      2114       854       856      2116      2115       855
 -1        67    1    0    1
 -2       257      1517      1518       258       260      1520      1519       259
 -1        68    1    0    1
 -2       927      2187      2188       928       930      2190      2189       929
 -1        69    1    0    1
 -2       371      1631      1632       372       374      1634      1633       373
 -1        70    1    0    1
 -2      1009      2269      2270      1010      1012      2272      2271      1011
 -1        71    1    0    1
 -2       485      1745      1746       486       488      1748      1747       487
 -1        72    1    0    1
 -2      1091      2351      2352      1092      1094      2354      2353      1093
 -1        73    1    0    1
 -2       599      1859      1860       600       602      1862      1861       601
 -1        74    1    0    1
 -2      1173      2433      2434      1174      1176      2436      2435      1175
 -1        75    1    0    1
 -2       705      1965      1966       706       708      1968      1967       707
 -1        76    1    0    1
 -2      1247      2507      2508      1248      1250      2510      2509      1249
 -1        77    1    0    1
 -2        61      1411      1412        62        64      1414      1413        63
 -1        78    1    0    1
 -2      1321       151       152      1322      1324       154       153      1323
 -1        79    1    0    1
 -2       159      1525      1526       160       162      1528      1527       161
 -1        80    1    0    1
 -2      1419       265       266      1420      1422       268       267      1421
 -1        81    1    0    1
 -2       273      1639      1640       274       276      1642      1641       275
 -1        82    1    0    1
 -2      1533       379       380      1534      1536       382       381      1535
 -1        83    1    0    1
 -2       387      1753      1754       388       390      1756      1755       389
 -1        84    1    0    1
 -2      1647       493       494      1648      1650       496       495      1649
 -1        85    1    0    1
 -2       501      1867      1868       502       504      1870      1869       503
 -1        86    1    0    1
 -2      1761       607       608      1762      1764       610       609      1763
 -1        87    1    0    1
 -2       615      1973      1974       616       618      1976      1975       617
 -1        88    1    0    1
 -2      1875       713       714      1876      1878       716       715      1877
 -3
    1PSTEP                         1           1           1          
  100CL  101 1.000000000         616                     0    1           1
 -4  DISP        4    1
 -5  D1          1    2    1    0
 -5  D2          1    2    2    0
 -5  D3          1    2    3    0
 -5  ALL         1    2    0    0    1ALL
 -1        29 0.00000E+00-8.69632E-05 8.69632E-05
 -1        30 0.00000E+00-8.69632E-05-8.69632E-05
 -1        31 0.00000E+00 8.69632E-05-8.69632E-05
 -1        32 0.00000E+00 8.69632E-05 8.69632E-05
 -1        37-6.79069E-05-8.69632E-05 5.43255E-05
 -1        38 6.79069E-05-8.69632E-05-5.43255E-05
 -1        39 6.79069E-05 8.69632E-05-5.43255E-05
 -1        40-6.79069E-05 8.69632E-05 5.43255E-05
 -1        45-8.69632E-05-8.69632E-05 0.00000E+00
 -1        46 8.69632E-05-8.69632E-05 0.00000E+00
 -1        47 8.69632E-05 8.69632E-05 0.00000E+00
 -1        48-8.69632E-05 8.69632E-05 0.00000E+00
 -1        53 6.95706E-05 0.00000E+00-6.95706E-05
 -1        54-6.95706E-05 0.00000E+00-6.95706E-05
 -1        55-6.95706E-05 0.00000E+00 6.95706E-05
 -1        56 6.95706E-05 0.00000E+00 6.95706E-05
 -1        61 5.51433E-05-4.24179E-05-6.95706E-05
 -1        62-5.51433E-05 4.24179E-05-6.95706E-05
 -1        63-5.51433E-05 4.24179E-05 6.95706E-05
 -1        64 5.51433E-05-4.24179E-05 6.95706E-05
 -1       111 1.15944E-03-3.72941E-04-2.37266E-02
 -1       112-2.96663E-03 8.56751E-04-2.36419E-02
 -1       113-2.71418E-03 7.72093E-04-2.24122E-02
 -1       114 1.41189E-03-4.57599E-04-2.24969E-02
 -1       119-2.65086E-03 8.34073E-04-2.25865E-02
 -1       120 8.43661E-04-3.50263E-04-2.47820E-02
 -1       121 1.09611E-03-4.34921E-04-2.35523E-02
 -1       122-2.39841E-03 7.49416E-04-2.13568E-02
 -1       127 1.67327E-04 4.28676E-05-2.19204E-02
 -1       128-1.97452E-03 4.40942E-04-2.54481E-02
 -1       129-1.72207E-03 3.56285E-04-2.42184E-02
 -1       130 4.19776E-04-4.17901E-05-2.06908E-02
 -1       135-8.61270E-04 3.68130E-04-2.16212E-02
 -1       136-9.45927E-04 1.15680E-04-2.57473E-02
 -1       137-6.93478E-04 3.10226E-05-2.45176E-02
 -1       138-6.08820E-04 2.83472E-04-2.03915E-02
 -1       143-2.46166E-03 5.90473E-04-2.46860E-02
 -1       144-2.39394E-03 7.92433E-04-2.13851E-02
 -1       145 9.06917E-04-1.91321E-04-2.14528E-02
 -1       146 8.39191E-04-3.93281E-04-2.47537E-02
 -1       151-2.46253E-03 7.92139E-04-2.20273E-02
 -1       152-2.39307E-03 5.90767E-04-2.40438E-02
 -1       153 9.07781E-04-3.92986E-04-2.41115E-02
 -1       154 8.38326E-04-1.91615E-04-2.20950E-02
 -1       159-2.51621E-03 6.32061E-04-2.46436E-02
 -1       160-2.33939E-03 7.50845E-04-2.14275E-02
 -1       161 9.61463E-04-2.32909E-04-2.14952E-02
 -1       162 7.84645E-04-3.51693E-04-2.47113E-02
 -1       225 4.92931E-03-8.03503E-04-4.06524E-02
 -1       226 3.43978E-03 4.11075E-04-4.04093E-02
 -1       227 3.51295E-03 1.67943E-04-3.91947E-02
 -1       228 5.00248E-03-1.04663E-03-3.94378E-02
 -1       233 3.81422E-03 2.11724E-04-3.98733E-02
 -1       234 4.55487E-03-6.04152E-04-4.11883E-02
 -1       235 4.62804E-03-8.47284E-04-3.99737E-02
 -1       236 3.88739E-03-3.14072E-05-3.86587E-02
 -1       241 4.63899E-03-4.46682E-04-3.99284E-02
 -1       242 3.73010E-03 5.42542E-05-4.11333E-02
 -1       243 3.80327E-03-1.88877E-04-3.99187E-02
 -1       244 4.71216E-03-6.89814E-04-3.87138E-02
 -1       249 4.30611E-03-1.59629E-04-3.97861E-02
 -1       250 4.06298E-03-2.32799E-04-4.12756E-02
 -1       251 4.13615E-03-4.75930E-04-4.00610E-02
 -1       252 4.37928E-03-4.02761E-04-3.85715E-02
 -1       257 3.52807E-03 1.38784E-04-4.04221E-02
 -1       258 3.72257E-03 1.97319E-04-3.92305E-02
 -1       259 4.91419E-03-7.74343E-04-3.94250E-02
 -1       260 4.71969E-03-8.32879E-04-4.06166E-02
 -1       265 3.68456E-03 2.50546E-04-3.96502E-02
 -1       266 3.56608E-03 8.55570E-05-4.00023E-02
 -1       267 4.75770E-03-8.86105E-04-4.01968E-02
 -1       268 4.87618E-03-7.21116E-04-3.98447E-02
 -1       273 3.53039E-03 2.04149E-04-4.05947E-02
 -1       274 3.72025E-03 1.31954E-04-3.90578E-02
 -1       275 4.91187E-03-8.39708E-04-3.92523E-02
 -1       276 4.72201E-03-7.67513E-04-4.07893E-02
 -1       339 1.07934E-02-8.16124E-04-4.51070E-02
 -1       340 1.08178E-02 4.42740E-04-4.48635E-02
 -1       341 1.08169E-02 1.99271E-04-4.36046E-02
 -1       342 1.07925E-02-1.05959E-03-4.38481E-02
 -1       347 1.09171E-02 1.28469E-04-4.49348E-02
 -1       348 1.06942E-02-5.01852E-04-4.50357E-02
 -1       349 1.06932E-02-7.45322E-04-4.37768E-02
 -1       350 1.09161E-02-1.15001E-04-4.36759E-02
 -1       355 1.09048E-02-5.02662E-04-4.50568E-02
 -1       356 1.07064E-02 1.29278E-04-4.49136E-02
 -1       357 1.07055E-02-1.14192E-04-4.36548E-02
 -1       358 1.09039E-02-7.46132E-04-4.37980E-02
 -1       363 1.09274E-02-1.87160E-04-4.49974E-02
 -1       364 1.06839E-02-1.86224E-04-4.49730E-02
 -1       365 1.06829E-02-4.29694E-04-4.37142E-02
 -1       366 1.09264E-02-4.30630E-04-4.37386E-02
 -1       371 1.07175E-02 1.95493E-04-4.42487E-02
 -1       372 1.09123E-02 1.94745E-04-4.42682E-02
 -1       373 1.08928E-02-8.12347E-04-4.44629E-02
 -1       374 1.06980E-02-8.11598E-04-4.44434E-02
 -1       379 1.08923E-02 2.54201E-04-4.45732E-02
 -1       380 1.07375E-02 1.36037E-04-4.39437E-02
 -1       381 1.07180E-02-8.71054E-04-4.41384E-02
 -1       382 1.08728E-02-7.52891E-04-4.47679E-02
 -1       387 1.07379E-02 2.54794E-04-4.45577E-02
 -1       388 1.08919E-02 1.35444E-04-4.39591E-02
 -1       389 1.08724E-02-8.71648E-04-4.41539E-02
 -1       390 1.07184E-02-7.52297E-04-4.47525E-02
 -1       453 1.66775E-02-8.00936E-04-4.03924E-02
 -1       454 1.81991E-02 4.04935E-04-4.01488E-02
 -1       455 1.81227E-02 1.61411E-04-3.89430E-02
 -1       456 1.66010E-02-1.04446E-03-3.91865E-02
 -1       461 1.79004E-02 4.89829E-05-4.08872E-02
 -1       462 1.69762E-02-4.44984E-04-3.96540E-02
 -1       463 1.68997E-02-6.88508E-04-3.84482E-02
 -1       464 1.78240E-02-1.94542E-04-3.96813E-02
 -1       469 1.70581E-02-6.04505E-04-4.09408E-02
 -1       470 1.78185E-02 2.08504E-04-3.96004E-02
 -1       471 1.77421E-02-3.50202E-05-3.83946E-02
 -1       472 1.69816E-02-8.48030E-04-3.97349E-02
 -1       477 1.75601E-02-2.36232E-04-4.10314E-02
 -1       478 1.73166E-02-1.59769E-04-3.95098E-02
 -1       479 1.72401E-02-4.03293E-04-3.83039E-02
 -1       480 1.74836E-02-4.79756E-04-3.98256E-02
 -1       485 1.79113E-02 1.93171E-04-3.89616E-02
 -1       486 1.81062E-02 1.32000E-04-4.01789E-02
 -1       487 1.68888E-02-8.32696E-04-4.03737E-02
 -1       488 1.66940E-02-7.71526E-04-3.91564E-02
 -1       493 1.81046E-02 1.97735E-04-4.03468E-02
 -1       494 1.79129E-02 1.27437E-04-3.87937E-02
 -1       495 1.66956E-02-8.37260E-04-3.89885E-02
 -1       496 1.68873E-02-7.66962E-04-4.05416E-02
 -1       501 1.79502E-02 2.46220E-04-3.93819E-02
 -1       502 1.80673E-02 7.89514E-05-3.97586E-02
 -1       503 1.68500E-02-8.85745E-04-3.99534E-02
 -1       504 1.67329E-02-7.18477E-04-3.95767E-02
 -1       567 2.03946E-02-3.87072E-04-2.33731E-02
 -1       568 2.44978E-02 8.19609E-04-2.32911E-02
 -1       569 2.42473E-02 7.37564E-04-2.20844E-02
 -1       570 2.01442E-02-4.69118E-04-2.21664E-02
 -1       575 2.35102E-02 4.10413E-04-2.50867E-02
 -1       576 2.13821E-02 2.21234E-05-2.15775E-02
 -1       577 2.11317E-02-5.99218E-05-2.03709E-02
 -1       578 2.32598E-02 3.28368E-04-2.38800E-02
 -1       583 2.07081E-02-3.65513E-04-2.44228E-02
 -1       584 2.41843E-02 7.98050E-04-2.22414E-02
 -1       585 2.39339E-02 7.16005E-04-2.10347E-02
 -1       586 2.04576E-02-4.47559E-04-2.32161E-02
 -1       591 2.24872E-02 9.10557E-05-2.53837E-02
 -1       592 2.24052E-02 3.41481E-04-2.12805E-02
 -1       593 2.21547E-02 2.59436E-04-2.00738E-02
 -1       594 2.22368E-02 9.01048E-06-2.41770E-02
 -1       599 2.39294E-02 7.58088E-04-2.10547E-02
 -1       600 2.39951E-02 5.57748E-04-2.43372E-02
 -1       601 2.07125E-02-4.07597E-04-2.44029E-02
 -1       602 2.06469E-02-2.07257E-04-2.11203E-02
 -1       607 2.40493E-02 5.98531E-04-2.42911E-02
 -1       608 2.38751E-02 7.17306E-04-2.11007E-02
 -1       609 2.05926E-02-2.48039E-04-2.11664E-02
 -1       610 2.07668E-02-3.66815E-04-2.43568E-02
 -1       615 2.39973E-02 7.57325E-04-2.16893E-02
 -1       616 2.39272E-02 5.58511E-04-2.37026E-02
 -1       617 2.06446E-02-4.06834E-04-2.37682E-02
 -1       618 2.07148E-02-2.08020E-04-2.17550E-02
 -1       681 2.15618E-02-7.26445E-05 7.26445E-05
 -1       682 2.15618E-02-7.26445E-05-7.26445E-05
 -1       683 2.15618E-02 7.26445E-05-7.26445E-05
 -1       684 2.15618E-02 7.26445E-05 7.26445E-05
 -1       689 2.15050E-02-7.26445E-05-4.53806E-05
 -1       690 2.16185E-02-7.26445E-05 4.53806E-05
 -1       691 2.16185E-02 7.26445E-05 4.53806E-05
 -1       692 2.15050E-02 7.26445E-05-4.53806E-05
 -1       697 2.14891E-02-7.26445E-05 0.00000E+00
 -1       698 2.16344E-02-7.26445E-05 0.00000E+00
 -1       699 2.16344E-02 7.26445E-05 0.00000E+00
 -1       700 2.14891E-02 7.26445E-05 0.00000E+00
 -1       705 2.16199E-02 0.00000E+00-5.81156E-05
 -1       706 2.15037E-02 0.00000E+00-5.81156E-05
 -1       707 2.15037E-02 0.00000E+00 5.81156E-05
 -1       708 2.16199E-02 0.00000E+00 5.81156E-05
 -1       713 2.15157E-02-3.54337E-05-5.81156E-05
 -1       714 2.16078E-02 3.54337E-05-5.81156E-05
 -1       715 2.16078E-02 3.54337E-05 5.81156E-05
 -1       716 2.15157E-02-3.54337E-05 5.81156E-05
 -1       763 9.66469E-03 2.54798E-04-4.01899E-04
 -1       764 6.76139E-03-4.34079E-05-2.27947E-03
 -1       765 6.90370E-03-5.14334E-05-2.54263E-03
 -1       766 9.80700E-03 2.46772E-04-6.65062E-04
 -1       771 6.73271E-03 2.94735E-05-4.47807E-04
 -1       772 9.69337E-03 1.81916E-04-2.23356E-03
 -1       773 9.83568E-03 1.73891E-04-2.49672E-03
 -1       774 6.87502E-03 2.14480E-05-7.10971E-04
 -1       779 8.21705E-03 1.76850E-04 3.88068E-04
 -1       780 8.20903E-03 3.45394E-05-3.06944E-03
 -1       781 8.35134E-03 2.65139E-05-3.33260E-03
 -1       782 8.35936E-03 1.68825E-04 1.24905E-04
 -1       787 6.89798E-03-6.05077E-05-2.85206E-03
 -1       788 6.90440E-03 5.33410E-05-8.60536E-05
 -1       789 9.67041E-03 2.63872E-04-9.24740E-05
 -1       790 9.66399E-03 1.50023E-04-2.85848E-03
 -1       829 2.02398E-02 8.82807E-04-2.12384E-02
 -1       830 1.73375E-02-2.60977E-04-2.35685E-02
 -1       831 1.80170E-02-1.19036E-04-2.44886E-02
 -1       832 2.09192E-02 1.02475E-03-2.21586E-02
 -1       837 1.75716E-02 2.88788E-04-2.09957E-02
 -1       838 2.00058E-02 3.33042E-04-2.38112E-02
 -1       839 2.06852E-02 4.74983E-04-2.47313E-02
 -1       840 1.82510E-02 4.30729E-04-2.19158E-02
 -1       845 1.87177E-02 6.50628E-04-2.05439E-02
 -1       846 1.88597E-02-2.87983E-05-2.42630E-02
 -1       847 1.95391E-02 1.13143E-04-2.51832E-02
 -1       848 1.93971E-02 7.92569E-04-2.14640E-02
 -1       853 1.76975E-02-2.57935E-04-2.44080E-02
 -1       854 1.75840E-02 2.85606E-04-2.14326E-02
 -1       855 2.05593E-02 1.02171E-03-2.13191E-02
 -1       856 2.06728E-02 4.78165E-04-2.42944E-02
 -1       895 1.79050E-02 1.23065E-03-3.70187E-02
 -1       896 1.70782E-02-1.66748E-04-3.74894E-02
 -1       897 1.73194E-02 3.08250E-05-3.88791E-02
 -1       898 1.81462E-02 1.42822E-03-3.84085E-02
 -1       903 1.76394E-02 9.84670E-04-3.68019E-02
 -1       904 1.73438E-02 7.92302E-05-3.77062E-02
 -1       905 1.75850E-02 2.76803E-04-3.90960E-02
 -1       906 1.78806E-02 1.18224E-03-3.81916E-02
 -1       911 1.71728E-02 2.87932E-04-3.69010E-02
 -1       912 1.78104E-02 7.75968E-04-3.76072E-02
 -1       913 1.80516E-02 9.73540E-04-3.89969E-02
 -1       914 1.74140E-02 4.85505E-04-3.82907E-02
 -1       919 1.73928E-02 6.52553E-04-3.67887E-02
 -1       920 1.75904E-02 4.11347E-04-3.77194E-02
 -1       921 1.78316E-02 6.08920E-04-3.91091E-02
 -1       922 1.76340E-02 8.50125E-04-3.81785E-02
 -1       927 1.73190E-02-2.16359E-05-3.84002E-02
 -1       928 1.71609E-02 1.71328E-04-3.76557E-02
 -1       929 1.79055E-02 1.28311E-03-3.74976E-02
 -1       930 1.80635E-02 1.09014E-03-3.82422E-02
 -1       977 1.05928E-02 1.50252E-03-4.11373E-02
 -1       978 1.06111E-02 6.74202E-05-4.13220E-02
 -1       979 1.06047E-02 2.52114E-04-4.27571E-02
 -1       980 1.05864E-02 1.68722E-03-4.25724E-02
 -1       985 1.05159E-02 1.11636E-03-4.11948E-02
 -1       986 1.06879E-02 4.53588E-04-4.12646E-02
 -1       987 1.06815E-02 6.38282E-04-4.26997E-02
 -1       988 1.05096E-02 1.30105E-03-4.26299E-02
 -1       993 1.05245E-02 4.47962E-04-4.12808E-02
 -1       994 1.06794E-02 1.12198E-03-4.11786E-02
 -1       995 1.06730E-02 1.30668E-03-4.26137E-02
 -1       996 1.05181E-02 6.32655E-04-4.27159E-02
 -1      1001 1.05096E-02 7.81793E-04-4.12388E-02
 -1      1002 1.06943E-02 7.88152E-04-4.12205E-02
 -1      1003 1.06879E-02 9.72845E-04-4.26556E-02
 -1      1004 1.05032E-02 9.66487E-04-4.26739E-02
 -1      1009 1.06799E-02 3.05821E-04-4.20138E-02
 -1      1010 1.05322E-02 3.00734E-04-4.20284E-02
 -1      1011 1.05176E-02 1.44882E-03-4.18807E-02
 -1      1012 1.06653E-02 1.45390E-03-4.18660E-02
 -1      1059 3.27874E-03 1.26125E-03-3.69025E-02
 -1      1060 4.12625E-03-1.35741E-04-3.73900E-02
 -1      1061 3.88631E-03 7.16061E-05-3.87797E-02
 -1      1062 3.03880E-03 1.46860E-03-3.82922E-02
 -1      1067 3.37328E-03 8.07318E-04-3.75076E-02
 -1      1068 4.03171E-03 3.18195E-04-3.67849E-02
 -1      1069 3.79177E-03 5.25541E-04-3.81746E-02
 -1      1070 3.13334E-03 1.01466E-03-3.88973E-02
 -1      1075 3.85230E-03 1.10589E-04-3.76116E-02
 -1      1076 3.55268E-03 1.01492E-03-3.66809E-02
 -1      1077 3.31274E-03 1.22227E-03-3.80706E-02
 -1      1078 3.61236E-03 3.17936E-04-3.90013E-02
 -1      1083 3.59882E-03 4.42787E-04-3.76240E-02
 -1      1084 3.80617E-03 6.82726E-04-3.66685E-02
 -1      1085 3.56623E-03 8.90072E-04-3.80582E-02
 -1      1086 3.35888E-03 6.50134E-04-3.90137E-02
 -1      1091 4.04765E-03 2.06522E-04-3.75418E-02
 -1      1092 3.88177E-03 1.45713E-05-3.83062E-02
 -1      1093 3.11740E-03 1.12634E-03-3.81403E-02
 -1      1094 3.28327E-03 1.31829E-03-3.73760E-02
 -1      1141 1.37250E-03 8.53742E-04-2.10013E-02
 -1      1142 4.58299E-03-2.64899E-04-2.29519E-02
 -1      1143 3.91425E-03-1.30742E-04-2.38595E-02
 -1      1144 7.03764E-04 9.87899E-04-2.19089E-02
 -1      1149 1.75274E-03 3.16826E-04-2.34005E-02
 -1      1150 4.20274E-03 2.72018E-04-2.05527E-02
 -1      1151 3.53401E-03 4.06174E-04-2.14604E-02
 -1      1152 1.08401E-03 4.50982E-04-2.43081E-02
 -1      1157 4.09798E-03-2.50177E-04-2.34843E-02
 -1      1158 1.85750E-03 8.39020E-04-2.04689E-02
 -1      1159 1.18877E-03 9.73177E-04-2.13766E-02
 -1      1160 3.42925E-03-1.16021E-04-2.43919E-02
 -1      1165 2.91067E-03-3.99463E-05-2.38537E-02
 -1      1166 3.04482E-03 6.28789E-04-2.00995E-02
 -1      1167 2.37609E-03 7.62946E-04-2.10071E-02
 -1      1168 2.24193E-03 9.42104E-05-2.47613E-02
 -1      1173 4.19872E-03 2.65935E-04-2.09824E-02
 -1      1174 4.09140E-03-2.69053E-04-2.39858E-02
 -1      1175 1.08803E-03 4.57065E-04-2.38784E-02
 -1      1176 1.19535E-03 9.92053E-04-2.08751E-02
 -1      1223 1.21084E-02 2.51693E-04-3.50322E-04
 -1      1224 1.49144E-02-4.34452E-05-2.16519E-03
 -1      1225 1.47692E-02-5.10199E-05-2.42281E-03
 -1      1226 1.19632E-02 2.44118E-04-6.07949E-04
 -1      1231 1.20806E-02 1.77228E-04-2.12066E-03
 -1      1232 1.49422E-02 3.10196E-05-3.94849E-04
 -1      1233 1.47970E-02 2.34449E-05-6.52476E-04
 -1      1234 1.19354E-02 1.69653E-04-2.37829E-03
 -1      1239 1.35152E-02 3.15237E-05-2.92863E-03
 -1      1240 1.35076E-02 1.76724E-04 4.13120E-04
 -1      1241 1.33624E-02 1.69149E-04 1.55493E-04
 -1      1242 1.33700E-02 2.39491E-05-3.18625E-03
 -1      1247 1.47725E-02 5.53657E-05-4.68382E-05
 -1      1248 1.47786E-02-6.07944E-05-2.72024E-03
 -1      1249 1.21052E-02 1.45307E-04-2.72630E-03
 -1      1250 1.20991E-02 2.61467E-04-5.28979E-05
 -1      1289 0.00000E+00-8.69632E-05 8.69632E-05
 -1      1290 0.00000E+00-8.69632E-05-8.69632E-05
 -1      1291 0.00000E+00 8.69632E-05-8.69632E-05
 -1      1292 0.00000E+00 8.69632E-05 8.69632E-05
 -1      1297-6.79069E-05-8.69632E-05 5.43255E-05
 -1      1298 6.79069E-05-8.69632E-05-5.43255E-05
 -1      1299 6.79069E-05 8.69632E-05-5.43255E-05
 -1      1300-6.79069E-05 8.69632E-05 5.43255E-05
 -1      1305-8.69632E-05-8.69632E-05 0.00000E+00
 -1      1306 8.69632E-05-8.69632E-05 0.00000E+00
 -1      1307 8.69632E-05 8.69632E-05 0.00000E+00
 -1      1308-8.69632E-05 8.69632E-05 0.00000E+00
 -1      1313 6.95706E-05 0.00000E+00-6.95706E-05
 -1      1314-6.95706E-05 0.00000E+00-6.95706E-05
 -1      1315-6.95706E-05 0.00000E+00 6.95706E-05
 -1      1316 6.95706E-05 0.00000E+00 6.95706E-05
 -1      1321-5.51433E-05-4.24179E-05-6.95706E-05
 -1      1322 5.51433E-05 4.24179E-05-6.95706E-05
 -1      1323 5.51433E-05 4.24179E-05 6.95706E-05
 -1      1324-5.51433E-05-4.24179E-05 6.95706E-05
 -1      1371 1.41189E-03 4.57599E-04-2.24969E-02
 -1      1372-2.71418E-03-7.72093E-04-2.24122E-02
 -1      1373-2.96663E-03-8.56751E-04-2.36419E-02
 -1      1374 1.15944E-03 3.72941E-04-2.37266E-02
 -1      1379-2.39841E-03-7.49416E-04-2.13568E-02
 -1      1380 1.09611E-03 4.34921E-04-2.35523E-02
 -1      1381 8.43661E-04 3.50263E-04-2.47820E-02
 -1      1382-2.65086E-03-8.34073E-04-2.25865E-02
 -1      1387 4.19776E-04 4.17901E-05-2.06908E-02
 -1      1388-1.72207E-03-3.56285E-04-2.42184E-02
 -1      1389-1.97452E-03-4.40942E-04-2.54481E-02
 -1      1390 1.67327E-04-4.28676E-05-2.19204E-02
 -1      1395-6.08820E-04-2.83472E-04-2.03915E-02
 -1      1396-6.93478E-04-3.10226E-05-2.45176E-02
 -1      1397-9.45927E-04-1.15680E-04-2.57473E-02
 -1      1398-8.61270E-04-3.68130E-04-2.16212E-02
 -1      1403-2.46166E-03-5.90473E-04-2.46860E-02
 -1      1404-2.39394E-03-7.92433E-04-2.13851E-02
 -1      1405 9.06917E-04 1.91321E-04-2.14528E-02
 -1      1406 8.39191E-04 3.93281E-04-2.47537E-02
 -1      1411-2.39307E-03-5.90767E-04-2.40438E-02
 -1      1412-2.46253E-03-7.92139E-04-2.20273E-02
 -1      1413 8.38326E-04 1.91615E-04-2.20950E-02
 -1      1414 9.07781E-04 3.92986E-04-2.41115E-02
 -1      1419-2.33939E-03-7.50845E-04-2.14275E-02
 -1      1420-2.51621E-03-6.32061E-04-2.46436E-02
 -1      1421 7.84645E-04 3.51693E-04-2.47113E-02
 -1      1422 9.61463E-04 2.32909E-04-2.14952E-02
 -1      1485 5.00248E-03 1.04663E-03-3.94378E-02
 -1      1486 3.51295E-03-1.67943E-04-3.91947E-02
 -1      1487 3.43978E-03-4.11075E-04-4.04093E-02
 -1      1488 4.92931E-03 8.03503E-04-4.06524E-02
 -1      1493 3.88739E-03 3.14072E-05-3.86587E-02
 -1      1494 4.62804E-03 8.47284E-04-3.99737E-02
 -1      1495 4.55487E-03 6.04152E-04-4.11883E-02
 -1      1496 3.81422E-03-2.11724E-04-3.98733E-02
 -1      1501 4.71216E-03 6.89814E-04-3.87138E-02
 -1      1502 3.80327E-03 1.88877E-04-3.99187E-02
 -1      1503 3.73010E-03-5.42542E-05-4.11333E-02
 -1      1504 4.63899E-03 4.46682E-04-3.99284E-02
 -1      1509 4.37928E-03 4.02761E-04-3.85715E-02
 -1      1510 4.13615E-03 4.75930E-04-4.00610E-02
 -1      1511 4.06298E-03 2.32799E-04-4.12756E-02
 -1      1512 4.30611E-03 1.59629E-04-3.97861E-02
 -1      1517 3.52807E-03-1.38784E-04-4.04221E-02
 -1      1518 3.72257E-03-1.97319E-04-3.92305E-02
 -1      1519 4.91419E-03 7.74343E-04-3.94250E-02
 -1      1520 4.71969E-03 8.32879E-04-4.06166E-02
 -1      1525 3.56608E-03-8.55570E-05-4.00023E-02
 -1      1526 3.68456E-03-2.50546E-04-3.96502E-02
 -1      1527 4.87618E-03 7.21116E-04-3.98447E-02
 -1      1528 4.75770E-03 8.86105E-04-4.01968E-02
 -1      1533 3.72025E-03-1.31954E-04-3.90578E-02
 -1      1534 3.53039E-03-2.04149E-04-4.05947E-02
 -1      1535 4.72201E-03 7.67513E-04-4.07893E-02
 -1      1536 4.91187E-03 8.39708E-04-3.92523E-02
 -1      1599 1.07925E-02 1.05959E-03-4.38481E-02
 -1      1600 1.08169E-02-1.99271E-04-4.36046E-02
 -1      1601 1.08178E-02-4.42740E-04-4.48635E-02
 -1      1602 1.07934E-02 8.16124E-04-4.51070E-02
 -1      1607 1.09161E-02 1.15001E-04-4.36759E-02
 -1      1608 1.06932E-02 7.45322E-04-4.37768E-02
 -1      1609 1.06942E-02 5.01852E-04-4.50357E-02
 -1      1610 1.09171E-02-1.28469E-04-4.49348E-02
 -1      1615 1.09039E-02 7.46132E-04-4.37980E-02
 -1      1616 1.07055E-02 1.14192E-04-4.36548E-02
 -1      1617 1.07064E-02-1.29278E-04-4.49136E-02
 -1      1618 1.09048E-02 5.02662E-04-4.50568E-02
 -1      1623 1.09264E-02 4.30630E-04-4.37386E-02
 -1      1624 1.06829E-02 4.29694E-04-4.37142E-02
 -1      1625 1.06839E-02 1.86224E-04-4.49730E-02
 -1      1626 1.09274E-02 1.87160E-04-4.49974E-02
 -1      1631 1.07175E-02-1.95493E-04-4.42487E-02
 -1      1632 1.09123E-02-1.94745E-04-4.42682E-02
 -1      1633 1.08928E-02 8.12347E-04-4.44629E-02
 -1      1634 1.06980E-02 8.11598E-04-4.44434E-02
 -1      1639 1.07375E-02-1.36037E-04-4.39437E-02
 -1      1640 1.08923E-02-2.54201E-04-4.45732E-02
 -1      1641 1.08728E-02 7.52891E-04-4.47679E-02
 -1      1642 1.07180E-02 8.71054E-04-4.41384E-02
 -1      1647 1.08919E-02-1.35444E-04-4.39591E-02
 -1      1648 1.07379E-02-2.54794E-04-4.45577E-02
 -1      1649 1.07184E-02 7.52297E-04-4.47525E-02
 -1      1650 1.08724E-02 8.71648E-04-4.41539E-02
 -1      1713 1.66010E-02 1.04446E-03-3.91865E-02
 -1      1714 1.81227E-02-1.61411E-04-3.89430E-02
 -1      1715 1.81991E-02-4.04935E-04-4.01488E-02
 -1      1716 1.66775E-02 8.00936E-04-4.03924E-02
 -1      1721 1.78240E-02 1.94542E-04-3.96813E-02
 -1      1722 1.68997E-02 6.88508E-04-3.84482E-02
 -1      1723 1.69762E-02 4.44984E-04-3.96540E-02
 -1      1724 1.79004E-02-4.89829E-05-4.08872E-02
 -1      1729 1.69816E-02 8.48030E-04-3.97349E-02
 -1      1730 1.77421E-02 3.50202E-05-3.83946E-02
 -1      1731 1.78185E-02-2.08504E-04-3.96004E-02
 -1      1732 1.70581E-02 6.04505E-04-4.09408E-02
 -1      1737 1.74836E-02 4.79756E-04-3.98256E-02
 -1      1738 1.72401E-02 4.03293E-04-3.83039E-02
 -1      1739 1.73166E-02 1.59769E-04-3.95098E-02
 -1      1740 1.75601E-02 2.36232E-04-4.10314E-02
 -1      1745 1.79113E-02-1.93171E-04-3.89616E-02
 -1      1746 1.81062E-02-1.32000E-04-4.01789E-02
 -1      1747 1.68888E-02 8.32696E-04-4.03737E-02
 -1      1748 1.66940E-02 7.71526E-04-3.91564E-02
 -1      1753 1.79129E-02-1.27437E-04-3.87937E-02
 -1      1754 1.81046E-02-1.97735E-04-4.03468E-02
 -1      1755 1.68873E-02 7.66962E-04-4.05416E-02
 -1      1756 1.66956E-02 8.37260E-04-3.89885E-02
 -1      1761 1.80673E-02-7.89514E-05-3.97586E-02
 -1      1762 1.79502E-02-2.46220E-04-3.93819E-02
 -1      1763 1.67329E-02 7.18477E-04-3.95767E-02
 -1      1764 1.68500E-02 8.85745E-04-3.99534E-02
 -1      1827 2.01442E-02 4.69118E-04-2.21664E-02
 -1      1828 2.42473E-02-7.37564E-04-2.20844E-02
 -1      1829 2.44978E-02-8.19609E-04-2.32911E-02
 -1      1830 2.03946E-02 3.87072E-04-2.33731E-02
 -1      1835 2.32598E-02-3.28368E-04-2.38800E-02
 -1      1836 2.11317E-02 5.99218E-05-2.03709E-02
 -1      1837 2.13821E-02-2.21234E-05-2.15775E-02
 -1      1838 2.35102E-02-4.10413E-04-2.50867E-02
 -1      1843 2.04576E-02 4.47559E-04-2.32161E-02
 -1      1844 2.39339E-02-7.16005E-04-2.10347E-02
 -1      1845 2.41843E-02-7.98050E-04-2.22414E-02
 -1      1846 2.07081E-02 3.65513E-04-2.44228E-02
 -1      1851 2.22368E-02-9.01048E-06-2.41770E-02
 -1      1852 2.21547E-02-2.59436E-04-2.00738E-02
 -1      1853 2.24052E-02-3.41481E-04-2.12805E-02
 -1      1854 2.24872E-02-9.10557E-05-2.53837E-02
 -1      1859 2.39294E-02-7.58088E-04-2.10547E-02
 -1      1860 2.39951E-02-5.57748E-04-2.43372E-02
 -1      1861 2.07125E-02 4.07597E-04-2.44029E-02
 -1      1862 2.06469E-02 2.07257E-04-2.11203E-02
 -1      1867 2.38751E-02-7.17306E-04-2.11007E-02
 -1      1868 2.40493E-02-5.98531E-04-2.42911E-02
 -1      1869 2.07668E-02 3.66815E-04-2.43568E-02
 -1      1870 2.05926E-02 2.48039E-04-2.11664E-02
 -1      1875 2.39272E-02-5.58511E-04-2.37026E-02
 -1      1876 2.39973E-02-7.57325E-04-2.16893E-02
 -1      1877 2.07148E-02 2.08020E-04-2.17550E-02
 -1      1878 2.06446E-02 4.06834E-04-2.37682E-02
 -1      1941 2.15618E-02-7.26445E-05 7.26445E-05
 -1      1942 2.15618E-02-7.26445E-05-7.26445E-05
 -1      1943 2.15618E-02 7.26445E-05-7.26445E-05
 -1      1944 2.15618E-02 7.26445E-05 7.26445E-05
 -1      1949 2.15050E-02-7.26445E-05-4.53806E-05
 -1      1950 2.16185E-02-7.26445E-05 4.53806E-05
 -1      1951 2.16185E-02 7.26445E-05 4.53806E-05
 -1      1952 2.15050E-02 7.26445E-05-4.53806E-05
 -1      1957 2.14891E-02-7.26445E-05 0.00000E+00
 -1      1958 2.16344E-02-7.26445E-05 0.00000E+00
 -1      1959 2.16344E-02 7.26445E-05 0.00000E+00
 -1      1960 2.14891E-02 7.26445E-05 0.00000E+00
 -1      1965 2.16199E-02 0.00000E+00-5.81156E-05
 -1      1966 2.15037E-02 0.00000E+00-5.81156E-05
 -1      1967 2.15037E-02 0.00000E+00 5.81156E-05
 -1      1968 2.16199E-02 0.00000E+00 5.81156E-05
 -1      1973 2.16078E-02-3.54337E-05-5.81156E-05
 -1      1974 2.15157E-02 3.54337E-05-5.81156E-05
 -1      1975 2.15157E-02 3.54337E-05 5.81156E-05
 -1      1976 2.16078E-02-3.54337E-05 5.81156E-05
 -1      2023 9.80700E-03-2.46772E-04-6.65062E-04
 -1      2024 6.90370E-03 5.14334E-05-2.54263E-03
 -1      2025 6.76139E-03 4.34079E-05-2.27947E-03
 -1      2026 9.66469E-03-2.54798E-04-4.01899E-04
 -1      2031 6.87502E-03-2.14480E-05-7.10971E-04
 -1      2032 9.83568E-03-1.73891E-04-2.49672E-03
 -1      2033 9.69337E-03-1.81916E-04-2.23356E-03
 -1      2034 6.73271E-03-2.94735E-05-4.47807E-04
 -1      2039 8.35936E-03-1.68825E-04 1.24905E-04
 -1      2040 8.35134E-03-2.65139E-05-3.33260E-03
 -1      2041 8.20903E-03-3.45394E-05-3.06944E-03
 -1      2042 8.21705E-03-1.76850E-04 3.88068E-04
 -1      2047 6.89798E-03 6.05077E-05-2.85206E-03
 -1      2048 6.90440E-03-5.33410E-05-8.60536E-05
 -1      2049 9.67041E-03-2.63872E-04-9.24740E-05
 -1      2050 9.66399E-03-1.50023E-04-2.85848E-03
 -1      2089 2.09192E-02-1.02475E-03-2.21586E-02
 -1      2090 1.80170E-02 1.19036E-04-2.44886E-02
 -1      2091 1.73375E-02 2.60977E-04-2.35685E-02
 -1      2092 2.02398E-02-8.82807E-04-2.12384E-02
 -1      2097 1.82510E-02-4.30729E-04-2.19158E-02
 -1      2098 2.06852E-02-4.74983E-04-2.47313E-02
 -1      2099 2.00058E-02-3.33042E-04-2.38112E-02
 -1      2100 1.75716E-02-2.88788E-04-2.09957E-02
 -1      2105 1.93971E-02-7.92569E-04-2.14640E-02
 -1      2106 1.95391E-02-1.13143E-04-2.51832E-02
 -1      2107 1.88597E-02 2.87983E-05-2.42630E-02
 -1      2108 1.87177E-02-6.50628E-04-2.05439E-02
 -1      2113 1.76975E-02 2.57935E-04-2.44080E-02
 -1      2114 1.75840E-02-2.85606E-04-2.14326E-02
 -1      2115 2.05593E-02-1.02171E-03-2.13191E-02
 -1      2116 2.06728E-02-4.78165E-04-2.42944E-02
 -1      2155 1.81462E-02-1.42822E-03-3.84085E-02
 -1      2156 1.73194E-02-3.08250E-05-3.88791E-02
 -1      2157 1.70782E-02 1.66748E-04-3.74894E-02
 -1      2158 1.79050E-02-1.23065E-03-3.70187E-02
 -1      2163 1.78806E-02-1.18224E-03-3.81916E-02
 -1      2164 1.75850E-02-2.76803E-04-3.90960E-02
 -1      2165 1.73438E-02-7.92302E-05-3.77062E-02
 -1      2166 1.76394E-02-9.84670E-04-3.68019E-02
 -1      2171 1.74140E-02-4.85505E-04-3.82907E-02
 -1      2172 1.80516E-02-9.73540E-04-3.89969E-02
 -1      2173 1.78104E-02-7.75968E-04-3.76072E-02
 -1      2174 1.71728E-02-2.87932E-04-3.69010E-02
 -1      2179 1.76340E-02-8.50125E-04-3.81785E-02
 -1      2180 1.78316E-02-6.08920E-04-3.91091E-02
 -1      2181 1.75904E-02-4.11347E-04-3.77194E-02
 -1      2182 1.73928E-02-6.52553E-04-3.67887E-02
 -1      2187 1.73190E-02 2.16359E-05-3.84002E-02
 -1      2188 1.71609E-02-1.71328E-04-3.76557E-02
 -1      2189 1.79055E-02-1.28311E-03-3.74976E-02
 -1      2190 1.80635E-02-1.09014E-03-3.82422E-02
 -1      2237 1.05864E-02-1.68722E-03-4.25724E-02
 -1      2238 1.06047E-02-2.52114E-04-4.27571E-02
 -1      2239 1.06111E-02-6.74202E-05-4.13220E-02
 -1      2240 1.05928E-02-1.50252E-03-4.11373E-02
 -1      2245 1.05096E-02-1.30105E-03-4.26299E-02
 -1      2246 1.06815E-02-6.38282E-04-4.26997E-02
 -1      2247 1.06879E-02-4.53588E-04-4.12646E-02
 -1      2248 1.05159E-02-1.11636E-03-4.11948E-02
 -1      2253 1.05181E-02-6.32655E-04-4.27159E-02
 -1      2254 1.06730E-02-1.30668E-03-4.26137E-02
 -1      2255 1.06794E-02-1.12198E-03-4.11786E-02
 -1      2256 1.05245E-02-4.47962E-04-4.12808E-02
 -1      2261 1.05032E-02-9.66487E-04-4.26739E-02
 -1      2262 1.06879E-02-9.72845E-04-4.26556E-02
 -1      2263 1.06943E-02-7.88152E-04-4.12205E-02
 -1      2264 1.05096E-02-7.81793E-04-4.12388E-02
 -1      2269 1.06799E-02-3.05821E-04-4.20138E-02
 -1      2270 1.05322E-02-3.00734E-04-4.20284E-02
 -1      2271 1.05176E-02-1.44882E-03-4.18807E-02
 -1      2272 1.06653E-02-1.45390E-03-4.18660E-02
 -1      2319 3.03880E-03-1.46860E-03-3.82922E-02
 -1      2320 3.88631E-03-7.16061E-05-3.87797E-02
 -1      2321 4.12625E-03 1.35741E-04-3.73900E-02
 -1      2322 3.27874E-03-1.26125E-03-3.69025E-02
 -1      2327 3.13334E-03-1.01466E-03-3.88973E-02
 -1      2328 3.79177E-03-5.25541E-04-3.81746E-02
 -1      2329 4.03171E-03-3.18195E-04-3.67849E-02
 -1      2330 3.37328E-03-8.07318E-04-3.75076E-02
 -1      2335 3.61236E-03-3.17936E-04-3.90013E-02
 -1      2336 3.31274E-03-1.22227E-03-3.80706E-02
 -1      2337 3.55268E-03-1.01492E-03-3.66809E-02
 -1      2338 3.85230E-03-1.10589E-04-3.76116E-02
 -1      2343 3.35888E-03-6.50134E-04-3.90137E-02
 -1      2344 3.56623E-03-8.90072E-04-3.80582E-02
 -1      2345 3.80617E-03-6.82726E-04-3.66685E-02
 -1      2346 3.59882E-03-4.42787E-04-3.76240E-02
 -1      2351 4.04765E-03-2.06522E-04-3.75418E-02
 -1      2352 3.88177E-03-1.45713E-05-3.83062E-02
 -1      2353 3.11740E-03-1.12634E-03-3.81403E-02
 -1      2354 3.28327E-03-1.31829E-03-3.73760E-02
 -1      2401 7.03764E-04-9.87899E-04-2.19089E-02
 -1      2402 3.91425E-03 1.30742E-04-2.38595E-02
 -1      2403 4.58299E-03 2.64899E-04-2.29519E-02
 -1      2404 1.37250E-03-8.53742E-04-2.10013E-02
 -1      2409 1.08401E-03-4.50982E-04-2.43081E-02
 -1      2410 3.53401E-03-4.06174E-04-2.14604E-02
 -1      2411 4.20274E-03-2.72018E-04-2.05527E-02
 -1      2412 1.75274E-03-3.16826E-04-2.34005E-02
 -1      2417 3.42925E-03 1.16021E-04-2.43919E-02
 -1      2418 1.18877E-03-9.73177E-04-2.13766E-02
 -1      2419 1.85750E-03-8.39020E-04-2.04689E-02
 -1      2420 4.09798E-03 2.50177E-04-2.34843E-02
 -1      2425 2.24193E-03-9.42104E-05-2.47613E-02
 -1      2426 2.37609E-03-7.62946E-04-2.10071E-02
 -1      2427 3.04482E-03-6.28789E-04-2.00995E-02
 -1      2428 2.91067E-03 3.99463E-05-2.38537E-02
 -1      2433 4.19872E-03-2.65935E-04-2.09824E-02
 -1      2434 4.09140E-03 2.69053E-04-2.39858E-02
 -1      2435 1.08803E-03-4.57065E-04-2.38784E-02
 -1      2436 1.19535E-03-9.92053E-04-2.08751E-02
 -1      2483 1.19632E-02-2.44118E-04-6.07949E-04
 -1      2484 1.47692E-02 5.10199E-05-2.42281E-03
 -1      2485 1.49144E-02 4.34452E-05-2.16519E-03
 -1      2486 1.21084E-02-2.51693E-04-3.50322E-04
 -1      2491 1.19354E-02-1.69653E-04-2.37829E-03
 -1      2492 1.47970E-02-2.34449E-05-6.52476E-04
 -1      2493 1.49422E-02-3.10196E-05-3.94849E-04
 -1      2494 1.20806E-02-1.77228E-04-2.12066E-03
 -1      2499 1.33700E-02-2.39491E-05-3.18625E-03
 -1      2500 1.33624E-02-1.69149E-04 1.55493E-04
 -1      2501 1.35076E-02-1.76724E-04 4.13120E-04
 -1      2502 1.35152E-02-3.15237E-05-2.92863E-03
 -1      2507 1.47725E-02-5.53657E-05-4.68382E-05
 -1      2508 1.47786E-02 6.07944E-05-2.72024E-03
 -1      2509 1.21052E-02-1.45307E-04-2.72630E-03
 -1      2510 1.20991E-02-2.61467E-04-5.28979E-05
 -3
    1PSTEP                         2           1           1          
  100CL  101 1.000000000         616                     0    1           1
 -4  STRESS      6    1
 -5  SXX         1    4    1    1
 -5  SYY         1    4    2    2
 -5  SZZ         1    4    3    3
 -5  SXY         1    4    1    2
 -5  SYZ         1    4    2    3
 -5  SZX         1    4    3    1
 -1        29 2.09221E-01 2.84253E-01 1.53273E-01 1.64903E-02 1.25600E-15-6.69148E-01
 -1        30-4.96085E-01 3.73959E-02 1.53273E-01 8.48061E-02-2.49303E-16-6.69148E-01
 -1        31-4.52932E-01 3.73959E-02 1.68376E-01 8.48061E-02-6.65178E-16-6.00833E-01
 -1        32 2.52375E-01 2.84253E-01 1.68376E-01 1.64903E-02 9.05964E-16-6.00833E-01
 -1        37-2.00352E-02-1.58497E-01-8.42851E-01-1.32064E-02-5.94998E-03 3.83479E-02
 -1        38-1.81062E-01-3.02154E-01-1.09197E+00-3.46168E-02-4.08662E-02-1.57218E-01
 -1        39-1.69001E-01-3.14325E-01-1.16037E+00-3.45147E-02-4.09721E-02-1.58716E-01
 -1        40-8.30411E-03-1.70325E-01-9.09341E-01-1.31071E-02-6.05291E-03 3.68895E-02
 -1        45-1.31829E-02 1.46078E-01 6.06309E-02-3.74248E-16-2.52370E-02 2.18614E-01
 -1        46-1.31829E-02-1.98685E-01-9.24407E-01 3.53458E-16-3.84139E-02 2.18614E-01
 -1        47-3.94241E-02-1.98685E-01-9.99382E-01 1.63095E-16-3.84139E-02 2.31791E-01
 -1        48-3.94241E-02 1.46078E-01-1.43439E-02-4.04323E-16-2.52370E-02 2.31791E-01
 -1        53 3.63411E-01 2.54388E-01 3.63411E-01 6.91485E-19-1.18066E-18 7.30469E-19
 -1        54 3.63411E-01 2.54388E-01 3.63411E-01-5.27510E-19 5.34907E-20 3.57961E-18
 -1        55 3.63411E-01 2.54388E-01 3.63411E-01-6.47777E-19 2.63918E-19 1.88128E-17
 -1        56 3.63411E-01 2.54388E-01 3.63411E-01 5.53284E-19 8.58072E-19 1.90844E-18
 -1        61 2.95937E-02-3.13848E-02 2.15313E-01-1.59098E-01-2.12876E-01-1.63751E-01
 -1        62 2.17688E-02-4.46089E-02 2.07946E-01-1.69270E-01-1.58736E-01-1.22104E-01
 -1        63 2.59969E-01 1.10074E-01 2.07946E-01-6.03311E-02-1.58736E-01-1.22104E-01
 -1        64 2.67794E-01 1.23298E-01 2.15313E-01-5.01588E-02-2.12876E-01-1.63751E-01
 -1       111 4.81390E-01 1.38681E-01 1.15308E-01 1.95984E-02 1.05319E-15-3.62509E-01
 -1       112 3.54081E-01 9.41231E-02 1.15308E-01 5.33364E-02-1.99836E-15-3.62509E-01
 -1       113 3.60335E-01 9.41231E-02 1.17497E-01 5.33364E-02-2.63711E-15-3.28771E-01
 -1       114 4.87644E-01 1.38681E-01 1.17497E-01 1.95984E-02 3.67588E-15-3.28771E-01
 -1       119 5.67788E-01 2.07541E-01 2.96524E-01 9.96696E-03-5.98018E-03-1.43207E-01
 -1       120 6.39845E-01 2.41840E-01 3.22464E-01-4.46397E-02 2.67838E-02-1.86441E-01
 -1       121 6.14284E-01 2.41840E-01 2.14727E-01-4.46397E-02 2.67838E-02-1.28158E-01
 -1       122 5.42227E-01 2.07541E-01 1.88786E-01 9.96696E-03-5.98018E-03-8.49239E-02
 -1       127-4.40115E-01-3.51197E-01-2.27175E-01 2.36872E-02 4.08802E-02-1.35312E-01
 -1       128-3.71284E-01-2.55351E-01-2.21608E-02 5.48514E-03 9.46643E-03-1.65204E-02
 -1       129-4.39749E-01-2.55351E-01-2.16564E-01 5.48514E-03 9.46643E-03-5.33685E-02
 -1       130-5.08581E-01-3.51197E-01-4.21578E-01 2.36872E-02 4.08802E-02-1.72160E-01
 -1       135-1.48645E-02-7.60506E-02 2.00715E-01 8.36763E-18 6.61026E-02-3.54241E-01
 -1       136-1.48645E-02-5.65749E-02 2.56359E-01 9.57346E-16 4.71260E-02-3.54241E-01
 -1       137-1.17761E-01-5.65749E-02-3.76308E-02-9.14215E-16 4.71260E-02-3.35265E-01
 -1       138-1.17761E-01-7.60506E-02-9.32756E-02-2.80598E-16 6.61026E-02-3.35265E-01
 -1       143-2.61963E-01-3.00535E-01-2.07394E-01-1.11431E-14 1.37293E-15-1.19602E-15
 -1       144-2.61963E-01-3.53647E-01-2.25983E-01-1.11449E-14-1.15587E-16-1.50152E-15
 -1       145-1.71414E-01-9.49365E-02-2.25983E-01-1.18222E-14 5.35030E-17 1.54240E-15
 -1       146-1.71414E-01-4.18245E-02-2.07394E-01-1.18739E-14 6.75727E-16 2.37700E-15
 -1       151-1.89738E-01-1.69761E-01-1.28714E-01 6.57235E-03 1.58736E-01-1.22104E-01
 -1       152-1.81914E-01-1.56537E-01-1.21347E-01-3.59998E-03 2.12876E-01-1.63751E-01
 -1       153 5.62868E-02-1.85437E-03-1.21347E-01-1.12539E-01 2.12876E-01-1.63751E-01
 -1       154 4.84619E-02-1.50784E-02-1.28714E-01-1.02367E-01 1.58736E-01-1.22104E-01
 -1       159 2.31919E-01-6.56888E-03 1.37325E-02 1.43908E-01 9.75677E-03 7.50520E-03
 -1       160 2.21826E-01-2.36258E-02 4.23015E-03 1.30787E-01-6.71384E-02-5.16450E-02
 -1       161 1.44330E-01 9.09993E-02 4.23015E-03 1.14542E-01-6.71384E-02-5.16450E-02
 -1       162 1.54423E-01 1.08056E-01 1.37325E-02 1.27663E-01 9.75677E-03 7.50520E-03
 -1       225 9.29811E-01 2.11731E-01 2.77601E-01 1.66578E-02 2.27455E-16-3.68636E-02
 -1       226 1.28455E+00 3.35890E-01 2.77601E-01 1.74681E-02-5.73714E-16-3.68636E-02
 -1       227 1.26289E+00 3.35890E-01 2.70021E-01 1.74681E-02-1.18708E-15-3.60533E-02
 -1       228 9.08154E-01 2.11731E-01 2.70021E-01 1.66578E-02-4.94354E-15-3.60533E-02
 -1       233 3.26264E-01 9.92249E-03 4.37394E-01 1.76714E-02-2.20893E-02-3.72226E-01
 -1       234 2.33350E-01-7.34095E-02 2.92217E-01-9.76294E-04 1.22037E-03-2.56084E-01
 -1       235 1.30607E-01-7.34095E-02 1.00060E-01-9.76294E-04 1.22037E-03-1.93374E-01
 -1       236 2.23521E-01 9.92249E-03 2.45238E-01 1.76714E-02-2.20893E-02-3.09516E-01
 -1       241-2.19169E-01-2.89348E-01 1.08318E-01 9.44152E-03 1.79389E-02 1.05575E-01
 -1       242-1.93129E-01-2.47332E-01 2.02322E-01-4.58230E-03-8.70638E-03 1.55051E-01
 -1       243-2.61415E-01-2.47332E-01 1.46140E-02-4.58230E-03-8.70638E-03 1.21299E-01
 -1       244-2.87455E-01-2.89348E-01-7.93900E-02 9.44152E-03 1.79389E-02 7.18228E-02
 -1       249-1.41031E-01-1.95858E-01 3.43412E-01 1.65597E-16 5.78946E-03 4.90767E-02
 -1       250-1.41031E-01-1.76485E-01 3.98764E-01-6.60426E-16 3.80328E-04 4.90767E-02
 -1       251-2.31313E-01-1.76485E-01 1.40814E-01 3.59754E-16 3.80328E-04 5.44858E-02
 -1       252-2.31313E-01-1.95858E-01 8.54624E-02 2.54813E-16 5.78946E-03 5.44858E-02
 -1       257-4.89358E-01-3.57986E-01-4.41946E-01-1.48920E-14 6.41097E-15 2.20402E-15
 -1       258-4.89358E-01-3.73379E-01-4.47334E-01-1.48459E-14 6.27170E-15-5.67231E-17
 -1       259-3.99922E-01-1.17849E-01-4.47334E-01-1.51257E-14 6.02673E-15 1.52215E-15
 -1       260-3.99922E-01-1.02455E-01-4.41946E-01-1.52555E-14 6.11521E-15 4.71709E-15
 -1       265 9.22030E-02-1.00326E-01-2.02093E-01-2.30497E-01 6.71384E-02-5.16450E-02
 -1       266 1.02296E-01-8.32688E-02-1.92590E-01-2.43618E-01-9.75677E-03 7.50520E-03
 -1       267 2.48000E-02 3.13563E-02-1.92590E-01-2.27373E-01-9.75677E-03 7.50520E-03
 -1       268 1.47072E-02 1.42994E-02-2.02093E-01-2.14252E-01 6.71384E-02-5.16450E-02
 -1       273 1.76677E-01-7.74971E-02-1.50596E-01 2.57595E-01 2.54068E-02 1.95437E-02
 -1       274 1.74438E-01-8.12809E-02-1.52704E-01 2.54684E-01-3.27583E-02-2.51987E-02
 -1       275 1.54688E-01 5.52469E-02-1.52704E-01 2.63033E-01-3.27583E-02-2.51987E-02
 -1       276 1.56927E-01 5.90307E-02-1.50596E-01 2.65944E-01 2.54068E-02 1.95437E-02
 -1       339 1.10800E+00 3.00456E-01 3.47732E-01-3.38840E-04 1.57847E-15 8.87260E-04
 -1       340 1.36537E+00 3.90533E-01 3.47732E-01-5.80692E-04 1.41395E-15 8.87260E-04
 -1       341 1.35258E+00 3.90533E-01 3.43256E-01-5.80692E-04 8.10742E-17 6.45408E-04
 -1       342 1.09522E+00 3.00456E-01 3.43256E-01-3.38840E-04 6.07695E-15 6.45408E-04
 -1       347-1.37825E-01-1.82256E-01 3.45363E-01 1.30541E-02-2.25292E-02-1.65996E-01
 -1       348-1.58398E-01-2.10903E-01 2.84086E-01-2.56248E-03 4.42240E-03-1.30490E-01
 -1       349-2.37541E-01-2.10903E-01 8.40469E-02-2.56248E-03 4.42240E-03-8.76699E-02
 -1       350-2.16968E-01-1.82256E-01 1.45324E-01 1.30541E-02-2.25292E-02-1.23176E-01
 -1       355-1.62607E-01-2.14171E-01 2.78868E-01 3.05715E-03 5.27614E-03 1.29554E-01
 -1       356-1.42551E-01-1.86243E-01 3.38606E-01-1.25972E-02-2.17407E-02 1.64168E-01
 -1       357-2.21559E-01-1.86243E-01 1.38615E-01-1.25972E-02-2.17407E-02 1.21424E-01
 -1       358-2.41615E-01-2.14171E-01 7.88781E-02 3.05715E-03 5.27614E-03 8.68102E-02
 -1       363-1.33389E-01-1.75708E-01 3.83644E-01-5.48803E-16 6.97191E-03 7.33863E-04
 -1       364-1.33389E-01-1.75900E-01 3.83095E-01 1.40443E-15 7.13047E-03 7.33863E-04
 -1       365-2.18219E-01-1.75900E-01 1.40724E-01-4.64774E-16 7.13047E-03 5.75301E-04
 -1       366-2.18219E-01-1.75708E-01 1.41273E-01-1.06854E-15 6.97191E-03 5.75301E-04
 -1       371-4.93560E-01-3.74398E-01-4.47246E-01-9.53206E-15 5.97791E-15 4.71528E-15
 -1       372-4.93560E-01-3.74201E-01-4.47177E-01-1.00563E-14 7.87762E-15 5.18544E-15
 -1       373-4.00863E-01-1.09353E-01-4.47177E-01-9.50365E-15 7.17017E-15 2.45008E-15
 -1       374-4.00863E-01-1.09550E-01-4.47246E-01-9.58817E-15 7.23393E-15 3.00434E-15
 -1       379 1.74162E-01-8.14446E-02-1.53144E-01-2.54897E-01 3.27583E-02-2.51987E-02
 -1       380 1.76401E-01-7.76608E-02-1.51036E-01-2.57807E-01-2.54068E-02 1.95437E-02
 -1       381 1.56650E-01 5.88670E-02-1.51036E-01-2.66157E-01-2.54068E-02 1.95437E-02
 -1       382 1.54411E-01 5.50832E-02-1.53144E-01-2.63246E-01 3.27583E-02-2.51987E-02
 -1       387 1.74441E-01-8.07062E-02-1.52724E-01 2.54899E-01 3.24431E-02 2.49562E-02
 -1       388 1.76840E-01-7.66519E-02-1.50465E-01 2.58017E-01-2.53246E-02-1.94804E-02
 -1       389 1.57735E-01 5.95968E-02-1.50465E-01 2.66581E-01-2.53246E-02-1.94804E-02
 -1       390 1.55336E-01 5.55424E-02-1.52724E-01 2.63462E-01 3.24431E-02 2.49562E-02
 -1       453 9.25346E-01 2.08328E-01 2.73067E-01-1.75181E-02 3.31644E-15 3.95809E-02
 -1       454 1.27396E+00 3.30342E-01 2.73067E-01-1.89677E-02-2.98781E-15 3.95809E-02
 -1       455 1.25263E+00 3.30342E-01 2.65604E-01-1.89677E-02-3.25116E-16 3.81313E-02
 -1       456 9.04023E-01 2.08328E-01 2.65604E-01-1.75181E-02 4.01743E-15 3.81313E-02
 -1       461-1.94454E-01-2.49815E-01 1.96852E-01 4.60231E-03-8.74440E-03-1.55495E-01
 -1       462-2.20416E-01-2.91707E-01 1.03125E-01-9.47313E-03 1.79990E-02-1.06165E-01
 -1       463-2.88138E-01-2.91707E-01-8.38467E-02-9.47313E-03 1.79990E-02-7.27335E-02
 -1       464-2.62175E-01-2.49815E-01 9.87963E-03 4.60231E-03-8.74440E-03-1.22063E-01
 -1       469 2.63528E-01-5.83718E-02 3.04131E-01 1.29289E-03 1.61611E-03 2.64726E-01
 -1       470 3.56563E-01 2.50693E-02 4.49499E-01-1.73047E-02-2.16308E-02 3.81020E-01
 -1       471 2.55372E-01 2.50693E-02 2.59435E-01-1.73047E-02-2.16308E-02 3.19148E-01
 -1       472 1.62336E-01-5.83718E-02 1.14067E-01 1.29289E-03 1.61611E-03 2.02854E-01
 -1       477-1.49117E-01-1.84293E-01 3.84909E-01 1.18189E-15 3.04819E-04-5.39579E-02
 -1       478-1.49117E-01-2.03921E-01 3.28830E-01-1.56010E-16 5.56715E-03-5.39579E-02
 -1       479-2.39097E-01-2.03921E-01 7.17448E-02-2.29474E-15 5.56715E-03-5.92202E-02
 -1       480-2.39097E-01-1.84293E-01 1.27824E-01 2.57815E-15 3.04819E-04-5.92202E-02
 -1       485-4.89463E-01-3.72650E-01-4.47880E-01 4.41536E-15 9.46864E-15-2.54671E-15
 -1       486-4.89463E-01-3.56563E-01-4.42250E-01 4.66110E-15 1.09064E-14-1.84263E-15
 -1       487-4.00668E-01-1.02864E-01-4.42250E-01 5.49668E-15 1.15197E-14 3.89906E-15
 -1       488-4.00668E-01-1.18951E-01-4.47880E-01 5.12091E-15 1.06902E-14 3.70988E-15
 -1       493 1.76795E-01-7.66783E-02-1.50536E-01-2.58052E-01 2.53246E-02-1.94804E-02
 -1       494 1.74396E-01-8.07327E-02-1.52795E-01-2.54933E-01-3.24431E-02 2.49562E-02
 -1       495 1.55291E-01 5.55160E-02-1.52795E-01-2.63496E-01-3.24431E-02 2.49562E-02
 -1       496 1.57690E-01 5.95704E-02-1.50536E-01-2.66615E-01 2.53246E-02-1.94804E-02
 -1       501 8.74900E-02-1.00130E-01-2.03840E-01 2.29425E-01 6.66308E-02 5.12544E-02
 -1       502 9.76222E-02-8.30070E-02-1.94301E-01 2.42597E-01-8.91221E-03-6.85555E-03
 -1       503 2.21903E-02 3.05011E-02-1.94301E-01 2.27010E-01-8.91221E-03-6.85555E-03
 -1       504 1.20581E-02 1.33777E-02-2.03840E-01 2.13838E-01 6.66308E-02 5.12544E-02
 -1       567 4.66763E-01 1.34024E-01 1.10120E-01-1.96051E-02-2.29077E-15 3.56351E-01
 -1       568 3.36707E-01 8.85042E-02 1.10120E-01-5.31013E-02-1.39223E-15 3.56351E-01
 -1       569 3.43243E-01 8.85042E-02 1.12408E-01-5.31013E-02 3.53215E-16 3.22855E-01
 -1       570 4.73298E-01 1.34024E-01 1.12408E-01-1.96051E-02-2.57906E-15 3.22855E-01
 -1       575-3.55877E-01-2.49512E-01-2.83749E-02-4.70661E-03 8.12283E-03 1.22296E-02
 -1       576-4.23681E-01-3.43928E-01-2.30329E-01-2.27566E-02 3.92741E-02 1.29248E-01
 -1       577-4.91516E-01-3.43928E-01-4.23014E-01-2.27566E-02 3.92741E-02 1.65756E-01
 -1       578-4.23712E-01-2.49512E-01-2.21059E-01-4.70661E-03 8.12283E-03 4.87379E-02
 -1       583 6.45656E-01 2.51352E-01 3.36475E-01 4.37192E-02 2.62315E-02 1.92085E-01
 -1       584 5.63591E-01 2.12288E-01 3.06932E-01-9.78427E-03-5.87056E-03 1.42846E-01
 -1       585 5.38166E-01 2.12288E-01 2.01131E-01-9.78427E-03-5.87056E-03 8.56086E-02
 -1       586 6.20232E-01 2.51352E-01 2.30675E-01 4.37192E-02 2.62315E-02 1.34848E-01
 -1       591-4.76067E-03-4.70086E-02 2.63995E-01-6.93575E-16 4.58432E-02 3.66094E-01
 -1       592-4.76067E-03-6.37107E-02 2.16275E-01-3.69350E-15 6.44347E-02 3.66094E-01
 -1       593-1.05959E-01-6.37107E-02-7.28623E-02 1.12840E-15 6.44347E-02 3.47503E-01
 -1       594-1.05959E-01-4.70086E-02-2.51419E-02 2.69160E-15 4.58432E-02 3.47503E-01
 -1       599-2.50805E-01-3.38182E-01-2.15597E-01 1.68182E-14 8.11917E-16 5.46182E-15
 -1       600-2.50805E-01-2.85496E-01-1.97157E-01 1.68108E-14 2.11550E-15 3.72358E-16
 -1       601-1.61950E-01-3.16260E-02-1.97157E-01 1.72180E-14 1.56130E-15-7.20203E-15
 -1       602-1.61950E-01-8.43121E-02-2.15597E-01 1.70281E-14 1.34300E-16-1.30443E-14
 -1       607 2.29703E-01-4.85254E-03 1.59344E-02-1.40996E-01 8.91221E-03-6.85555E-03
 -1       608 2.19571E-01-2.19759E-02 6.39495E-03-1.27824E-01-6.66308E-02 5.12544E-02
 -1       609 1.44139E-01 9.15322E-02 6.39495E-03-1.12237E-01-6.66308E-02 5.12544E-02
 -1       610 1.54271E-01 1.08656E-01 1.59344E-02-1.25409E-01 8.91221E-03-6.85555E-03
 -1       615-1.97391E-01-1.79233E-01-1.33131E-01-1.10757E-02 1.53634E-01 1.18180E-01
 -1       616-1.89629E-01-1.66115E-01-1.25822E-01-9.84892E-04 2.07686E-01 1.59759E-01
 -1       617 4.68750E-02-1.33607E-02-1.25822E-01 1.07082E-01 2.07686E-01 1.59759E-01
 -1       618 3.91128E-02-2.64787E-02-1.33131E-01 9.69915E-02 1.53634E-01 1.18180E-01
 -1       681 1.92781E-01 2.38392E-01 1.08157E-01-1.54606E-02 3.92968E-15 6.53173E-01
 -1       682-5.08612E-01-7.09489E-03 1.08157E-01-8.24981E-02-2.99238E-15 6.53173E-01
 -1       683-4.65804E-01-7.09489E-03 1.23140E-01-8.24981E-02-1.01766E-16 5.86136E-01
 -1       684 2.35588E-01 2.38392E-01 1.23140E-01-1.54606E-02 4.72630E-15 5.86136E-01
 -1       689-4.01100E-02-2.32283E-01-9.53861E-01 3.24572E-02-4.05715E-02 2.46007E-01
 -1       690 1.16336E-01-9.19706E-02-7.09414E-01 8.84327E-03-1.10541E-02 5.04492E-02
 -1       691 1.34457E-01-9.19706E-02-7.69484E-01 8.84327E-03-1.10541E-02 5.20043E-02
 -1       692-2.19894E-02-2.32283E-01-1.01393E+00 3.24572E-02-4.05715E-02 2.47562E-01
 -1       697-4.33275E-02-2.22782E-01-8.94935E-01 1.66415E-15-3.78046E-02-2.21690E-01
 -1       698-4.33275E-02 1.10438E-01 5.71235E-02-2.36527E-15-2.43602E-02-2.21690E-01
 -1       699-6.90167E-02 1.10438E-01-1.62741E-02 4.70197E-15-2.43602E-02-2.35135E-01
 -1       700-6.90167E-02-2.22782E-01-9.68333E-01-4.67626E-15-3.78046E-02-2.35135E-01
 -1       705 3.03574E-01 2.12502E-01 3.03574E-01-2.24885E-14 1.35300E-20-3.95223E-15
 -1       706 3.03574E-01 2.12502E-01 3.03574E-01-2.26398E-14 4.57869E-19 3.11411E-15
 -1       707 3.03574E-01 2.12502E-01 3.03574E-01-2.24817E-14-6.46361E-19 1.24428E-15
 -1       708 3.03574E-01 2.12502E-01 3.03574E-01-2.29388E-14 6.02332E-21 3.36545E-16
 -1       713-3.68263E-03-5.60877E-02 1.70152E-01 1.44021E-01-2.07686E-01 1.59759E-01
 -1       714-1.14448E-02-6.92057E-02 1.62843E-01 1.54111E-01-1.53634E-01 1.18180E-01
 -1       715 2.25059E-01 8.35488E-02 1.62843E-01 4.60443E-02-1.53634E-01 1.18180E-01
 -1       716 2.32821E-01 9.66668E-02 1.70152E-01 3.59535E-02-2.07686E-01 1.59759E-01
 -1       763-3.84544E-01-2.28930E-01-2.56556E-01 3.34783E-02 2.15934E-02-6.60258E-02
 -1       764-4.07578E-01-2.40426E-01-2.66307E-01-4.46548E-04 9.99955E-04-8.14916E-02
 -1       765-3.59679E-01-2.37589E-01-2.93370E-01-3.23537E-04 8.22957E-04-9.34595E-02
 -1       766-3.36202E-01-2.26067E-01-2.83869E-01 3.36024E-02 2.14148E-02-7.81044E-02
 -1       771 5.94198E-01 3.07311E-01 3.69884E-01 9.96696E-03-5.98018E-03-9.91906E-02
 -1       772 6.66255E-01 3.41610E-01 3.95824E-01-4.46397E-02 2.67838E-02-1.42425E-01
 -1       773 6.40694E-01 3.41610E-01 2.88087E-01-4.46397E-02 2.67838E-02-8.41419E-02
 -1       774 5.68637E-01 3.07311E-01 2.62146E-01 9.96696E-03-5.98018E-03-4.09078E-02
 -1       779-2.50072E-01-9.08113E-02 6.06309E-02 1.48425E-16-2.52370E-02 2.18614E-01
 -1       780-2.50072E-01-4.35575E-01-9.24407E-01-3.57051E-16-3.84139E-02 2.18614E-01
 -1       781-2.76314E-01-4.35575E-01-9.99382E-01-6.07352E-16-3.84139E-02 2.31791E-01
 -1       782-2.76314E-01-9.08113E-02-1.43439E-02 3.42046E-16-2.52370E-02 2.31791E-01
 -1       787-2.73575E-02-6.74360E-03-3.18071E-02-3.39952E-15-2.08458E-15-1.24283E-15
 -1       788-2.73575E-02-3.66839E-02-4.22861E-02-3.13022E-15-1.23518E-15-7.56638E-16
 -1       789-4.67357E-02-9.20499E-02-4.22861E-02-2.57761E-15-1.25474E-15 1.68379E-15
 -1       790-4.67357E-02-6.21097E-02-3.18071E-02-2.31994E-15-2.11847E-15-6.44816E-16
 -1       829-4.81335E-01-1.94157E-01-3.94578E-01 2.08573E-03 1.02133E-02-2.31076E-01
 -1       830-4.45566E-01-2.04704E-01-4.59238E-01-2.28892E-02-9.44629E-03-2.58879E-01
 -1       831-4.41697E-01-2.03048E-01-5.04875E-01-2.30368E-02-9.21037E-03-2.77294E-01
 -1       832-4.76494E-01-1.92551E-01-4.38845E-01 1.94247E-03 1.04415E-02-2.48831E-01
 -1       837 6.31958E-01 5.11262E-01 6.33039E-01 1.76714E-02-2.20893E-02-1.27671E-01
 -1       838 5.39045E-01 4.27930E-01 4.87861E-01-9.76294E-04 1.22037E-03-1.15285E-02
 -1       839 4.36302E-01 4.27930E-01 2.95704E-01-9.76294E-04 1.22037E-03 5.11817E-02
 -1       840 5.29216E-01 5.11262E-01 4.40882E-01 1.76714E-02-2.20893E-02-6.49605E-02
 -1       845 2.80152E-01 2.18966E-01 2.00715E-01-7.96166E-17 6.61026E-02-3.54241E-01
 -1       846 2.80152E-01 2.38441E-01 2.56359E-01-3.06664E-16 4.71260E-02-3.54241E-01
 -1       847 1.77255E-01 2.38441E-01-3.76308E-02 8.95129E-16 4.71260E-02-3.35265E-01
 -1       848 1.77255E-01 2.18966E-01-9.32756E-02-1.36391E-15 6.61026E-02-3.35265E-01
 -1       853 2.54299E-01 2.34434E-01 2.45437E-01-1.43368E-14 1.57959E-15-1.54557E-15
 -1       854 2.54299E-01 9.14917E-02 1.95408E-01-1.35278E-14 1.10687E-15-1.71330E-15
 -1       855 1.86546E-01-1.02090E-01 1.95408E-01-1.36930E-14 1.33786E-15 1.64577E-16
 -1       856 1.86546E-01 4.08520E-02 2.45437E-01-1.46507E-14 2.49381E-15-1.37783E-15
 -1       895-1.35311E+00-4.78074E-01-4.46097E-01-2.01906E-02 4.62969E-03-2.91711E-01
 -1       896-1.17096E+00-4.03460E-01-4.12667E-01-2.54595E-02 3.71835E-03-2.16399E-01
 -1       897-1.22820E+00-4.01346E-01-4.42998E-01-2.53421E-02 3.45036E-03-2.34838E-01
 -1       898-1.40742E+00-4.76067E-01-4.74873E-01-2.00792E-02 4.37548E-03-3.09205E-01
 -1       903-1.65028E-01 1.62480E-02-1.34817E-01 2.36872E-02 4.08802E-02-2.94706E-01
 -1       904-9.61966E-02 1.12094E-01 7.01970E-02 5.48514E-03 9.46643E-03-1.75914E-01
 -1       905-1.64662E-01 1.12094E-01-1.24206E-01 5.48514E-03 9.46643E-03-2.12763E-01
 -1       906-2.33493E-01 1.62480E-02-3.29220E-01 2.36872E-02 4.08802E-02-3.31554E-01
 -1       911 2.92056E-01 3.91952E-01 4.89690E-01 1.30541E-02-2.25292E-02 8.30902E-02
 -1       912 2.71483E-01 3.63305E-01 4.28413E-01-2.56248E-03 4.42240E-03 1.18596E-01
 -1       913 1.92340E-01 3.63305E-01 2.28375E-01-2.56248E-03 4.42240E-03 1.61416E-01
 -1       914 2.12913E-01 3.91952E-01 2.89652E-01 1.30541E-02-2.25292E-02 1.25910E-01
 -1       919 4.32737E-01 3.77910E-01 3.43412E-01-1.68112E-15 5.78946E-03 4.90767E-02
 -1       920 4.32737E-01 3.97283E-01 3.98764E-01 1.17865E-16 3.80328E-04 4.90767E-02
 -1       921 3.42455E-01 3.97283E-01 1.40814E-01 4.32954E-16 3.80328E-04 5.44858E-02
 -1       922 3.42455E-01 3.77910E-01 8.54624E-02 2.74973E-15 5.78946E-03 5.44858E-02
 -1       927 3.38203E-01 2.26940E-01 2.95917E-01-9.16314E-15 1.26994E-14 1.86092E-15
 -1       928 3.38203E-01 1.76193E-01 2.78156E-01-8.92598E-15 1.26636E-14-3.12521E-15
 -1       929 2.35870E-01-1.16186E-01 2.78156E-01-8.12465E-15 1.37413E-14 3.08489E-15
 -1       930 2.35870E-01-6.54400E-02 2.95917E-01-7.94698E-15 1.25606E-14-5.88885E-15
 -1       977-1.45688E+00-5.36035E-01-4.94048E-01 2.26852E-06 5.68394E-03-2.01930E-03
 -1       978-1.37924E+00-5.08412E-01-4.91260E-01 1.23664E-04 5.96218E-03-1.85108E-03
 -1       979-1.42139E+00-5.08250E-01-5.05958E-01 1.30218E-04 6.11553E-03-1.85070E-03
 -1       980-1.49682E+00-5.35882E-01-5.07977E-01 8.48029E-06 5.82928E-03-2.01893E-03
 -1       985 2.17007E-01 2.67653E-01 2.29142E-01 9.44152E-03 1.79389E-02-1.23991E-01
 -1       986 2.43047E-01 3.09668E-01 3.23146E-01-4.58230E-03-8.70638E-03-7.45155E-02
 -1       987 1.74761E-01 3.09668E-01 1.35438E-01-4.58230E-03-8.70638E-03-1.08268E-01
 -1       988 1.48721E-01 2.67653E-01 4.14344E-02 9.44152E-03 1.79389E-02-1.57744E-01
 -1       993 2.42123E-01 3.07696E-01 3.17787E-01 4.60231E-03-8.74440E-03 7.42824E-02
 -1       994 2.16160E-01 2.65805E-01 2.24061E-01-9.47313E-03 1.79990E-02 1.23612E-01
 -1       995 1.48439E-01 2.65805E-01 3.70886E-02-9.47313E-03 1.79990E-02 1.57044E-01
 -1       996 1.74402E-01 3.07696E-01 1.30815E-01 4.60231E-03-8.74440E-03 1.07714E-01
 -1      1001 4.24051E-01 3.81733E-01 3.83644E-01-2.51953E-16 6.97191E-03 7.33863E-04
 -1      1002 4.24051E-01 3.81541E-01 3.83095E-01-2.51337E-16 7.13047E-03 7.33863E-04
 -1      1003 3.39222E-01 3.81541E-01 1.40724E-01 7.70859E-16 7.13047E-03 5.75301E-04
 -1      1004 3.39222E-01 3.81733E-01 1.41273E-01-5.66869E-16 6.97191E-03 5.75301E-04
 -1      1009 2.63789E-01 9.55108E-02 2.10718E-01 1.45222E-15 9.52837E-15 4.46819E-15
 -1      1010 2.63789E-01 9.68485E-02 2.11186E-01 1.41520E-15 1.17956E-14-2.29610E-15
 -1      1011 1.58115E-01-2.05078E-01 2.11186E-01 4.31433E-15 1.04823E-14 3.84713E-15
 -1      1012 1.58115E-01-2.06416E-01 2.10718E-01 3.92198E-15 9.34119E-15 3.89546E-15
 -1      1059-1.36780E+00-4.77560E-01-4.54746E-01 1.68512E-02 2.64160E-03 2.78576E-01
 -1      1060-1.17179E+00-3.96415E-01-4.17196E-01 2.39774E-02 4.21694E-04 1.96722E-01
 -1      1061-1.22720E+00-3.94869E-01-4.47273E-01 2.38870E-02 1.50393E-04 2.15128E-01
 -1      1062-1.42104E+00-4.76061E-01-4.83701E-01 1.67639E-02 2.38092E-03 2.96330E-01
 -1      1067 2.76800E-01 3.72763E-01 4.26395E-01 3.05715E-03 5.27614E-03-1.25052E-01
 -1      1068 2.96856E-01 4.00690E-01 4.86132E-01-1.25972E-02-2.17407E-02-9.04380E-02
 -1      1069 2.17849E-01 4.00690E-01 2.86142E-01-1.25972E-02-2.17407E-02-1.33182E-01
 -1      1070 1.97792E-01 3.72763E-01 2.26404E-01 3.05715E-03 5.27614E-03-1.67796E-01
 -1      1075-7.38091E-02 1.27257E-01 6.63264E-02-4.70661E-03 8.12283E-03 1.75668E-01
 -1      1076-1.41613E-01 3.28416E-02-1.35628E-01-2.27566E-02 3.92741E-02 2.92687E-01
 -1      1077-2.09448E-01 3.28416E-02-3.28312E-01-2.27566E-02 3.92741E-02 3.29195E-01
 -1      1078-1.41644E-01 1.27257E-01-1.26358E-01-4.70661E-03 8.12283E-03 2.12177E-01
 -1      1083 4.37888E-01 4.02712E-01 3.84909E-01-2.53867E-16 3.04819E-04-5.39579E-02
 -1      1084 4.37888E-01 3.83084E-01 3.28830E-01 7.45924E-16 5.56715E-03-5.39579E-02
 -1      1085 3.47908E-01 3.83084E-01 7.17448E-02 1.05799E-15 5.56715E-03-5.92202E-02
 -1      1086 3.47908E-01 4.02712E-01 1.27824E-01-2.01639E-16 3.04819E-04-5.92202E-02
 -1      1091 3.51506E-01 1.77401E-01 2.91507E-01 1.07422E-14 1.39986E-14 4.39952E-15
 -1      1092 3.51506E-01 2.27881E-01 3.09175E-01 1.08643E-14 1.41691E-14-1.04257E-14
 -1      1093 2.49175E-01-6.44949E-02 3.09175E-01 1.14108E-14 1.41779E-14 2.21818E-15
 -1      1094 2.49175E-01-1.14975E-01 2.91507E-01 1.14616E-14 1.20086E-14-3.15826E-15
 -1      1141-8.05445E-01-2.81258E-01-2.98011E-01-1.38919E-02 1.31651E-02 2.45414E-01
 -1      1142-6.70137E-01-2.24896E-01-2.71358E-01 9.92312E-03-1.00456E-03 1.84960E-01
 -1      1143-6.81149E-01-2.25039E-01-3.11613E-01 9.94164E-03-9.24995E-04 2.08363E-01
 -1      1144-8.15544E-01-2.81364E-01-3.37223E-01-1.38752E-02 1.32401E-02 2.68235E-01
 -1      1149 5.63355E-01 4.33344E-01 4.96020E-01 1.29289E-03 1.61611E-03 2.48643E-02
 -1      1150 6.56390E-01 5.16785E-01 6.41388E-01-1.73047E-02-2.16308E-02 1.41158E-01
 -1      1151 5.55198E-01 5.16785E-01 4.51324E-01-1.73047E-02-2.16308E-02 7.92866E-02
 -1      1152 4.62163E-01 4.33344E-01 3.05956E-01 1.29289E-03 1.61611E-03-3.70076E-02
 -1      1157-4.89474E-02-2.46777E-01-9.59517E-01 3.24572E-02-4.05715E-02 2.38937E-01
 -1      1158 1.07499E-01-1.06464E-01-7.15070E-01 8.84327E-03-1.10541E-02 4.33793E-02
 -1      1159 1.25619E-01-1.06464E-01-7.75140E-01 8.84327E-03-1.10541E-02 4.49344E-02
 -1      1160-3.08269E-02-2.46777E-01-1.01959E+00 3.24572E-02-4.05715E-02 2.40492E-01
 -1      1165 2.76720E-01 2.34472E-01 2.63995E-01-1.49609E-16 4.58432E-02 3.66094E-01
 -1      1166 2.76720E-01 2.17770E-01 2.16275E-01 5.00738E-16 6.44347E-02 3.66094E-01
 -1      1167 1.75522E-01 2.17770E-01-7.28623E-02 9.49570E-16 6.44347E-02 3.47503E-01
 -1      1168 1.75522E-01 2.34472E-01-2.51419E-02-1.60697E-15 4.58432E-02 3.47503E-01
 -1      1173 2.41640E-01 8.74683E-02 1.83602E-01 1.08117E-14 3.90357E-15 3.24527E-15
 -1      1174 2.41640E-01 2.28161E-01 2.32844E-01 1.01367E-14 5.61695E-15-7.30068E-16
 -1      1175 1.74806E-01 3.72045E-02 2.32844E-01 9.83581E-15 6.20934E-15-5.82649E-15
 -1      1176 1.74806E-01-1.03489E-01 1.83602E-01 9.99298E-15 4.81779E-15-3.36761E-15
 -1      1223-3.67712E-01-2.16025E-01-2.41970E-01-3.24014E-02 2.10528E-02 4.93428E-02
 -1      1224-4.12408E-01-2.38248E-01-2.60875E-01-1.11824E-03-8.00595E-04 7.79763E-02
 -1      1225-3.68656E-01-2.41238E-01-2.91382E-01-1.00474E-03-6.12667E-04 9.01309E-02
 -1      1226-3.24387E-01-2.18985E-01-2.72178E-01-3.22890E-02 2.12389E-02 6.13787E-02
 -1      1231 6.71321E-01 3.48307E-01 4.07766E-01 4.37192E-02 2.62315E-02 1.49310E-01
 -1      1232 5.89256E-01 3.09244E-01 3.78223E-01-9.78427E-03-5.87056E-03 1.00071E-01
 -1      1233 5.63831E-01 3.09244E-01 2.72422E-01-9.78427E-03-5.87056E-03 4.28340E-02
 -1      1234 6.45896E-01 3.48307E-01 3.01966E-01 4.37192E-02 2.62315E-02 9.20732E-02
 -1      1239-2.42346E-01-4.21801E-01-8.94935E-01-5.14053E-15-3.78046E-02-2.21690E-01
 -1      1240-2.42346E-01-8.85800E-02 5.71235E-02 3.04058E-15-2.43602E-02-2.21690E-01
 -1      1241-2.68035E-01-8.85800E-02-1.62741E-02 1.85006E-15-2.43602E-02-2.35135E-01
 -1      1242-2.68035E-01-4.21801E-01-9.68333E-01-2.75548E-16-3.78046E-02-2.35135E-01
 -1      1247-2.63509E-02-3.64124E-02-4.11821E-02-3.86391E-15 4.73465E-15 4.98160E-15
 -1      1248-2.63509E-02-5.86424E-03-3.04902E-02-4.10662E-15 4.17551E-15 2.24520E-15
 -1      1249-4.53214E-02-6.00655E-02-3.04902E-02-6.12463E-15 4.45610E-15-3.56509E-15
 -1      1250-4.53214E-02-9.06137E-02-4.11821E-02-6.02793E-15 4.78937E-15-3.12935E-15
 -1      1289 2.52375E-01 2.84253E-01 1.68376E-01-1.64903E-02-4.83997E-16-6.00833E-01
 -1      1290-4.52932E-01 3.73959E-02 1.68376E-01-8.48061E-02 2.96062E-16-6.00833E-01
 -1      1291-4.96085E-01 3.73959E-02 1.53273E-01-8.48061E-02 1.95671E-16-6.69148E-01
 -1      1292 2.09221E-01 2.84253E-01 1.53273E-01-1.64903E-02 1.08601E-17-6.69148E-01
 -1      1297-8.30411E-03-1.70325E-01-9.09341E-01 1.31071E-02 6.05291E-03 3.68895E-02
 -1      1298-1.69001E-01-3.14325E-01-1.16037E+00 3.45147E-02 4.09721E-02-1.58716E-01
 -1      1299-1.81062E-01-3.02154E-01-1.09197E+00 3.46168E-02 4.08662E-02-1.57218E-01
 -1      1300-2.00352E-02-1.58497E-01-8.42851E-01 1.32064E-02 5.94998E-03 3.83479E-02
 -1      1305-3.94241E-02 1.46078E-01-1.43439E-02-3.07921E-16 2.52370E-02 2.31791E-01
 -1      1306-3.94241E-02-1.98685E-01-9.99382E-01 6.34656E-16 3.84139E-02 2.31791E-01
 -1      1307-1.31829E-02-1.98685E-01-9.24407E-01 3.19704E-16 3.84139E-02 2.18614E-01
 -1      1308-1.31829E-02 1.46078E-01 6.06309E-02-9.37433E-16 2.52370E-02 2.18614E-01
 -1      1313 3.63411E-01 2.54388E-01 3.63411E-01 4.19661E-19 4.87928E-19-1.43258E-17
 -1      1314 3.63411E-01 2.54388E-01 3.63411E-01-2.48166E-19-4.13224E-19 3.62182E-18
 -1      1315 3.63411E-01 2.54388E-01 3.63411E-01 3.91532E-19-7.02095E-19-8.79370E-18
 -1      1316 3.63411E-01 2.54388E-01 3.63411E-01-4.96866E-20 2.14895E-19-6.47129E-18
 -1      1321 2.17688E-02-4.46089E-02 2.07946E-01 1.69270E-01 1.58736E-01-1.22104E-01
 -1      1322 2.95937E-02-3.13848E-02 2.15313E-01 1.59098E-01 2.12876E-01-1.63751E-01
 -1      1323 2.67794E-01 1.23298E-01 2.15313E-01 5.01588E-02 2.12876E-01-1.63751E-01
 -1      1324 2.59969E-01 1.10074E-01 2.07946E-01 6.03311E-02 1.58736E-01-1.22104E-01
 -1      1371 4.87644E-01 1.38681E-01 1.17497E-01-1.95984E-02 2.30817E-15-3.28771E-01
 -1      1372 3.60335E-01 9.41231E-02 1.17497E-01-5.33364E-02-7.18489E-16-3.28771E-01
 -1      1373 3.54081E-01 9.41231E-02 1.15308E-01-5.33364E-02-1.55637E-15-3.62509E-01
 -1      1374 4.81390E-01 1.38681E-01 1.15308E-01-1.95984E-02 1.56476E-15-3.62509E-01
 -1      1379 5.42227E-01 2.07541E-01 1.88786E-01-9.96696E-03 5.98018E-03-8.49239E-02
 -1      1380 6.14284E-01 2.41840E-01 2.14727E-01 4.46397E-02-2.67838E-02-1.28158E-01
 -1      1381 6.39845E-01 2.41840E-01 3.22464E-01 4.46397E-02-2.67838E-02-1.86441E-01
 -1      1382 5.67788E-01 2.07541E-01 2.96524E-01-9.96696E-03 5.98018E-03-1.43207E-01
 -1      1387-5.08581E-01-3.51197E-01-4.21578E-01-2.36872E-02-4.08802E-02-1.72160E-01
 -1      1388-4.39749E-01-2.55351E-01-2.16564E-01-5.48514E-03-9.46643E-03-5.33685E-02
 -1      1389-3.71284E-01-2.55351E-01-2.21608E-02-5.48514E-03-9.46643E-03-1.65204E-02
 -1      1390-4.40115E-01-3.51197E-01-2.27175E-01-2.36872E-02-4.08802E-02-1.35312E-01
 -1      1395-1.17761E-01-7.60506E-02-9.32756E-02-1.64376E-15-6.61026E-02-3.35265E-01
 -1      1396-1.17761E-01-5.65749E-02-3.76308E-02 1.34155E-15-4.71260E-02-3.35265E-01
 -1      1397-1.48645E-02-5.65749E-02 2.56359E-01 3.96079E-16-4.71260E-02-3.54241E-01
 -1      1398-1.48645E-02-7.60506E-02 2.00715E-01-1.22896E-15-6.61026E-02-3.54241E-01
 -1      1403-2.61963E-01-3.00535E-01-2.07394E-01-1.09941E-14 9.40291E-16 2.79431E-15
 -1      1404-2.61963E-01-3.53647E-01-2.25983E-01-1.10327E-14 1.04086E-15 1.95971E-15
 -1      1405-1.71414E-01-9.49365E-02-2.25983E-01-1.18538E-14 4.34003E-16 4.73194E-16
 -1      1406-1.71414E-01-4.18245E-02-2.07394E-01-1.18295E-14 2.28392E-15-6.66895E-16
 -1      1411-1.81914E-01-1.56537E-01-1.21347E-01 3.59998E-03-2.12876E-01-1.63751E-01
 -1      1412-1.89738E-01-1.69761E-01-1.28714E-01-6.57235E-03-1.58736E-01-1.22104E-01
 -1      1413 4.84619E-02-1.50784E-02-1.28714E-01 1.02367E-01-1.58736E-01-1.22104E-01
 -1      1414 5.62868E-02-1.85437E-03-1.21347E-01 1.12539E-01-2.12876E-01-1.63751E-01
 -1      1419 2.21826E-01-2.36258E-02 4.23015E-03-1.30787E-01 6.71384E-02-5.16450E-02
 -1      1420 2.31919E-01-6.56888E-03 1.37325E-02-1.43908E-01-9.75677E-03 7.50520E-03
 -1      1421 1.54423E-01 1.08056E-01 1.37325E-02-1.27663E-01-9.75677E-03 7.50520E-03
 -1      1422 1.44330E-01 9.09993E-02 4.23015E-03-1.14542E-01 6.71384E-02-5.16450E-02
 -1      1485 9.08154E-01 2.11731E-01 2.70021E-01-1.66578E-02-3.06691E-15-3.60533E-02
 -1      1486 1.26289E+00 3.35890E-01 2.70021E-01-1.74681E-02-3.77303E-15-3.60533E-02
 -1      1487 1.28455E+00 3.35890E-01 2.77601E-01-1.74681E-02-4.65465E-15-3.68636E-02
 -1      1488 9.29811E-01 2.11731E-01 2.77601E-01-1.66578E-02 1.49309E-15-3.68636E-02
 -1      1493 2.23521E-01 9.92249E-03 2.45238E-01-1.76714E-02 2.20893E-02-3.09516E-01
 -1      1494 1.30607E-01-7.34095E-02 1.00060E-01 9.76294E-04-1.22037E-03-1.93374E-01
 -1      1495 2.33350E-01-7.34095E-02 2.92217E-01 9.76294E-04-1.22037E-03-2.56084E-01
 -1      1496 3.26264E-01 9.92249E-03 4.37394E-01-1.76714E-02 2.20893E-02-3.72226E-01
 -1      1501-2.87455E-01-2.89348E-01-7.93900E-02-9.44152E-03-1.79389E-02 7.18228E-02
 -1      1502-2.61415E-01-2.47332E-01 1.46140E-02 4.58230E-03 8.70638E-03 1.21299E-01
 -1      1503-1.93129E-01-2.47332E-01 2.02322E-01 4.58230E-03 8.70638E-03 1.55051E-01
 -1      1504-2.19169E-01-2.89348E-01 1.08318E-01-9.44152E-03-1.79389E-02 1.05575E-01
 -1      1509-2.31313E-01-1.95858E-01 8.54624E-02 5.77251E-16-5.78946E-03 5.44858E-02
 -1      1510-2.31313E-01-1.76485E-01 1.40814E-01 1.60045E-16-3.80328E-04 5.44858E-02
 -1      1511-1.41031E-01-1.76485E-01 3.98764E-01-7.61791E-16-3.80328E-04 4.90767E-02
 -1      1512-1.41031E-01-1.95858E-01 3.43412E-01-3.19478E-16-5.78946E-03 4.90767E-02
 -1      1517-4.89358E-01-3.57986E-01-4.41946E-01-1.49513E-14 6.36580E-15-4.07889E-16
 -1      1518-4.89358E-01-3.73379E-01-4.47334E-01-1.49344E-14 6.81941E-15-1.07305E-15
 -1      1519-3.99922E-01-1.17849E-01-4.47334E-01-1.52979E-14 6.07191E-15-1.81255E-15
 -1      1520-3.99922E-01-1.02455E-01-4.41946E-01-1.53496E-14 6.66292E-15 1.35168E-15
 -1      1525 1.02296E-01-8.32688E-02-1.92590E-01 2.43618E-01 9.75677E-03 7.50520E-03
 -1      1526 9.22030E-02-1.00326E-01-2.02093E-01 2.30497E-01-6.71384E-02-5.16450E-02
 -1      1527 1.47072E-02 1.42994E-02-2.02093E-01 2.14252E-01-6.71384E-02-5.16450E-02
 -1      1528 2.48000E-02 3.13563E-02-1.92590E-01 2.27373E-01 9.75677E-03 7.50520E-03
 -1      1533 1.74438E-01-8.12809E-02-1.52704E-01-2.54684E-01 3.27583E-02-2.51987E-02
 -1      1534 1.76677E-01-7.74971E-02-1.50596E-01-2.57595E-01-2.54068E-02 1.95437E-02
 -1      1535 1.56927E-01 5.90307E-02-1.50596E-01-2.65944E-01-2.54068E-02 1.95437E-02
 -1      1536 1.54688E-01 5.52469E-02-1.52704E-01-2.63033E-01 3.27583E-02-2.51987E-02
 -1      1599 1.09522E+00 3.00456E-01 3.43256E-01 3.38840E-04 5.46863E-16 6.45408E-04
 -1      1600 1.35258E+00 3.90533E-01 3.43256E-01 5.80692E-04-1.52157E-15 6.45408E-04
 -1      1601 1.36537E+00 3.90533E-01 3.47732E-01 5.80692E-04 1.19364E-15 8.87260E-04
 -1      1602 1.10800E+00 3.00456E-01 3.47732E-01 3.38840E-04-1.79571E-15 8.87260E-04
 -1      1607-2.16968E-01-1.82256E-01 1.45324E-01-1.30541E-02 2.25292E-02-1.23176E-01
 -1      1608-2.37541E-01-2.10903E-01 8.40469E-02 2.56248E-03-4.42240E-03-8.76699E-02
 -1      1609-1.58398E-01-2.10903E-01 2.84086E-01 2.56248E-03-4.42240E-03-1.30490E-01
 -1      1610-1.37825E-01-1.82256E-01 3.45363E-01-1.30541E-02 2.25292E-02-1.65996E-01
 -1      1615-2.41615E-01-2.14171E-01 7.88781E-02-3.05715E-03-5.27614E-03 8.68102E-02
 -1      1616-2.21559E-01-1.86243E-01 1.38615E-01 1.25972E-02 2.17407E-02 1.21424E-01
 -1      1617-1.42551E-01-1.86243E-01 3.38606E-01 1.25972E-02 2.17407E-02 1.64168E-01
 -1      1618-1.62607E-01-2.14171E-01 2.78868E-01-3.05715E-03-5.27614E-03 1.29554E-01
 -1      1623-2.18219E-01-1.75708E-01 1.41273E-01 9.82001E-16-6.97191E-03 5.75301E-04
 -1      1624-2.18219E-01-1.75900E-01 1.40724E-01 5.84622E-17-7.13047E-03 5.75301E-04
 -1      1625-1.33389E-01-1.75900E-01 3.83095E-01-7.50862E-17-7.13047E-03 7.33863E-04
 -1      1626-1.33389E-01-1.75708E-01 3.83644E-01-1.87339E-15-6.97191E-03 7.33863E-04
 -1      1631-4.93560E-01-3.74398E-01-4.47246E-01-9.61826E-15 6.23123E-15-3.55032E-15
 -1      1632-4.93560E-01-3.74201E-01-4.47177E-01-9.98989E-15 7.70340E-15 9.94720E-17
 -1      1633-4.00863E-01-1.09353E-01-4.47177E-01-9.62426E-15 5.97791E-15-2.62507E-15
 -1      1634-4.00863E-01-1.09550E-01-4.47246E-01-9.58814E-15 6.15623E-15-9.86153E-16
 -1      1639 1.76401E-01-7.76608E-02-1.51036E-01 2.57807E-01 2.54068E-02 1.95437E-02
 -1      1640 1.74162E-01-8.14446E-02-1.53144E-01 2.54897E-01-3.27583E-02-2.51987E-02
 -1      1641 1.54411E-01 5.50832E-02-1.53144E-01 2.63246E-01-3.27583E-02-2.51987E-02
 -1      1642 1.56650E-01 5.88670E-02-1.51036E-01 2.66157E-01 2.54068E-02 1.95437E-02
 -1      1647 1.76840E-01-7.66519E-02-1.50465E-01-2.58017E-01 2.53246E-02-1.94804E-02
 -1      1648 1.74441E-01-8.07062E-02-1.52724E-01-2.54899E-01-3.24431E-02 2.49562E-02
 -1      1649 1.55336E-01 5.55424E-02-1.52724E-01-2.63462E-01-3.24431E-02 2.49562E-02
 -1      1650 1.57735E-01 5.95968E-02-1.50465E-01-2.66581E-01 2.53246E-02-1.94804E-02
 -1      1713 9.04023E-01 2.08328E-01 2.65604E-01 1.75181E-02 2.45778E-15 3.81313E-02
 -1      1714 1.25263E+00 3.30342E-01 2.65604E-01 1.89677E-02-2.18837E-15 3.81313E-02
 -1      1715 1.27396E+00 3.30342E-01 2.73067E-01 1.89677E-02-2.79948E-15 3.95809E-02
 -1      1716 9.25346E-01 2.08328E-01 2.73067E-01 1.75181E-02 1.88447E-15 3.95809E-02
 -1      1721-2.62175E-01-2.49815E-01 9.87963E-03-4.60231E-03 8.74440E-03-1.22063E-01
 -1      1722-2.88138E-01-2.91707E-01-8.38467E-02 9.47313E-03-1.79990E-02-7.27335E-02
 -1      1723-2.20416E-01-2.91707E-01 1.03125E-01 9.47313E-03-1.79990E-02-1.06165E-01
 -1      1724-1.94454E-01-2.49815E-01 1.96852E-01-4.60231E-03 8.74440E-03-1.55495E-01
 -1      1729 1.62336E-01-5.83718E-02 1.14067E-01-1.29289E-03-1.61611E-03 2.02854E-01
 -1      1730 2.55372E-01 2.50693E-02 2.59435E-01 1.73047E-02 2.16308E-02 3.19148E-01
 -1      1731 3.56563E-01 2.50693E-02 4.49499E-01 1.73047E-02 2.16308E-02 3.81020E-01
 -1      1732 2.63528E-01-5.83718E-02 3.04131E-01-1.29289E-03-1.61611E-03 2.64726E-01
 -1      1737-2.39097E-01-1.84293E-01 1.27824E-01 1.31210E-15-3.04819E-04-5.92202E-02
 -1      1738-2.39097E-01-2.03921E-01 7.17448E-02 3.47100E-16-5.56715E-03-5.92202E-02
 -1      1739-1.49117E-01-2.03921E-01 3.28830E-01-1.49808E-15-5.56715E-03-5.39579E-02
 -1      1740-1.49117E-01-1.84293E-01 3.84909E-01 2.67920E-15-3.04819E-04-5.39579E-02
 -1      1745-4.89463E-01-3.72650E-01-4.47880E-01 4.08664E-15 1.01635E-14-4.29056E-15
 -1      1746-4.89463E-01-3.56563E-01-4.42250E-01 4.38900E-15 1.12640E-14-3.06728E-16
 -1      1747-4.00668E-01-1.02864E-01-4.42250E-01 5.51242E-15 1.04076E-14-2.18154E-15
 -1      1748-4.00668E-01-1.18951E-01-4.47880E-01 5.18762E-15 9.60229E-15 2.17392E-15
 -1      1753 1.74396E-01-8.07327E-02-1.52795E-01 2.54933E-01 3.24431E-02 2.49562E-02
 -1      1754 1.76795E-01-7.66783E-02-1.50536E-01 2.58052E-01-2.53246E-02-1.94804E-02
 -1      1755 1.57690E-01 5.95704E-02-1.50536E-01 2.66615E-01-2.53246E-02-1.94804E-02
 -1      1756 1.55291E-01 5.55160E-02-1.52795E-01 2.63496E-01 3.24431E-02 2.49562E-02
 -1      1761 9.76222E-02-8.30070E-02-1.94301E-01-2.42597E-01 8.91221E-03-6.85555E-03
 -1      1762 8.74900E-02-1.00130E-01-2.03840E-01-2.29425E-01-6.66308E-02 5.12544E-02
 -1      1763 1.20581E-02 1.33777E-02-2.03840E-01-2.13838E-01-6.66308E-02 5.12544E-02
 -1      1764 2.21903E-02 3.05011E-02-1.94301E-01-2.27010E-01 8.91221E-03-6.85555E-03
 -1      1827 4.73298E-01 1.34024E-01 1.12408E-01 1.96051E-02 7.63890E-16 3.22855E-01
 -1      1828 3.43243E-01 8.85042E-02 1.12408E-01 5.31013E-02-3.64588E-15 3.22855E-01
 -1      1829 3.36707E-01 8.85042E-02 1.10120E-01 5.31013E-02-1.12489E-15 3.56351E-01
 -1      1830 4.66763E-01 1.34024E-01 1.10120E-01 1.96051E-02-2.38647E-15 3.56351E-01
 -1      1835-4.23712E-01-2.49512E-01-2.21059E-01 4.70661E-03-8.12283E-03 4.87379E-02
 -1      1836-4.91516E-01-3.43928E-01-4.23014E-01 2.27566E-02-3.92741E-02 1.65756E-01
 -1      1837-4.23681E-01-3.43928E-01-2.30329E-01 2.27566E-02-3.92741E-02 1.29248E-01
 -1      1838-3.55877E-01-2.49512E-01-2.83749E-02 4.70661E-03-8.12283E-03 1.22296E-02
 -1      1843 6.20232E-01 2.51352E-01 2.30675E-01-4.37192E-02-2.62315E-02 1.34848E-01
 -1      1844 5.38166E-01 2.12288E-01 2.01131E-01 9.78427E-03 5.87056E-03 8.56086E-02
 -1      1845 5.63591E-01 2.12288E-01 3.06932E-01 9.78427E-03 5.87056E-03 1.42846E-01
 -1      1846 6.45656E-01 2.51352E-01 3.36475E-01-4.37192E-02-2.62315E-02 1.92085E-01
 -1      1851-1.05959E-01-4.70086E-02-2.51419E-02 5.69291E-16-4.58432E-02 3.47503E-01
 -1      1852-1.05959E-01-6.37107E-02-7.28623E-02 6.07744E-16-6.44347E-02 3.47503E-01
 -1      1853-4.76067E-03-6.37107E-02 2.16275E-01 2.92313E-15-6.44347E-02 3.66094E-01
 -1      1854-4.76067E-03-4.70086E-02 2.63995E-01 1.65039E-16-4.58432E-02 3.66094E-01
 -1      1859-2.50805E-01-3.38182E-01-2.15597E-01 1.71137E-14 1.01358E-15-2.19428E-15
 -1      1860-2.50805E-01-2.85496E-01-1.97157E-01 1.71455E-14 9.94995E-16 3.64795E-15
 -1      1861-1.61950E-01-3.16260E-02-1.97157E-01 1.72876E-14 1.67261E-15 7.54842E-15
 -1      1862-1.61950E-01-8.43121E-02-2.15597E-01 1.71369E-14 1.72427E-15 8.30112E-15
 -1      1867 2.19571E-01-2.19759E-02 6.39495E-03 1.27824E-01 6.66308E-02 5.12544E-02
 -1      1868 2.29703E-01-4.85254E-03 1.59344E-02 1.40996E-01-8.91221E-03-6.85555E-03
 -1      1869 1.54271E-01 1.08656E-01 1.59344E-02 1.25409E-01-8.91221E-03-6.85555E-03
 -1      1870 1.44139E-01 9.15322E-02 6.39495E-03 1.12237E-01 6.66308E-02 5.12544E-02
 -1      1875-1.89629E-01-1.66115E-01-1.25822E-01 9.84892E-04-2.07686E-01 1.59759E-01
 -1      1876-1.97391E-01-1.79233E-01-1.33131E-01 1.10757E-02-1.53634E-01 1.18180E-01
 -1      1877 3.91128E-02-2.64787E-02-1.33131E-01-9.69915E-02-1.53634E-01 1.18180E-01
 -1      1878 4.68750E-02-1.33607E-02-1.25822E-01-1.07082E-01-2.07686E-01 1.59759E-01
 -1      1941 2.35588E-01 2.38392E-01 1.23140E-01 1.54606E-02 4.11302E-15 5.86136E-01
 -1      1942-4.65804E-01-7.09489E-03 1.23140E-01 8.24981E-02-1.86307E-15 5.86136E-01
 -1      1943-5.08612E-01-7.09489E-03 1.08157E-01 8.24981E-02-1.04044E-15 6.53173E-01
 -1      1944 1.92781E-01 2.38392E-01 1.08157E-01 1.54606E-02 5.20937E-15 6.53173E-01
 -1      1949-2.19894E-02-2.32283E-01-1.01393E+00-3.24572E-02 4.05715E-02 2.47562E-01
 -1      1950 1.34457E-01-9.19706E-02-7.69484E-01-8.84327E-03 1.10541E-02 5.20043E-02
 -1      1951 1.16336E-01-9.19706E-02-7.09414E-01-8.84327E-03 1.10541E-02 5.04492E-02
 -1      1952-4.01100E-02-2.32283E-01-9.53861E-01-3.24572E-02 4.05715E-02 2.46007E-01
 -1      1957-6.90167E-02-2.22782E-01-9.68333E-01-3.83428E-16 3.78046E-02-2.35135E-01
 -1      1958-6.90167E-02 1.10438E-01-1.62741E-02 1.30993E-15 2.43602E-02-2.35135E-01
 -1      1959-4.33275E-02 1.10438E-01 5.71235E-02-8.11936E-16 2.43602E-02-2.21690E-01
 -1      1960-4.33275E-02-2.22782E-01-8.94935E-01 1.50858E-16 3.78046E-02-2.21690E-01
 -1      1965 3.03574E-01 2.12502E-01 3.03574E-01-2.25081E-14 4.91043E-19-5.76447E-16
 -1      1966 3.03574E-01 2.12502E-01 3.03574E-01-2.29687E-14-3.30764E-20 3.37903E-16
 -1      1967 3.03574E-01 2.12502E-01 3.03574E-01-2.26085E-14-2.67516E-19-2.58575E-15
 -1      1968 3.03574E-01 2.12502E-01 3.03574E-01-2.26884E-14 5.45040E-20-1.75792E-15
 -1      1973-1.14448E-02-6.92057E-02 1.62843E-01-1.54111E-01 1.53634E-01 1.18180E-01
 -1      1974-3.68263E-03-5.60877E-02 1.70152E-01-1.44021E-01 2.07686E-01 1.59759E-01
 -1      1975 2.32821E-01 9.66668E-02 1.70152E-01-3.59535E-02 2.07686E-01 1.59759E-01
 -1      1976 2.25059E-01 8.35488E-02 1.62843E-01-4.60443E-02 1.53634E-01 1.18180E-01
 -1      2023-3.36202E-01-2.26067E-01-2.83869E-01-3.36024E-02-2.14148E-02-7.81044E-02
 -1      2024-3.59679E-01-2.37589E-01-2.93370E-01 3.23537E-04-8.22957E-04-9.34595E-02
 -1      2025-4.07578E-01-2.40426E-01-2.66307E-01 4.46548E-04-9.99955E-04-8.14916E-02
 -1      2026-3.84544E-01-2.28930E-01-2.56556E-01-3.34783E-02-2.15934E-02-6.60258E-02
 -1      2031 5.68637E-01 3.07311E-01 2.62146E-01-9.96696E-03 5.98018E-03-4.09078E-02
 -1      2032 6.40694E-01 3.41610E-01 2.88087E-01 4.46397E-02-2.67838E-02-8.41419E-02
 -1      2033 6.66255E-01 3.41610E-01 3.95824E-01 4.46397E-02-2.67838E-02-1.42425E-01
 -1      2034 5.94198E-01 3.07311E-01 3.69884E-01-9.96696E-03 5.98018E-03-9.91906E-02
 -1      2039-2.76314E-01-9.08113E-02-1.43439E-02-3.07685E-17 2.52370E-02 2.31791E-01
 -1      2040-2.76314E-01-4.35575E-01-9.99382E-01-5.18496E-16 3.84139E-02 2.31791E-01
 -1      2041-2.50072E-01-4.35575E-01-9.24407E-01-1.82403E-16 3.84139E-02 2.18614E-01
 -1      2042-2.50072E-01-9.08113E-02 6.06309E-02-9.72607E-17 2.52370E-02 2.18614E-01
 -1      2047-2.73575E-02-6.74360E-03-3.18071E-02-3.19705E-15-2.12196E-15-2.98411E-16
 -1      2048-2.73575E-02-3.66839E-02-4.22861E-02-3.16108E-15-1.30341E-15-1.58376E-15
 -1      2049-4.67357E-02-9.20499E-02-4.22861E-02-2.62359E-15-1.26953E-15-1.34715E-15
 -1      2050-4.67357E-02-6.21097E-02-3.18071E-02-2.32821E-15-2.14152E-15-2.63582E-17
 -1      2089-4.76494E-01-1.92551E-01-4.38845E-01-1.94247E-03-1.04415E-02-2.48831E-01
 -1      2090-4.41697E-01-2.03048E-01-5.04875E-01 2.30368E-02 9.21037E-03-2.77294E-01
 -1      2091-4.45566E-01-2.04704E-01-4.59238E-01 2.28892E-02 9.44629E-03-2.58879E-01
 -1      2092-4.81335E-01-1.94157E-01-3.94578E-01-2.08573E-03-1.02133E-02-2.31076E-01
 -1      2097 5.29216E-01 5.11262E-01 4.40882E-01-1.76714E-02 2.20893E-02-6.49605E-02
 -1      2098 4.36302E-01 4.27930E-01 2.95704E-01 9.76294E-04-1.22037E-03 5.11817E-02
 -1      2099 5.39045E-01 4.27930E-01 4.87861E-01 9.76294E-04-1.22037E-03-1.15285E-02
 -1      2100 6.31958E-01 5.11262E-01 6.33039E-01-1.76714E-02 2.20893E-02-1.27671E-01
 -1      2105 1.77255E-01 2.18966E-01-9.32756E-02 2.54779E-15-6.61026E-02-3.35265E-01
 -1      2106 1.77255E-01 2.38441E-01-3.76308E-02-2.46782E-15-4.71260E-02-3.35265E-01
 -1      2107 2.80152E-01 2.38441E-01 2.56359E-01 6.12279E-16-4.71260E-02-3.54241E-01
 -1      2108 2.80152E-01 2.18966E-01 2.00715E-01 3.37433E-16-6.61026E-02-3.54241E-01
 -1      2113 2.54299E-01 2.34434E-01 2.45437E-01-1.42015E-14 1.98990E-15-4.40716E-17
 -1      2114 2.54299E-01 9.14917E-02 1.95408E-01-1.40117E-14 1.73744E-15-2.83841E-15
 -1      2115 1.86546E-01-1.02090E-01 1.95408E-01-1.45063E-14 1.65783E-15-5.02299E-16
 -1      2116 1.86546E-01 4.08520E-02 2.45437E-01-1.41408E-14 1.49810E-15 1.83381E-15
 -1      2155-1.40742E+00-4.76067E-01-4.74873E-01 2.00792E-02-4.37548E-03-3.09205E-01
 -1      2156-1.22820E+00-4.01346E-01-4.42998E-01 2.53421E-02-3.45036E-03-2.34838E-01
 -1      2157-1.17096E+00-4.03460E-01-4.12667E-01 2.54595E-02-3.71835E-03-2.16399E-01
 -1      2158-1.35311E+00-4.78074E-01-4.46097E-01 2.01906E-02-4.62969E-03-2.91711E-01
 -1      2163-2.33493E-01 1.62480E-02-3.29220E-01-2.36872E-02-4.08802E-02-3.31554E-01
 -1      2164-1.64662E-01 1.12094E-01-1.24206E-01-5.48514E-03-9.46643E-03-2.12763E-01
 -1      2165-9.61966E-02 1.12094E-01 7.01970E-02-5.48514E-03-9.46643E-03-1.75914E-01
 -1      2166-1.65028E-01 1.62480E-02-1.34817E-01-2.36872E-02-4.08802E-02-2.94706E-01
 -1      2171 2.12913E-01 3.91952E-01 2.89652E-01-1.30541E-02 2.25292E-02 1.25910E-01
 -1      2172 1.92340E-01 3.63305E-01 2.28375E-01 2.56248E-03-4.42240E-03 1.61416E-01
 -1      2173 2.71483E-01 3.63305E-01 4.28413E-01 2.56248E-03-4.42240E-03 1.18596E-01
 -1      2174 2.92056E-01 3.91952E-01 4.89690E-01-1.30541E-02 2.25292E-02 8.30902E-02
 -1      2179 3.42455E-01 3.77910E-01 8.54624E-02-2.49957E-17-5.78946E-03 5.44858E-02
 -1      2180 3.42455E-01 3.97283E-01 1.40814E-01 5.21986E-17-3.80328E-04 5.44858E-02
 -1      2181 4.32737E-01 3.97283E-01 3.98764E-01 1.64007E-15-3.80328E-04 4.90767E-02
 -1      2182 4.32737E-01 3.77910E-01 3.43412E-01-1.73738E-15-5.78946E-03 4.90767E-02
 -1      2187 3.38203E-01 2.26940E-01 2.95917E-01-9.13531E-15 1.24894E-14-2.39218E-15
 -1      2188 3.38203E-01 1.76193E-01 2.78156E-01-8.99677E-15 1.37604E-14 1.88341E-15
 -1      2189 2.35870E-01-1.16186E-01 2.78156E-01-8.07423E-15 1.45251E-14-1.52961E-15
 -1      2190 2.35870E-01-6.54400E-02 2.95917E-01-7.83707E-15 1.26636E-14 1.83023E-15
 -1      2237-1.49682E+00-5.35882E-01-5.07977E-01-8.48029E-06-5.82928E-03-2.01893E-03
 -1      2238-1.42139E+00-5.08250E-01-5.05958E-01-1.30218E-04-6.11553E-03-1.85070E-03
 -1      2239-1.37924E+00-5.08412E-01-4.91260E-01-1.23664E-04-5.96218E-03-1.85108E-03
 -1      2240-1.45688E+00-5.36035E-01-4.94048E-01-2.26852E-06-5.68394E-03-2.01930E-03
 -1      2245 1.48721E-01 2.67653E-01 4.14344E-02-9.44152E-03-1.79389E-02-1.57744E-01
 -1      2246 1.74761E-01 3.09668E-01 1.35438E-01 4.58230E-03 8.70638E-03-1.08268E-01
 -1      2247 2.43047E-01 3.09668E-01 3.23146E-01 4.58230E-03 8.70638E-03-7.45155E-02
 -1      2248 2.17007E-01 2.67653E-01 2.29142E-01-9.44152E-03-1.79389E-02-1.23991E-01
 -1      2253 1.74402E-01 3.07696E-01 1.30815E-01-4.60231E-03 8.74440E-03 1.07714E-01
 -1      2254 1.48439E-01 2.65805E-01 3.70886E-02 9.47313E-03-1.79990E-02 1.57044E-01
 -1      2255 2.16160E-01 2.65805E-01 2.24061E-01 9.47313E-03-1.79990E-02 1.23612E-01
 -1      2256 2.42123E-01 3.07696E-01 3.17787E-01-4.60231E-03 8.74440E-03 7.42824E-02
 -1      2261 3.39222E-01 3.81733E-01 1.41273E-01-1.01970E-15-6.97191E-03 5.75301E-04
 -1      2262 3.39222E-01 3.81541E-01 1.40724E-01 2.19736E-15-7.13047E-03 5.75301E-04
 -1      2263 4.24051E-01 3.81541E-01 3.83095E-01-1.63932E-16-7.13047E-03 7.33863E-04
 -1      2264 4.24051E-01 3.81733E-01 3.83644E-01 1.79368E-15-6.97191E-03 7.33863E-04
 -1      2269 2.63789E-01 9.55108E-02 2.10718E-01 2.33029E-15 7.97846E-15-7.63546E-16
 -1      2270 2.63789E-01 9.68485E-02 2.11186E-01 2.13396E-15 1.03845E-14 1.78848E-15
 -1      2271 1.58115E-01-2.05078E-01 2.11186E-01 3.34660E-15 1.18236E-14-7.31658E-15
 -1      2272 1.58115E-01-2.06416E-01 2.10718E-01 3.12457E-15 9.91772E-15 2.71722E-15
 -1      2319-1.42104E+00-4.76061E-01-4.83701E-01-1.67639E-02-2.38092E-03 2.96330E-01
 -1      2320-1.22720E+00-3.94869E-01-4.47273E-01-2.38870E-02-1.50393E-04 2.15128E-01
 -1      2321-1.17179E+00-3.96415E-01-4.17196E-01-2.39774E-02-4.21694E-04 1.96722E-01
 -1      2322-1.36780E+00-4.77560E-01-4.54746E-01-1.68512E-02-2.64160E-03 2.78576E-01
 -1      2327 1.97792E-01 3.72763E-01 2.26404E-01-3.05715E-03-5.27614E-03-1.67796E-01
 -1      2328 2.17849E-01 4.00690E-01 2.86142E-01 1.25972E-02 2.17407E-02-1.33182E-01
 -1      2329 2.96856E-01 4.00690E-01 4.86132E-01 1.25972E-02 2.17407E-02-9.04380E-02
 -1      2330 2.76800E-01 3.72763E-01 4.26395E-01-3.05715E-03-5.27614E-03-1.25052E-01
 -1      2335-1.41644E-01 1.27257E-01-1.26358E-01 4.70661E-03-8.12283E-03 2.12177E-01
 -1      2336-2.09448E-01 3.28416E-02-3.28312E-01 2.27566E-02-3.92741E-02 3.29195E-01
 -1      2337-1.41613E-01 3.28416E-02-1.35628E-01 2.27566E-02-3.92741E-02 2.92687E-01
 -1      2338-7.38091E-02 1.27257E-01 6.63264E-02 4.70661E-03-8.12283E-03 1.75668E-01
 -1      2343 3.47908E-01 4.02712E-01 1.27824E-01 8.63591E-17-3.04819E-04-5.92202E-02
 -1      2344 3.47908E-01 3.83084E-01 7.17448E-02-1.44821E-15-5.56715E-03-5.92202E-02
 -1      2345 4.37888E-01 3.83084E-01 3.28830E-01 1.07083E-15-5.56715E-03-5.39579E-02
 -1      2346 4.37888E-01 4.02712E-01 3.84909E-01 7.70947E-16-3.04819E-04-5.39579E-02
 -1      2351 3.51506E-01 1.77401E-01 2.91507E-01 1.06413E-14 1.29260E-14-4.14562E-15
 -1      2352 3.51506E-01 2.27881E-01 3.09175E-01 1.05227E-14 1.34691E-14 1.95362E-15
 -1      2353 2.49175E-01-6.44949E-02 3.09175E-01 1.13551E-14 1.37378E-14 5.39562E-16
 -1      2354 2.49175E-01-1.14975E-01 2.91507E-01 1.12555E-14 1.33866E-14 7.41406E-15
 -1      2401-8.15544E-01-2.81364E-01-3.37223E-01 1.38752E-02-1.32401E-02 2.68235E-01
 -1      2402-6.81149E-01-2.25039E-01-3.11613E-01-9.94164E-03 9.24995E-04 2.08363E-01
 -1      2403-6.70137E-01-2.24896E-01-2.71358E-01-9.92312E-03 1.00456E-03 1.84960E-01
 -1      2404-8.05445E-01-2.81258E-01-2.98011E-01 1.38919E-02-1.31651E-02 2.45414E-01
 -1      2409 4.62163E-01 4.33344E-01 3.05956E-01-1.29289E-03-1.61611E-03-3.70076E-02
 -1      2410 5.55198E-01 5.16785E-01 4.51324E-01 1.73047E-02 2.16308E-02 7.92866E-02
 -1      2411 6.56390E-01 5.16785E-01 6.41388E-01 1.73047E-02 2.16308E-02 1.41158E-01
 -1      2412 5.63355E-01 4.33344E-01 4.96020E-01-1.29289E-03-1.61611E-03 2.48643E-02
 -1      2417-3.08269E-02-2.46777E-01-1.01959E+00-3.24572E-02 4.05715E-02 2.40492E-01
 -1      2418 1.25619E-01-1.06464E-01-7.75140E-01-8.84327E-03 1.10541E-02 4.49344E-02
 -1      2419 1.07499E-01-1.06464E-01-7.15070E-01-8.84327E-03 1.10541E-02 4.33793E-02
 -1      2420-4.89474E-02-2.46777E-01-9.59517E-01-3.24572E-02 4.05715E-02 2.38937E-01
 -1      2425 1.75522E-01 2.34472E-01-2.51419E-02-8.97828E-16-4.58432E-02 3.47503E-01
 -1      2426 1.75522E-01 2.17770E-01-7.28623E-02 5.95373E-16-6.44347E-02 3.47503E-01
 -1      2427 2.76720E-01 2.17770E-01 2.16275E-01 1.91121E-16-6.44347E-02 3.66094E-01
 -1      2428 2.76720E-01 2.34472E-01 2.63995E-01-3.44252E-16-4.58432E-02 3.66094E-01
 -1      2433 2.41640E-01 8.74683E-02 1.83602E-01 1.00705E-14 6.18326E-15-5.61782E-15
 -1      2434 2.41640E-01 2.28161E-01 2.32844E-01 1.04103E-14 4.32224E-15 5.96793E-16
 -1      2435 1.74806E-01 3.72045E-02 2.32844E-01 1.01336E-14 4.24263E-15 1.63905E-14
 -1      2436 1.74806E-01-1.03489E-01 1.83602E-01 9.58897E-15 5.33006E-15 1.24151E-14
 -1      2483-3.24387E-01-2.18985E-01-2.72178E-01 3.22890E-02-2.12389E-02 6.13787E-02
 -1      2484-3.68656E-01-2.41238E-01-2.91382E-01 1.00474E-03 6.12667E-04 9.01309E-02
 -1      2485-4.12408E-01-2.38248E-01-2.60875E-01 1.11824E-03 8.00595E-04 7.79763E-02
 -1      2486-3.67712E-01-2.16025E-01-2.41970E-01 3.24014E-02-2.10528E-02 4.93428E-02
 -1      2491 6.45896E-01 3.48307E-01 3.01966E-01-4.37192E-02-2.62315E-02 9.20732E-02
 -1      2492 5.63831E-01 3.09244E-01 2.72422E-01 9.78427E-03 5.87056E-03 4.28340E-02
 -1      2493 5.89256E-01 3.09244E-01 3.78223E-01 9.78427E-03 5.87056E-03 1.00071E-01
 -1      2494 6.71321E-01 3.48307E-01 4.07766E-01-4.37192E-02-2.62315E-02 1.49310E-01
 -1      2499-2.68035E-01-4.21801E-01-9.68333E-01-1.98888E-15 3.78046E-02-2.35135E-01
 -1      2500-2.68035E-01-8.85800E-02-1.62741E-02 2.11351E-15 2.43602E-02-2.35135E-01
 -1      2501-2.42346E-01-8.85800E-02 5.71235E-02 1.63137E-15 2.43602E-02-2.21690E-01
 -1      2502-2.42346E-01-4.21801E-01-8.94935E-01-2.12307E-15 3.78046E-02-2.21690E-01
 -1      2507-2.63509E-02-3.64124E-02-4.11821E-02-4.00549E-15 5.17335E-15-7.21653E-15
 -1      2508-2.63509E-02-5.86424E-03-3.04902E-02-4.04572E-15 4.07212E-15-1.14714E-15
 -1      2509-4.53214E-02-6.00655E-02-3.04902E-02-5.90480E-15 3.99132E-15 5.92054E-15
 -1      2510-4.53214E-02-9.06137E-02-4.11821E-02-5.85409E-15 4.86667E-15-1.82355E-15
 -3
    1PSTEP                         3           1           1          
  100CL  101 1.000000000         616                     0    1           1
 -4  TOSTRAIN    6    1
 -5  EXX         1    4    1    1
 -5  EYY         1    4    2    2
 -5  EZZ         1    4    3    3
 -5  EXY         1    4    1    2
 -5  EYZ         1    4    2    3
 -5  EZX         1    4    3    1
 -1        29 1.86958E-05 5.24601E-05-6.48114E-06 7.42063E-06 5.65202E-19-3.01117E-04
 -1        30-1.87606E-04 5.24601E-05 1.04605E-04 3.81627E-05-1.12186E-19-3.01117E-04
 -1        31-1.74984E-04 4.56634E-05 1.04605E-04 3.81627E-05-2.99330E-19-2.70375E-04
 -1        32 3.13182E-05 4.56634E-05-6.48114E-06 7.42063E-06 4.07684E-19-2.70375E-04
 -1        37 1.10145E-04 4.78378E-05-2.60121E-04-5.94287E-06-2.67749E-06 1.72566E-05
 -1        38 1.02294E-04 4.78028E-05-3.07616E-04-1.55776E-05-1.83898E-05-7.07479E-05
 -1        39 1.15715E-04 5.03186E-05-3.30403E-04-1.55316E-05-1.84374E-05-7.14222E-05
 -1        40 1.23193E-04 5.02836E-05-2.82274E-04-5.89821E-06-2.72381E-06 1.66003E-05
 -1        45-2.85104E-05 4.31571E-05 4.70587E-06-1.68411E-19-1.13567E-05 9.83762E-05
 -1        46 1.26633E-04 4.31571E-05-2.83418E-04 1.59056E-19-1.72862E-05 9.83762E-05
 -1        47 1.26633E-04 5.49657E-05-3.05348E-04 7.33929E-20-1.72862E-05 1.04306E-04
 -1        48-2.85104E-05 5.49657E-05-1.72243E-05-1.81945E-19-1.13567E-05 1.04306E-04
 -1        53 4.90605E-05-2.78823E-18 4.90605E-05 3.11168E-22-5.31298E-22 3.28711E-22
 -1        54 4.90605E-05-2.78823E-18 4.90605E-05-2.37380E-22 2.40708E-23 1.61082E-21
 -1        55 4.90605E-05-2.78823E-18 4.90605E-05-2.91499E-22 1.18763E-22 8.46578E-21
 -1        56 4.90605E-05-2.78823E-18 4.90605E-05 2.48978E-22 3.86132E-22 8.58797E-22
 -1        61-1.15937E-05-3.90340E-05 7.19799E-05-7.15941E-05-9.57943E-05-7.36879E-05
 -1        62-1.17997E-05-4.16697E-05 7.19799E-05-7.61716E-05-7.14311E-05-5.49470E-05
 -1        63 4.95541E-05-1.78988E-05 2.61436E-05-2.71490E-05-7.14311E-05-5.49470E-05
 -1        64 4.97601E-05-1.52632E-05 2.61436E-05-2.25715E-05-9.57943E-05-7.36879E-05
 -1       111 1.30831E-04-2.33877E-05-3.39057E-05 8.81926E-06 4.73937E-19-1.63129E-04
 -1       112 9.35934E-05-2.33877E-05-1.38546E-05 2.40014E-05-8.99264E-19-1.63129E-04
 -1       113 9.54227E-05-2.43726E-05-1.38546E-05 2.40014E-05-1.18670E-18-1.47947E-04
 -1       114 1.32661E-04-2.43726E-05-3.39057E-05 8.81926E-06 1.65415E-18-1.47947E-04
 -1       119 1.30455E-04-3.16560E-05 8.38617E-06 4.48513E-06-2.69108E-06-6.44430E-05
 -1       120 1.47446E-04-3.16560E-05 4.62480E-06-2.00879E-05 1.20527E-05-8.38984E-05
 -1       121 1.51495E-04-1.61046E-05-2.83056E-05-2.00879E-05 1.20527E-05-5.76711E-05
 -1       122 1.34504E-04-1.61046E-05-2.45443E-05 4.48513E-06-2.69108E-06-3.82158E-05
 -1       127-7.92284E-05-3.92152E-05 1.65949E-05 1.06593E-05 1.83961E-05-6.08903E-05
 -1       128-9.13850E-05-3.92152E-05 6.57206E-05 2.46831E-06 4.25989E-06-7.43418E-06
 -1       129-9.15263E-05-8.54727E-06 8.90707E-06 2.46831E-06 4.25989E-06-2.40158E-05
 -1       130-7.93697E-05-8.54727E-06-4.02186E-05 1.06593E-05 1.83961E-05-7.74720E-05
 -1       135-1.94990E-05-4.70327E-05 7.75116E-05 3.76543E-21 2.97462E-05-1.59409E-04
 -1       136-2.82630E-05-4.70327E-05 9.37878E-05 4.30806E-19 2.12067E-05-1.59409E-04
 -1       137-2.82630E-05-7.29258E-07 7.79560E-06-4.11397E-19 2.12067E-05-1.50869E-04
 -1       138-1.94990E-05-7.29258E-07-8.48051E-06-1.26269E-19 2.97462E-05-1.50869E-04
 -1       143-2.80625E-05-4.54202E-05-3.50644E-06-5.01440E-18 6.17820E-19-5.38211E-19
 -1       144-1.96973E-05-6.09555E-05-3.50644E-06-5.01519E-18-5.20141E-20-6.75683E-19
 -1       145-1.96973E-05 1.47174E-05-4.42534E-05-5.31998E-18 2.40763E-20 6.94080E-19
 -1       146-2.80625E-05 3.02527E-05-4.42534E-05-5.34324E-18 3.04077E-19 1.06965E-18
 -1       151-2.84241E-05-1.94343E-05-9.62967E-07 2.95756E-06 7.14311E-05-5.49470E-05
 -1       152-2.82181E-05-1.67987E-05-9.62967E-07-1.61999E-06 9.57943E-05-7.36879E-05
 -1       153 3.31357E-05 6.97219E-06-4.67993E-05-5.06426E-05 9.57943E-05-7.36879E-05
 -1       154 3.29297E-05 4.33658E-06-4.67993E-05-4.60651E-05 7.14311E-05-5.49470E-05
 -1       159 7.64704E-05-3.08489E-05-2.17133E-05 6.47586E-05 4.39054E-06 3.37734E-06
 -1       160 7.62048E-05-3.42484E-05-2.17133E-05 5.88543E-05-3.02123E-05-2.32402E-05
 -1       161 3.69999E-05 1.30011E-05-2.60450E-05 5.15440E-05-3.02123E-05-2.32402E-05
 -1       162 3.72656E-05 1.64006E-05-2.60450E-05 5.74483E-05 4.39054E-06 3.37734E-06
 -1       225 2.52848E-04-7.02875E-05-4.06464E-05 7.49600E-06 1.02355E-19-1.65886E-05
 -1       226 3.56609E-04-7.02875E-05-9.65177E-05 7.86065E-06-2.58171E-19-1.65886E-05
 -1       227 3.50274E-04-6.68766E-05-9.65177E-05 7.86065E-06-5.34188E-19-1.62240E-05
 -1       228 2.46514E-04-6.68766E-05-4.06464E-05 7.49600E-06-2.22459E-18-1.62240E-05
 -1       233 5.65676E-05-8.57860E-05 1.06576E-04 7.95214E-06-9.94017E-06-1.67502E-04
 -1       234 5.22559E-05-8.57860E-05 7.87458E-05-4.39332E-07 5.49166E-07-1.15238E-04
 -1       235 4.04265E-05-5.13810E-05 2.66802E-05-4.39332E-07 5.49166E-07-8.70183E-05
 -1       236 4.47383E-05-5.13810E-05 5.45108E-05 7.95214E-06-9.94017E-06-1.39282E-04
 -1       241-5.19363E-05-8.35166E-05 9.54330E-05 4.24868E-06 8.07250E-06 4.75088E-05
 -1       242-5.91252E-05-8.35166E-05 1.18828E-04-2.06204E-06-3.91787E-06 6.97729E-05
 -1       243-5.99878E-05-5.36507E-05 6.42252E-05-2.06204E-06-3.91787E-06 5.45844E-05
 -1       244-5.27988E-05-5.36507E-05 4.08303E-05 4.24868E-06 8.07250E-06 3.23202E-05
 -1       249-6.42248E-05-8.88972E-05 1.53774E-04 7.45186E-20 2.60526E-06 2.20845E-05
 -1       250-7.29427E-05-8.88972E-05 1.69965E-04-2.97192E-19 1.71148E-07 2.20845E-05
 -1       251-7.29427E-05-4.82703E-05 9.45146E-05 1.61889E-19 1.71148E-07 2.45186E-05
 -1       252-6.42248E-05-4.82703E-05 7.83241E-05 1.14666E-19 2.60526E-06 2.45186E-05
 -1       257-6.97939E-05-1.06764E-05-4.84586E-05-6.70139E-18 2.88494E-18 9.91810E-19
 -1       258-6.73694E-05-1.51791E-05-4.84586E-05-6.68066E-18 2.82227E-18-2.55254E-20
 -1       259-6.73694E-05 5.95636E-05-8.87047E-05-6.80655E-18 2.71203E-18 6.84967E-19
 -1       260-6.97939E-05 6.40664E-05-8.87047E-05-6.86498E-18 2.75185E-18 2.12269E-18
 -1       265 6.60165E-05-2.06214E-05-6.64165E-05-1.03724E-04 3.02123E-05-2.32402E-05
 -1       266 6.62821E-05-1.72219E-05-6.64165E-05-1.09628E-04-4.39054E-06 3.37734E-06
 -1       267 2.70773E-05 3.00276E-05-7.07483E-05-1.02318E-04-4.39054E-06 3.37734E-06
 -1       268 2.68116E-05 2.66281E-05-7.07483E-05-9.64135E-05 3.02123E-05-2.32402E-05
 -1       273 8.55033E-05-2.88752E-05-6.17696E-05 1.15918E-04 1.14331E-05 8.79467E-06
 -1       274 8.54443E-05-2.96293E-05-6.17696E-05 1.14608E-04-1.47413E-05-1.13394E-05
 -1       275 6.29327E-05 1.81841E-05-7.53937E-05 1.18365E-04-1.47413E-05-1.13394E-05
 -1       276 6.29916E-05 1.89383E-05-7.53937E-05 1.19675E-04 1.14331E-05 8.79467E-06
 -1       339 2.93713E-04-6.96842E-05-4.84096E-05-1.52478E-07 7.10310E-19 3.99267E-07
 -1       340 3.68992E-04-6.96842E-05-8.89445E-05-2.61312E-07 6.36279E-19 3.99267E-07
 -1       341 3.65251E-04-6.76699E-05-8.89445E-05-2.61312E-07 3.64834E-20 2.90433E-07
 -1       342 2.89972E-04-6.76699E-05-4.84096E-05-1.52478E-07 2.73463E-18 2.90433E-07
 -1       347-6.49707E-05-8.49647E-05 1.52464E-04 5.87435E-06-1.01381E-05-7.46980E-05
 -1       348-6.13372E-05-8.49647E-05 1.37780E-04-1.15311E-06 1.99008E-06-5.87204E-05
 -1       349-6.43803E-05-5.23936E-05 8.03341E-05-1.15311E-06 1.99008E-06-3.94515E-05
 -1       350-6.80138E-05-5.23936E-05 9.50174E-05 5.87435E-06-1.01381E-05-5.54290E-05
 -1       355-6.17504E-05-8.49541E-05 1.36914E-04 1.37572E-06 2.37426E-06 5.82994E-05
 -1       356-6.52926E-05-8.49541E-05 1.51228E-04-5.66875E-06-9.78331E-06 7.38756E-05
 -1       357-6.82963E-05-5.24043E-05 9.37820E-05-5.66875E-06-9.78331E-06 5.46407E-05
 -1       358-6.47541E-05-5.24043E-05 7.94677E-05 1.37572E-06 2.37426E-06 3.90646E-05
 -1       363-6.87223E-05-8.77658E-05 1.63943E-04-2.46961E-19 3.13736E-06 3.30238E-07
 -1       364-6.86359E-05-8.77658E-05 1.63782E-04 6.31992E-19 3.20871E-06 3.30238E-07
 -1       365-6.86359E-05-4.95924E-05 9.28887E-05-2.09148E-19 3.20871E-06 2.58885E-07
 -1       366-6.87223E-05-4.95924E-05 9.30493E-05-4.80843E-19 3.13736E-06 2.58885E-07
 -1       371-6.86615E-05-1.50387E-05-4.78202E-05-4.28943E-18 2.69006E-18 2.12187E-18
 -1       372-6.86925E-05-1.49811E-05-4.78202E-05-4.52533E-18 3.54493E-18 2.33345E-18
 -1       373-6.86925E-05 6.24870E-05-8.95338E-05-4.27664E-18 3.22658E-18 1.10254E-18
 -1       374-6.86615E-05 6.24294E-05-8.95338E-05-4.31468E-18 3.25527E-18 1.35195E-18
 -1       379 8.54226E-05-2.96002E-05-6.18650E-05-1.14704E-04 1.47413E-05-1.13394E-05
 -1       380 8.54815E-05-2.88461E-05-6.18650E-05-1.16013E-04-1.14331E-05 8.79467E-06
 -1       381 6.29698E-05 1.89673E-05-7.54891E-05-1.19771E-04-1.14331E-05 8.79467E-06
 -1       382 6.29109E-05 1.82132E-05-7.54891E-05-1.18461E-04 1.47413E-05-1.13394E-05
 -1       387 8.53804E-05-2.94357E-05-6.18437E-05 1.14704E-04 1.45994E-05 1.12303E-05
 -1       388 8.54436E-05-2.86276E-05-6.18437E-05 1.16108E-04-1.13961E-05-8.76620E-06
 -1       389 6.31795E-05 1.90175E-05-7.55104E-05 1.19961E-04-1.13961E-05-8.76620E-06
 -1       390 6.31164E-05 1.82095E-05-7.55104E-05 1.18558E-04 1.45994E-05 1.12303E-05
 -1       453 2.52286E-04-7.03721E-05-4.12397E-05-7.88317E-06 1.49240E-18 1.78114E-05
 -1       454 3.54255E-04-7.03721E-05-9.61460E-05-8.53545E-06-1.34451E-18 1.78114E-05
 -1       455 3.48018E-04-6.70136E-05-9.61460E-05-8.53545E-06-1.46302E-19 1.71591E-05
 -1       456 2.46049E-04-6.70136E-05-4.12397E-05-7.88317E-06 1.80784E-18 1.71591E-05
 -1       461-5.86387E-05-8.35516E-05 1.17449E-04 2.07104E-06-3.93498E-06-6.99727E-05
 -1       462-5.14710E-05-8.35516E-05 9.41228E-05-4.26291E-06 8.09953E-06-4.77743E-05
 -1       463-5.22314E-05-5.38374E-05 3.96996E-05-4.26291E-06 8.09953E-06-3.27301E-05
 -1       464-5.93991E-05-5.38374E-05 6.30254E-05 2.07104E-06-3.93498E-06-5.49284E-05
 -1       469 5.91708E-05-8.56842E-05 7.74421E-05 5.81801E-07 7.27251E-07 1.19127E-04
 -1       470 6.34882E-05-8.56842E-05 1.05309E-04-7.78709E-06-9.73387E-06 1.71459E-04
 -1       471 5.19317E-05-5.17043E-05 5.37602E-05-7.78709E-06-9.73387E-06 1.43617E-04
 -1       472 4.76143E-05-5.17043E-05 2.58932E-05 5.81801E-07 7.27251E-07 9.12842E-05
 -1       477-7.31109E-05-8.89400E-05 1.67201E-04 5.31852E-19 1.37169E-07-2.42810E-05
 -1       478-6.42783E-05-8.89400E-05 1.50798E-04-7.02047E-20 2.50522E-06-2.42810E-05
 -1       479-6.42783E-05-4.84492E-05 7.56003E-05-1.03264E-18 2.50522E-06-2.66491E-05
 -1       480-7.31109E-05-4.84492E-05 9.20035E-05 1.16017E-18 1.37169E-07-2.66491E-05
 -1       485-6.74256E-05-1.48600E-05-4.87136E-05 1.98691E-18 4.26089E-18-1.14602E-18
 -1       486-6.99593E-05-1.01547E-05-4.87136E-05 2.09749E-18 4.90787E-18-8.29184E-19
 -1       487-6.99593E-05 6.40523E-05-8.86713E-05 2.47351E-18 5.18387E-18 1.75458E-18
 -1       488-6.74256E-05 5.93469E-05-8.86713E-05 2.30441E-18 4.81060E-18 1.66945E-18
 -1       493 8.54400E-05-2.86229E-05-6.18591E-05-1.16123E-04 1.13961E-05-8.76620E-06
 -1       494 8.53769E-05-2.94310E-05-6.18591E-05-1.14720E-04-1.45994E-05 1.12303E-05
 -1       495 6.31129E-05 1.82142E-05-7.55258E-05-1.18573E-04-1.45994E-05 1.12303E-05
 -1       496 6.31760E-05 1.90222E-05-7.55258E-05-1.19977E-04 1.13961E-05-8.76620E-06
 -1       501 6.46266E-05-1.98026E-05-6.64721E-05 1.03241E-04 2.99838E-05 2.30645E-05
 -1       502 6.48933E-05-1.63898E-05-6.64721E-05 1.09169E-04-4.01049E-06-3.08500E-06
 -1       503 2.65068E-05 3.02466E-05-7.09143E-05 1.02154E-04-4.01049E-06-3.08500E-06
 -1       504 2.62400E-05 2.68338E-05-7.09143E-05 9.62271E-05 2.99838E-05 2.30645E-05
 -1       567 1.27104E-04-2.26285E-05-3.33850E-05-8.82228E-06-1.03085E-18 1.60358E-04
 -1       568 8.90630E-05-2.26285E-05-1.29013E-05-2.38956E-05-6.26503E-19 1.60358E-04
 -1       569 9.09745E-05-2.36578E-05-1.29013E-05-2.38956E-05 1.58947E-19 1.45285E-04
 -1       570 1.29016E-04-2.36578E-05-3.33850E-05-8.82228E-06-1.16058E-18 1.45285E-04
 -1       575-8.62055E-05-3.83413E-05 6.11704E-05-2.11798E-06 3.65527E-06 5.50330E-06
 -1       576-7.42304E-05-3.83413E-05 1.27779E-05-1.02405E-05 1.76734E-05 5.81617E-05
 -1       577-7.43622E-05-7.94742E-06-4.35361E-05-1.02405E-05 1.76734E-05 7.45904E-05
 -1       578-8.63373E-05-7.94742E-06 4.85641E-06-2.11798E-06 3.65527E-06 2.19321E-05
 -1       583 1.46639E-04-3.07982E-05 7.50757E-06 1.96736E-05 1.18042E-05 8.64382E-05
 -1       584 1.27288E-04-3.07982E-05 1.17914E-05-4.40292E-06-2.64175E-06 6.42806E-05
 -1       585 1.31156E-04-1.54885E-05-2.05093E-05-4.40292E-06-2.64175E-06 3.85239E-05
 -1       586 1.50507E-04-1.54885E-05-2.47932E-05 1.96736E-05 1.18042E-05 6.06815E-05
 -1       591-2.69020E-05-4.59136E-05 9.40382E-05-3.12109E-19 2.06295E-05 1.64742E-04
 -1       592-1.93860E-05-4.59136E-05 8.00800E-05-1.66208E-18 2.89956E-05 1.64742E-04
 -1       593-1.93860E-05-3.74467E-07-4.49267E-06 5.07778E-19 2.89956E-05 1.56376E-04
 -1       594-2.69020E-05-3.74467E-07 9.46555E-06 1.21122E-18 2.06295E-05 1.56376E-04
 -1       599-1.89940E-05-5.83137E-05-3.15076E-06 7.56818E-18 3.65363E-19 2.45782E-18
 -1       600-2.72920E-05-4.29030E-05-3.15076E-06 7.56488E-18 9.51973E-19 1.67561E-19
 -1       601-2.72920E-05 3.13539E-05-4.31352E-05 7.74811E-18 7.02584E-19-3.24091E-18
 -1       602-1.89940E-05 1.59432E-05-4.31352E-05 7.66265E-18 6.04351E-20-5.86992E-18
 -1       607 7.52748E-05-3.02752E-05-2.09211E-05-6.34483E-05 4.01049E-06-3.08500E-06
 -1       608 7.50081E-05-3.36880E-05-2.09211E-05-5.75210E-05-2.99838E-05 2.30645E-05
 -1       609 3.66215E-05 1.29484E-05-2.53633E-05-5.05068E-05-2.99838E-05 2.30645E-05
 -1       610 3.68883E-05 1.63612E-05-2.53633E-05-5.64341E-05 4.01049E-06-3.08500E-06
 -1       615-2.93546E-05-2.11835E-05-4.37320E-07-4.98405E-06 6.91354E-05 5.31811E-05
 -1       616-2.91503E-05-1.85691E-05-4.37320E-07-4.43201E-07 9.34587E-05 7.18913E-05
 -1       617 3.18630E-05 4.75699E-06-4.58508E-05 4.81870E-05 9.34587E-05 7.18913E-05
 -1       618 3.16587E-05 2.14251E-06-4.58508E-05 4.36462E-05 6.91354E-05 5.31811E-05
 -1       681 2.38294E-05 4.43547E-05-1.42510E-05-6.95728E-06 1.76835E-18 2.93928E-04
 -1       682-1.81328E-04 4.43547E-05 9.62183E-05-3.71241E-05-1.34657E-18 2.93928E-04
 -1       683-1.68807E-04 3.76125E-05 9.62183E-05-3.71241E-05-4.57945E-20 2.63761E-04
 -1       684 3.63506E-05 3.76125E-05-1.42510E-05-6.95728E-06 2.12684E-18 2.63761E-04
 -1       689 1.25013E-04 3.85355E-05-2.86174E-04 1.46057E-05-1.82572E-05 1.10703E-04
 -1       690 1.32274E-04 3.85355E-05-2.39314E-04 3.97947E-06-4.97434E-06 2.27022E-05
 -1       691 1.45322E-04 4.34297E-05-2.61451E-04 3.97947E-06-4.97434E-06 2.34019E-05
 -1       692 1.38062E-04 4.34297E-05-3.08312E-04 1.46057E-05-1.82572E-05 1.11403E-04
 -1       697 1.15958E-04 3.52032E-05-2.67266E-04 7.48867E-19-1.70121E-05-9.97606E-05
 -1       698-3.39914E-05 3.52032E-05 1.12116E-05-1.06437E-18-1.09621E-05-9.97606E-05
 -1       699-3.39914E-05 4.67633E-05-1.02572E-05 2.11589E-18-1.09621E-05-1.05811E-04
 -1       700 1.15958E-04 4.67633E-05-2.88734E-04-2.10432E-18-1.70121E-05-1.05811E-04
 -1       705 4.09825E-05-8.92376E-19 4.09825E-05-1.01198E-17 6.08851E-24-1.77850E-18
 -1       706 4.09825E-05-8.92376E-19 4.09825E-05-1.01879E-17 2.06041E-22 1.40135E-18
 -1       707 4.09825E-05-8.92376E-19 4.09825E-05-1.01168E-17-2.90862E-22 5.59928E-19
 -1       708 4.09825E-05-8.92376E-19 4.09825E-05-1.03224E-17 2.71049E-24 1.51445E-19
 -1       713-1.45350E-05-3.81173E-05 6.36904E-05 6.48093E-05-9.34587E-05 7.18913E-05
 -1       714-1.47393E-05-4.07318E-05 6.36904E-05 6.93501E-05-6.91354E-05 5.31811E-05
 -1       715 4.62740E-05-1.74057E-05 1.82769E-05 2.07199E-05-6.91354E-05 5.31811E-05
 -1       716 4.64783E-05-1.47912E-05 1.82769E-05 1.61791E-05-9.34587E-05 7.18913E-05
 -1       763-7.15413E-05-1.51508E-06-1.39467E-05 1.50652E-05 9.71705E-06-2.97116E-05
 -1       764-7.67406E-05-1.52194E-06-1.31686E-05-2.00946E-07 4.49980E-07-3.66712E-05
 -1       765-5.79479E-05-3.00710E-06-2.81088E-05-1.45592E-07 3.70330E-07-4.20568E-05
 -1       766-5.25749E-05-3.01397E-06-2.90250E-05 1.51211E-05 9.63667E-06-3.51470E-05
 -1       771 1.19060E-04-1.00392E-05 1.81186E-05 4.48513E-06-2.69108E-06-4.46358E-05
 -1       772 1.36051E-04-1.00392E-05 1.43573E-05-2.00879E-05 1.20527E-05-6.40911E-05
 -1       773 1.40100E-04 5.51228E-06-1.85732E-05-2.00879E-05 1.20527E-05-3.78639E-05
 -1       774 1.23109E-04 5.51228E-06-1.48118E-05 4.48513E-06-2.69108E-06-1.84085E-05
 -1       779-7.98364E-05-8.16894E-06 5.99801E-05 6.67914E-20-1.13567E-05 9.83762E-05
 -1       780 7.53071E-05-8.16894E-06-2.28144E-04-1.60673E-19-1.72862E-05 9.83762E-05
 -1       781 7.53071E-05 3.63960E-06-2.50074E-04-2.73308E-19-1.72862E-05 1.04306E-04
 -1       782-7.98364E-05 3.63960E-06 3.80499E-05 1.53921E-19-1.13567E-05 1.04306E-04
 -1       787-4.62160E-06 4.65467E-06-6.62388E-06-1.52978E-18-9.38063E-19-5.59273E-19
 -1       788 9.39901E-08-4.10286E-06-6.62388E-06-1.40860E-18-5.55832E-19-3.40487E-19
 -1       789 9.39901E-08-2.02974E-05 2.09627E-06-1.15992E-18-5.64634E-19 7.57706E-19
 -1       790-4.62160E-06-1.15399E-05 2.09627E-06-1.04397E-18-9.53309E-19-2.90167E-19
 -1       829-9.17594E-05 3.74707E-05-5.27184E-05 9.38578E-07 4.59600E-06-1.03984E-04
 -1       830-7.10621E-05 3.73259E-05-7.72145E-05-1.03001E-05-4.25083E-06-1.16496E-04
 -1       831-6.46414E-05 4.27506E-05-9.30713E-05-1.03666E-05-4.14466E-06-1.24782E-04
 -1       832-8.51684E-05 4.26058E-05-6.82263E-05 8.74110E-07 4.69868E-06-1.11974E-04
 -1       837 7.71511E-05 2.28375E-05 7.76373E-05 7.95214E-06-9.94017E-06-5.74518E-05
 -1       838 7.28393E-05 2.28375E-05 4.98067E-05-4.39332E-07 5.49166E-07-5.18782E-06
 -1       839 6.10100E-05 5.72425E-05-2.25887E-06-4.39332E-07 5.49166E-07 2.30318E-05
 -1       840 6.53218E-05 5.72425E-05 2.55717E-05 7.95214E-06-9.94017E-06-2.92322E-05
 -1       845 4.44213E-05 1.68875E-05 8.67448E-06-3.58275E-20 2.97462E-05-1.59409E-04
 -1       846 3.56572E-05 1.68875E-05 2.49506E-05-1.37999E-19 2.12067E-05-1.59409E-04
 -1       847 3.56572E-05 6.31910E-05-6.10416E-05 4.02808E-19 2.12067E-05-1.50869E-04
 -1       848 4.44213E-05 6.31910E-05-7.73177E-05-6.13759E-19 2.97462E-05-1.50869E-04
 -1       853 2.87814E-05 1.98420E-05 2.47936E-05-6.45157E-18 7.10814E-19-6.95507E-19
 -1       854 5.12949E-05-2.19686E-05 2.47936E-05-6.08753E-18 4.98092E-19-7.70985E-19
 -1       855 5.12949E-05-7.85913E-05 5.52827E-05-6.16183E-18 6.02038E-19 7.40597E-20
 -1       856 2.87814E-05-3.67807E-05 5.52827E-05-6.59283E-18 1.12221E-18-6.20025E-19
 -1       895-3.43218E-04 5.05502E-05 6.49396E-05-9.08577E-06 2.08336E-06-1.31270E-04
 -1       896-2.95105E-04 5.02697E-05 4.61268E-05-1.14568E-05 1.67326E-06-9.73796E-05
 -1       897-3.10895E-04 6.11917E-05 4.24481E-05-1.14039E-05 1.55266E-06-1.05677E-04
 -1       898-3.58196E-04 6.09113E-05 6.14487E-05-9.03565E-06 1.96896E-06-1.39142E-04
 -1       903-4.11762E-05 4.03979E-05-2.75814E-05 1.06593E-05 1.83961E-05-1.32618E-04
 -1       904-5.33328E-05 4.03979E-05 2.15443E-05 2.46831E-06 4.25989E-06-7.91615E-05
 -1       905-5.34741E-05 7.10659E-05-3.52692E-05 2.46831E-06 4.25989E-06-9.57432E-05
 -1       906-4.13176E-05 7.10659E-05-8.43948E-05 1.06593E-05 1.83961E-05-1.49199E-04
 -1       911-5.50640E-06 3.94471E-05 8.34292E-05 5.87435E-06-1.01381E-05 3.73906E-05
 -1       912-1.87291E-06 3.94471E-05 6.87459E-05-1.15311E-06 1.99008E-06 5.33682E-05
 -1       913-4.91601E-06 7.20182E-05 1.12997E-05-1.15311E-06 1.99008E-06 7.26371E-05
 -1       914-8.54950E-06 7.20182E-05 2.59830E-05 5.87435E-06-1.01381E-05 5.66596E-05
 -1       919 6.00916E-05 3.54192E-05 1.98951E-05-7.56504E-19 2.60526E-06 2.20845E-05
 -1       920 5.13737E-05 3.54192E-05 3.60855E-05 5.30392E-20 1.71148E-07 2.20845E-05
 -1       921 5.13737E-05 7.60462E-05-3.93646E-05 1.94829E-19 1.71148E-07 2.45186E-05
 -1       922 6.00916E-05 7.60462E-05-5.55551E-05 1.23738E-18 2.60526E-06 2.45186E-05
 -1       927 5.17343E-05 1.66593E-06 3.27057E-05-4.12341E-18 5.71472E-18 8.37415E-19
 -1       928 5.97268E-05-1.31774E-05 3.27057E-05-4.01669E-18 5.69860E-18-1.40634E-18
 -1       929 5.97268E-05-9.86984E-05 7.87554E-05-3.65609E-18 6.18357E-18 1.38820E-18
 -1       930 5.17343E-05-8.38551E-05 7.87554E-05-3.57614E-18 5.65227E-18-2.64998E-18
 -1       977-3.65449E-04 4.89296E-05 6.78235E-05 1.02083E-09 2.55777E-06-9.08683E-07
 -1       978-3.43119E-04 4.87545E-05 5.64729E-05 5.56487E-08 2.68298E-06-8.32985E-07
 -1       979-3.55473E-04 5.54407E-05 5.64723E-05 5.85982E-08 2.75199E-06-8.32814E-07
 -1       980-3.77156E-04 5.52657E-05 6.78229E-05 3.81613E-09 2.62318E-06-9.08518E-07
 -1       985 1.43762E-05 3.71668E-05 1.98371E-05 4.24868E-06 8.07250E-06-5.57961E-05
 -1       986 7.18724E-06 3.71668E-05 4.32320E-05-2.06204E-06-3.91787E-06-3.35320E-05
 -1       987 6.32469E-06 6.70327E-05-1.13706E-05-2.06204E-06-3.91787E-06-4.87205E-05
 -1       988 1.35137E-05 6.70327E-05-3.47655E-05 4.24868E-06 8.07250E-06-7.09846E-05
 -1       993 7.73461E-06 3.72426E-05 4.17834E-05 2.07104E-06-3.93498E-06 3.34271E-05
 -1       994 1.49023E-05 3.72426E-05 1.84576E-05-4.26291E-06 8.09953E-06 5.56254E-05
 -1       995 1.41420E-05 6.69569E-05-3.59656E-05-4.26291E-06 8.09953E-06 7.06696E-05
 -1       996 6.97426E-06 6.69569E-05-1.26398E-05 2.07104E-06-3.93498E-06 4.84713E-05
 -1      1001 5.20565E-05 3.30131E-05 3.38732E-05-1.13379E-19 3.13736E-06 3.30238E-07
 -1      1002 5.21430E-05 3.30131E-05 3.37127E-05-1.13102E-19 3.20871E-06 3.30238E-07
 -1      1003 5.21430E-05 7.11865E-05-3.71808E-05 3.46886E-19 3.20871E-06 2.58885E-07
 -1      1004 5.20565E-05 7.11865E-05-3.70203E-05-2.55091E-19 3.13736E-06 2.58885E-07
 -1      1009 5.22031E-05-2.35223E-05 2.83210E-05 6.53497E-19 4.28777E-18 2.01069E-18
 -1      1010 5.19924E-05-2.31310E-05 2.83210E-05 6.36840E-19 5.30802E-18-1.03324E-18
 -1      1011 5.19924E-05-1.11445E-04 7.58744E-05 1.94145E-18 4.71704E-18 1.73121E-18
 -1      1012 5.22031E-05-1.11836E-04 7.58744E-05 1.76489E-18 4.20354E-18 1.75296E-18
 -1      1059-3.47163E-04 5.34432E-05 6.37094E-05 7.58303E-06 1.18872E-06 1.25359E-04
 -1      1060-2.95675E-04 5.32434E-05 4.38917E-05 1.07898E-05 1.89762E-07 8.85251E-05
 -1      1061-3.10817E-04 6.37323E-05 4.01504E-05 1.07491E-05 6.76769E-08 9.68077E-05
 -1      1062-3.61707E-04 6.35324E-05 6.00945E-05 7.54376E-06 1.07141E-06 1.33348E-04
 -1      1067-9.68353E-07 4.22149E-05 6.63492E-05 1.37572E-06 2.37426E-06-5.62732E-05
 -1      1068-4.51055E-06 4.22149E-05 8.06635E-05-5.66875E-06-9.78331E-06-4.06971E-05
 -1      1069-7.51421E-06 7.47646E-05 2.32177E-05-5.66875E-06-9.78331E-06-5.99319E-05
 -1      1070-3.97202E-06 7.47646E-05 8.90338E-06 1.37572E-06 2.37426E-06-7.55080E-05
 -1      1075-4.71878E-05 4.32920E-05 1.58732E-05-2.11798E-06 3.65527E-06 7.90507E-05
 -1      1076-3.52126E-05 4.32920E-05-3.25193E-05-1.02405E-05 1.76734E-05 1.31709E-04
 -1      1077-3.53444E-05 7.36859E-05-8.88334E-05-1.02405E-05 1.76734E-05 1.48138E-04
 -1      1078-4.73196E-05 7.36859E-05-4.04408E-05-2.11798E-06 3.65527E-06 9.54795E-05
 -1      1083 5.40735E-05 3.82443E-05 3.02331E-05-1.14240E-19 1.37169E-07-2.42810E-05
 -1      1084 6.29060E-05 3.82443E-05 1.38299E-05 3.35666E-19 2.50522E-06-2.42810E-05
 -1      1085 6.29060E-05 7.87352E-05-6.13675E-05 4.76096E-19 2.50522E-06-2.66491E-05
 -1      1086 5.40735E-05 7.87352E-05-4.49642E-05-9.07374E-20 1.37169E-07-2.66491E-05
 -1      1091 6.24629E-05-1.58845E-05 3.54630E-05 4.83398E-18 6.29938E-18 1.97979E-18
 -1      1092 5.45123E-05-1.11913E-06 3.54630E-05 4.88894E-18 6.37609E-18-4.69156E-18
 -1      1093 5.45123E-05-8.66391E-05 8.15122E-05 5.13484E-18 6.38007E-18 9.98183E-19
 -1      1094 6.24629E-05-1.01404E-04 8.15122E-05 5.15774E-18 5.40385E-18-1.42122E-18
 -1      1141-2.00900E-04 3.49838E-05 2.74451E-05-6.25136E-06 5.92430E-06 1.10436E-04
 -1      1142-1.65483E-04 3.48759E-05 1.39680E-05 4.46540E-06-4.52052E-07 8.32320E-05
 -1      1143-1.64440E-04 4.08093E-05 1.85072E-06 4.47374E-06-4.16248E-07 9.37633E-05
 -1      1144-1.99679E-04 4.07014E-05 1.55650E-05-6.24385E-06 5.95804E-06 1.20706E-04
 -1      1149 7.93591E-05 2.08543E-05 4.90585E-05 5.81801E-07 7.27251E-07 1.11889E-05
 -1      1150 8.36765E-05 2.08543E-05 7.69255E-05-7.78709E-06-9.73387E-06 6.35213E-05
 -1      1151 7.21200E-05 5.48341E-05 2.53766E-05-7.78709E-06-9.73387E-06 3.56789E-05
 -1      1152 6.78026E-05 5.48341E-05-2.49037E-06 5.81801E-07 7.27251E-07-1.66534E-05
 -1      1157 1.24418E-04 3.53953E-05-2.85338E-04 1.46057E-05-1.82572E-05 1.07522E-04
 -1      1158 1.31678E-04 3.53953E-05-2.38477E-04 3.97947E-06-4.97434E-06 1.95207E-05
 -1      1159 1.44727E-04 4.02894E-05-2.60615E-04 3.97947E-06-4.97434E-06 2.02205E-05
 -1      1160 1.37467E-04 4.02894E-05-3.07475E-04 1.46057E-05-1.82572E-05 1.08221E-04
 -1      1165 3.40855E-05 1.50739E-05 2.83594E-05-6.73241E-20 2.06295E-05 1.64742E-04
 -1      1166 4.16014E-05 1.50739E-05 1.44012E-05 2.25332E-19 2.89956E-05 1.64742E-04
 -1      1167 4.16014E-05 6.06130E-05-7.01715E-05 4.27306E-19 2.89956E-05 1.56376E-04
 -1      1168 3.40855E-05 6.06130E-05-5.62133E-05-7.23134E-19 2.06295E-05 1.56376E-04
 -1      1173 4.89220E-05-2.04555E-05 2.28046E-05 4.86528E-18 1.75661E-18 1.46037E-18
 -1      1174 2.67628E-05 2.06972E-05 2.28046E-05 4.56151E-18 2.52763E-18-3.28531E-19
 -1      1175 2.67628E-05-3.51577E-05 5.28803E-05 4.42611E-18 2.79420E-18-2.62192E-18
 -1      1176 4.89220E-05-7.63104E-05 5.28803E-05 4.49684E-18 2.16801E-18-1.51542E-18
 -1      1223-6.91380E-05-8.78811E-07-1.25540E-05-1.45806E-05 9.47376E-06 2.22042E-05
 -1      1224-7.92383E-05-8.66392E-07-1.10485E-05-5.03206E-07-3.60268E-07 3.50893E-05
 -1      1225-6.07462E-05-3.40820E-06-2.59731E-05-4.52132E-07-2.75700E-07 4.05589E-05
 -1      1226-5.08266E-05-3.39578E-06-2.73327E-05-1.45300E-05 9.55750E-06 2.76204E-05
 -1      1231 1.35565E-04-9.79108E-06 1.69655E-05 1.96736E-05 1.18042E-05 6.71896E-05
 -1      1232 1.16214E-04-9.79108E-06 2.12493E-05-4.40292E-06-2.64175E-06 4.50320E-05
 -1      1233 1.20083E-04 5.51855E-06-1.10514E-05-4.40292E-06-2.64175E-06 1.92753E-05
 -1      1234 1.39434E-04 5.51855E-06-1.53352E-05 1.96736E-05 1.18042E-05 4.14329E-05
 -1      1239 7.28373E-05-7.91741E-06-2.20828E-04-2.31324E-18-1.70121E-05-9.97606E-05
 -1      1240-7.71120E-05-7.91741E-06 5.76492E-05 1.36826E-18-1.09621E-05-9.97606E-05
 -1      1241-7.71120E-05 3.64271E-06 3.61804E-05 8.32526E-19-1.09621E-05-1.05811E-04
 -1      1242 7.28373E-05 3.64271E-06-2.42297E-04-1.23997E-19-1.70121E-05-1.05811E-04
 -1      1247 2.69047E-07-4.25862E-06-6.40497E-06-1.73876E-18 2.13059E-18 2.24172E-18
 -1      1248-4.54229E-06 4.67672E-06-6.40497E-06-1.84798E-18 1.87898E-18 1.01034E-18
 -1      1249-4.54229E-06-1.11772E-05 2.13173E-06-2.75608E-18 2.00525E-18-1.60429E-18
 -1      1250 2.69047E-07-2.01125E-05 2.13173E-06-2.71257E-18 2.15521E-18-1.40821E-18
 -1      1289 3.13182E-05 4.56634E-05-6.48114E-06-7.42063E-06-2.17799E-19-2.70375E-04
 -1      1290-1.74984E-04 4.56634E-05 1.04605E-04-3.81627E-05 1.33228E-19-2.70375E-04
 -1      1291-1.87606E-04 5.24601E-05 1.04605E-04-3.81627E-05 8.80519E-20-3.01117E-04
 -1      1292 1.86958E-05 5.24601E-05-6.48114E-06-7.42063E-06 4.88704E-21-3.01117E-04
 -1      1297 1.23193E-04 5.02836E-05-2.82274E-04 5.89821E-06 2.72381E-06 1.66003E-05
 -1      1298 1.15715E-04 5.03186E-05-3.30403E-04 1.55316E-05 1.84374E-05-7.14222E-05
 -1      1299 1.02294E-04 4.78028E-05-3.07616E-04 1.55776E-05 1.83898E-05-7.07479E-05
 -1      1300 1.10145E-04 4.78378E-05-2.60121E-04 5.94287E-06 2.67749E-06 1.72566E-05
 -1      1305-2.85104E-05 5.49657E-05-1.72243E-05-1.38564E-19 1.13567E-05 1.04306E-04
 -1      1306 1.26633E-04 5.49657E-05-3.05348E-04 2.85595E-19 1.72862E-05 1.04306E-04
 -1      1307 1.26633E-04 4.31571E-05-2.83418E-04 1.43867E-19 1.72862E-05 9.83762E-05
 -1      1308-2.85104E-05 4.31571E-05 4.70587E-06-4.21845E-19 1.13567E-05 9.83762E-05
 -1      1313 4.90605E-05 2.78823E-18 4.90605E-05 1.88848E-22 2.19568E-22-6.44662E-21
 -1      1314 4.90605E-05 2.78823E-18 4.90605E-05-1.11675E-22-1.85951E-22 1.62982E-21
 -1      1315 4.90605E-05 2.78823E-18 4.90605E-05 1.76189E-22-3.15943E-22-3.95716E-21
 -1      1316 4.90605E-05 2.78823E-18 4.90605E-05-2.23590E-23 9.67027E-23-2.91208E-21
 -1      1321-1.17997E-05-4.16697E-05 7.19799E-05 7.61716E-05 7.14311E-05-5.49470E-05
 -1      1322-1.15937E-05-3.90340E-05 7.19799E-05 7.15941E-05 9.57943E-05-7.36879E-05
 -1      1323 4.97601E-05-1.52632E-05 2.61436E-05 2.25715E-05 9.57943E-05-7.36879E-05
 -1      1324 4.95541E-05-1.78988E-05 2.61436E-05 2.71490E-05 7.14311E-05-5.49470E-05
 -1      1371 1.32661E-04-2.43726E-05-3.39057E-05-8.81926E-06 1.03867E-18-1.47947E-04
 -1      1372 9.54227E-05-2.43726E-05-1.38546E-05-2.40014E-05-3.23320E-19-1.47947E-04
 -1      1373 9.35934E-05-2.33877E-05-1.38546E-05-2.40014E-05-7.00366E-19-1.63129E-04
 -1      1374 1.30831E-04-2.33877E-05-3.39057E-05-8.81926E-06 7.04142E-19-1.63129E-04
 -1      1379 1.34504E-04-1.61046E-05-2.45443E-05-4.48513E-06 2.69108E-06-3.82158E-05
 -1      1380 1.51495E-04-1.61046E-05-2.83056E-05 2.00879E-05-1.20527E-05-5.76711E-05
 -1      1381 1.47446E-04-3.16560E-05 4.62480E-06 2.00879E-05-1.20527E-05-8.38984E-05
 -1      1382 1.30455E-04-3.16560E-05 8.38617E-06-4.48513E-06 2.69108E-06-6.44430E-05
 -1      1387-7.93697E-05-8.54727E-06-4.02186E-05-1.06593E-05-1.83961E-05-7.74720E-05
 -1      1388-9.15263E-05-8.54727E-06 8.90707E-06-2.46831E-06-4.25989E-06-2.40158E-05
 -1      1389-9.13850E-05-3.92152E-05 6.57206E-05-2.46831E-06-4.25989E-06-7.43418E-06
 -1      1390-7.92284E-05-3.92152E-05 1.65949E-05-1.06593E-05-1.83961E-05-6.08903E-05
 -1      1395-1.94990E-05-7.29258E-07-8.48051E-06-7.39693E-19-2.97462E-05-1.50869E-04
 -1      1396-2.82630E-05-7.29258E-07 7.79560E-06 6.03699E-19-2.12067E-05-1.50869E-04
 -1      1397-2.82630E-05-4.70327E-05 9.37878E-05 1.78236E-19-2.12067E-05-1.59409E-04
 -1      1398-1.94990E-05-4.70327E-05 7.75116E-05-5.53033E-19-2.97462E-05-1.59409E-04
 -1      1403-2.80625E-05-4.54202E-05-3.50644E-06-4.94734E-18 4.23131E-19 1.25744E-18
 -1      1404-1.96973E-05-6.09555E-05-3.50644E-06-4.96473E-18 4.68387E-19 8.81868E-19
 -1      1405-1.96973E-05 1.47174E-05-4.42534E-05-5.33423E-18 1.95301E-19 2.12937E-19
 -1      1406-2.80625E-05 3.02527E-05-4.42534E-05-5.32328E-18 1.02776E-18-3.00103E-19
 -1      1411-2.82181E-05-1.67987E-05-9.62967E-07 1.61999E-06-9.57943E-05-7.36879E-05
 -1      1412-2.84241E-05-1.94343E-05-9.62967E-07-2.95756E-06-7.14311E-05-5.49470E-05
 -1      1413 3.29297E-05 4.33658E-06-4.67993E-05 4.60651E-05-7.14311E-05-5.49470E-05
 -1      1414 3.31357E-05 6.97219E-06-4.67993E-05 5.06426E-05-9.57943E-05-7.36879E-05
 -1      1419 7.62048E-05-3.42484E-05-2.17133E-05-5.88543E-05 3.02123E-05-2.32402E-05
 -1      1420 7.64704E-05-3.08489E-05-2.17133E-05-6.47586E-05-4.39054E-06 3.37734E-06
 -1      1421 3.72656E-05 1.64006E-05-2.60450E-05-5.74483E-05-4.39054E-06 3.37734E-06
 -1      1422 3.69999E-05 1.30011E-05-2.60450E-05-5.15440E-05 3.02123E-05-2.32402E-05
 -1      1485 2.46514E-04-6.68766E-05-4.06464E-05-7.49600E-06-1.38011E-18-1.62240E-05
 -1      1486 3.50274E-04-6.68766E-05-9.65177E-05-7.86065E-06-1.69786E-18-1.62240E-05
 -1      1487 3.56609E-04-7.02875E-05-9.65177E-05-7.86065E-06-2.09459E-18-1.65886E-05
 -1      1488 2.52848E-04-7.02875E-05-4.06464E-05-7.49600E-06 6.71892E-19-1.65886E-05
 -1      1493 4.47383E-05-5.13810E-05 5.45108E-05-7.95214E-06 9.94017E-06-1.39282E-04
 -1      1494 4.04265E-05-5.13810E-05 2.66802E-05 4.39332E-07-5.49166E-07-8.70183E-05
 -1      1495 5.22559E-05-8.57860E-05 7.87458E-05 4.39332E-07-5.49166E-07-1.15238E-04
 -1      1496 5.65676E-05-8.57860E-05 1.06576E-04-7.95214E-06 9.94017E-06-1.67502E-04
 -1      1501-5.27988E-05-5.36507E-05 4.08303E-05-4.24868E-06-8.07250E-06 3.23202E-05
 -1      1502-5.99878E-05-5.36507E-05 6.42252E-05 2.06204E-06 3.91787E-06 5.45844E-05
 -1      1503-5.91252E-05-8.35166E-05 1.18828E-04 2.06204E-06 3.91787E-06 6.97729E-05
 -1      1504-5.19363E-05-8.35166E-05 9.54330E-05-4.24868E-06-8.07250E-06 4.75088E-05
 -1      1509-6.42248E-05-4.82703E-05 7.83241E-05 2.59763E-19-2.60526E-06 2.45186E-05
 -1      1510-7.29427E-05-4.82703E-05 9.45146E-05 7.20203E-20-1.71148E-07 2.45186E-05
 -1      1511-7.29427E-05-8.88972E-05 1.69965E-04-3.42806E-19-1.71148E-07 2.20845E-05
 -1      1512-6.42248E-05-8.88972E-05 1.53774E-04-1.43765E-19-2.60526E-06 2.20845E-05
 -1      1517-6.97939E-05-1.06764E-05-4.84586E-05-6.72807E-18 2.86461E-18-1.83550E-19
 -1      1518-6.73694E-05-1.51791E-05-4.84586E-05-6.72047E-18 3.06874E-18-4.82874E-19
 -1      1519-6.73694E-05 5.95636E-05-8.87047E-05-6.88405E-18 2.73236E-18-8.15649E-19
 -1      1520-6.97939E-05 6.40664E-05-8.87047E-05-6.90732E-18 2.99832E-18 6.08257E-19
 -1      1525 6.62821E-05-1.72219E-05-6.64165E-05 1.09628E-04 4.39054E-06 3.37734E-06
 -1      1526 6.60165E-05-2.06214E-05-6.64165E-05 1.03724E-04-3.02123E-05-2.32402E-05
 -1      1527 2.68116E-05 2.66281E-05-7.07483E-05 9.64135E-05-3.02123E-05-2.32402E-05
 -1      1528 2.70773E-05 3.00276E-05-7.07483E-05 1.02318E-04 4.39054E-06 3.37734E-06
 -1      1533 8.54443E-05-2.96293E-05-6.17696E-05-1.14608E-04 1.47413E-05-1.13394E-05
 -1      1534 8.55033E-05-2.88752E-05-6.17696E-05-1.15918E-04-1.14331E-05 8.79467E-06
 -1      1535 6.29916E-05 1.89383E-05-7.53937E-05-1.19675E-04-1.14331E-05 8.79467E-06
 -1      1536 6.29327E-05 1.81841E-05-7.53937E-05-1.18365E-04 1.47413E-05-1.13394E-05
 -1      1599 2.89972E-04-6.76699E-05-4.84096E-05 1.52478E-07 2.46088E-19 2.90433E-07
 -1      1600 3.65251E-04-6.76699E-05-8.89445E-05 2.61312E-07-6.84708E-19 2.90433E-07
 -1      1601 3.68992E-04-6.96842E-05-8.89445E-05 2.61312E-07 5.37137E-19 3.99267E-07
 -1      1602 2.93713E-04-6.96842E-05-4.84096E-05 1.52478E-07-8.08069E-19 3.99267E-07
 -1      1607-6.80138E-05-5.23936E-05 9.50174E-05-5.87435E-06 1.01381E-05-5.54290E-05
 -1      1608-6.43803E-05-5.23936E-05 8.03341E-05 1.15311E-06-1.99008E-06-3.94515E-05
 -1      1609-6.13372E-05-8.49647E-05 1.37780E-04 1.15311E-06-1.99008E-06-5.87204E-05
 -1      1610-6.49707E-05-8.49647E-05 1.52464E-04-5.87435E-06 1.01381E-05-7.46980E-05
 -1      1615-6.47541E-05-5.24043E-05 7.94677E-05-1.37572E-06-2.37426E-06 3.90646E-05
 -1      1616-6.82963E-05-5.24043E-05 9.37820E-05 5.66875E-06 9.78331E-06 5.46407E-05
 -1      1617-6.52926E-05-8.49541E-05 1.51228E-04 5.66875E-06 9.78331E-06 7.38756E-05
 -1      1618-6.17504E-05-8.49541E-05 1.36914E-04-1.37572E-06-2.37426E-06 5.82994E-05
 -1      1623-6.87223E-05-4.95924E-05 9.30493E-05 4.41901E-19-3.13736E-06 2.58885E-07
 -1      1624-6.86359E-05-4.95924E-05 9.28887E-05 2.63080E-20-3.20871E-06 2.58885E-07
 -1      1625-6.86359E-05-8.77658E-05 1.63782E-04-3.37888E-20-3.20871E-06 3.30238E-07
 -1      1626-6.87223E-05-8.77658E-05 1.63943E-04-8.43025E-19-3.13736E-06 3.30238E-07
 -1      1631-6.86615E-05-1.50387E-05-4.78202E-05-4.32822E-18 2.80405E-18-1.59764E-18
 -1      1632-6.86925E-05-1.49811E-05-4.78202E-05-4.49545E-18 3.46653E-18 4.47624E-20
 -1      1633-6.86925E-05 6.24870E-05-8.95338E-05-4.33092E-18 2.69006E-18-1.18128E-18
 -1      1634-6.86615E-05 6.24294E-05-8.95338E-05-4.31466E-18 2.77030E-18-4.43769E-19
 -1      1639 8.54815E-05-2.88461E-05-6.18650E-05 1.16013E-04 1.14331E-05 8.79467E-06
 -1      1640 8.54226E-05-2.96002E-05-6.18650E-05 1.14704E-04-1.47413E-05-1.13394E-05
 -1      1641 6.29109E-05 1.82132E-05-7.54891E-05 1.18461E-04-1.47413E-05-1.13394E-05
 -1      1642 6.29698E-05 1.89673E-05-7.54891E-05 1.19771E-04 1.14331E-05 8.79467E-06
 -1      1647 8.54436E-05-2.86276E-05-6.18437E-05-1.16108E-04 1.13961E-05-8.76620E-06
 -1      1648 8.53804E-05-2.94357E-05-6.18437E-05-1.14704E-04-1.45994E-05 1.12303E-05
 -1      1649 6.31164E-05 1.82095E-05-7.55104E-05-1.18558E-04-1.45994E-05 1.12303E-05
 -1      1650 6.31795E-05 1.90175E-05-7.55104E-05-1.19961E-04 1.13961E-05-8.76620E-06
 -1      1713 2.46049E-04-6.70136E-05-4.12397E-05 7.88317E-06 1.10600E-18 1.71591E-05
 -1      1714 3.48018E-04-6.70136E-05-9.61460E-05 8.53545E-06-9.84768E-19 1.71591E-05
 -1      1715 3.54255E-04-7.03721E-05-9.61460E-05 8.53545E-06-1.25977E-18 1.78114E-05
 -1      1716 2.52286E-04-7.03721E-05-4.12397E-05 7.88317E-06 8.48013E-19 1.78114E-05
 -1      1721-5.93991E-05-5.38374E-05 6.30254E-05-2.07104E-06 3.93498E-06-5.49284E-05
 -1      1722-5.22314E-05-5.38374E-05 3.96996E-05 4.26291E-06-8.09953E-06-3.27301E-05
 -1      1723-5.14710E-05-8.35516E-05 9.41228E-05 4.26291E-06-8.09953E-06-4.77743E-05
 -1      1724-5.86387E-05-8.35516E-05 1.17449E-04-2.07104E-06 3.93498E-06-6.99727E-05
 -1      1729 4.76143E-05-5.17043E-05 2.58932E-05-5.81801E-07-7.27251E-07 9.12842E-05
 -1      1730 5.19317E-05-5.17043E-05 5.37602E-05 7.78709E-06 9.73387E-06 1.43617E-04
 -1      1731 6.34882E-05-8.56842E-05 1.05309E-04 7.78709E-06 9.73387E-06 1.71459E-04
 -1      1732 5.91708E-05-8.56842E-05 7.74421E-05-5.81801E-07-7.27251E-07 1.19127E-04
 -1      1737-7.31109E-05-4.84492E-05 9.20035E-05 5.90447E-19-1.37169E-07-2.66491E-05
 -1      1738-6.42783E-05-4.84492E-05 7.56003E-05 1.56195E-19-2.50522E-06-2.66491E-05
 -1      1739-6.42783E-05-8.89400E-05 1.50798E-04-6.74138E-19-2.50522E-06-2.42810E-05
 -1      1740-7.31109E-05-8.89400E-05 1.67201E-04 1.20564E-18-1.37169E-07-2.42810E-05
 -1      1745-6.74256E-05-1.48600E-05-4.87136E-05 1.83899E-18 4.57356E-18-1.93075E-18
 -1      1746-6.99593E-05-1.01547E-05-4.87136E-05 1.97505E-18 5.06881E-18-1.38028E-19
 -1      1747-6.99593E-05 6.40523E-05-8.86713E-05 2.48059E-18 4.68341E-18-9.81693E-19
 -1      1748-6.74256E-05 5.93469E-05-8.86713E-05 2.33443E-18 4.32103E-18 9.78264E-19
 -1      1753 8.53769E-05-2.94310E-05-6.18591E-05 1.14720E-04 1.45994E-05 1.12303E-05
 -1      1754 8.54400E-05-2.86229E-05-6.18591E-05 1.16123E-04-1.13961E-05-8.76620E-06
 -1      1755 6.31760E-05 1.90222E-05-7.55258E-05 1.19977E-04-1.13961E-05-8.76620E-06
 -1      1756 6.31129E-05 1.82142E-05-7.55258E-05 1.18573E-04 1.45994E-05 1.12303E-05
 -1      1761 6.48933E-05-1.63898E-05-6.64721E-05-1.09169E-04 4.01049E-06-3.08500E-06
 -1      1762 6.46266E-05-1.98026E-05-6.64721E-05-1.03241E-04-2.99838E-05 2.30645E-05
 -1      1763 2.62400E-05 2.68338E-05-7.09143E-05-9.62271E-05-2.99838E-05 2.30645E-05
 -1      1764 2.65068E-05 3.02466E-05-7.09143E-05-1.02154E-04 4.01049E-06-3.08500E-06
 -1      1827 1.29016E-04-2.36578E-05-3.33850E-05 8.82228E-06 3.43750E-19 1.45285E-04
 -1      1828 9.09745E-05-2.36578E-05-1.29013E-05 2.38956E-05-1.64065E-18 1.45285E-04
 -1      1829 8.90630E-05-2.26285E-05-1.29013E-05 2.38956E-05-5.06202E-19 1.60358E-04
 -1      1830 1.27104E-04-2.26285E-05-3.33850E-05 8.82228E-06-1.07391E-18 1.60358E-04
 -1      1835-8.63373E-05-7.94742E-06 4.85641E-06 2.11798E-06-3.65527E-06 2.19321E-05
 -1      1836-7.43622E-05-7.94742E-06-4.35361E-05 1.02405E-05-1.76734E-05 7.45904E-05
 -1      1837-7.42304E-05-3.83413E-05 1.27779E-05 1.02405E-05-1.76734E-05 5.81617E-05
 -1      1838-8.62055E-05-3.83413E-05 6.11704E-05 2.11798E-06-3.65527E-06 5.50330E-06
 -1      1843 1.50507E-04-1.54885E-05-2.47932E-05-1.96736E-05-1.18042E-05 6.06815E-05
 -1      1844 1.31156E-04-1.54885E-05-2.05093E-05 4.40292E-06 2.64175E-06 3.85239E-05
 -1      1845 1.27288E-04-3.07982E-05 1.17914E-05 4.40292E-06 2.64175E-06 6.42806E-05
 -1      1846 1.46639E-04-3.07982E-05 7.50757E-06-1.96736E-05-1.18042E-05 8.64382E-05
 -1      1851-2.69020E-05-3.74467E-07 9.46555E-06 2.56181E-19-2.06295E-05 1.56376E-04
 -1      1852-1.93860E-05-3.74467E-07-4.49267E-06 2.73485E-19-2.89956E-05 1.56376E-04
 -1      1853-1.93860E-05-4.59136E-05 8.00800E-05 1.31541E-18-2.89956E-05 1.64742E-04
 -1      1854-2.69020E-05-4.59136E-05 9.40382E-05 7.42676E-20-2.06295E-05 1.64742E-04
 -1      1859-1.89940E-05-5.83137E-05-3.15076E-06 7.70116E-18 4.56112E-19-9.87426E-19
 -1      1860-2.72920E-05-4.29030E-05-3.15076E-06 7.71547E-18 4.47748E-19 1.64158E-18
 -1      1861-2.72920E-05 3.13539E-05-4.31352E-05 7.77944E-18 7.52676E-19 3.39679E-18
 -1      1862-1.89940E-05 1.59432E-05-4.31352E-05 7.71159E-18 7.75921E-19 3.73551E-18
 -1      1867 7.50081E-05-3.36880E-05-2.09211E-05 5.75210E-05 2.99838E-05 2.30645E-05
 -1      1868 7.52748E-05-3.02752E-05-2.09211E-05 6.34483E-05-4.01049E-06-3.08500E-06
 -1      1869 3.68883E-05 1.63612E-05-2.53633E-05 5.64341E-05-4.01049E-06-3.08500E-06
 -1      1870 3.66215E-05 1.29484E-05-2.53633E-05 5.05068E-05 2.99838E-05 2.30645E-05
 -1      1875-2.91503E-05-1.85691E-05-4.37320E-07 4.43201E-07-9.34587E-05 7.18913E-05
 -1      1876-2.93546E-05-2.11835E-05-4.37320E-07 4.98405E-06-6.91354E-05 5.31811E-05
 -1      1877 3.16587E-05 2.14251E-06-4.58508E-05-4.36462E-05-6.91354E-05 5.31811E-05
 -1      1878 3.18630E-05 4.75699E-06-4.58508E-05-4.81870E-05-9.34587E-05 7.18913E-05
 -1      1941 3.63506E-05 3.76125E-05-1.42510E-05 6.95728E-06 1.85086E-18 2.63761E-04
 -1      1942-1.68807E-04 3.76125E-05 9.62183E-05 3.71241E-05-8.38383E-19 2.63761E-04
 -1      1943-1.81328E-04 4.43547E-05 9.62183E-05 3.71241E-05-4.68199E-19 2.93928E-04
 -1      1944 2.38294E-05 4.43547E-05-1.42510E-05 6.95728E-06 2.34422E-18 2.93928E-04
 -1      1949 1.38062E-04 4.34297E-05-3.08312E-04-1.46057E-05 1.82572E-05 1.11403E-04
 -1      1950 1.45322E-04 4.34297E-05-2.61451E-04-3.97947E-06 4.97434E-06 2.34019E-05
 -1      1951 1.32274E-04 3.85355E-05-2.39314E-04-3.97947E-06 4.97434E-06 2.27022E-05
 -1      1952 1.25013E-04 3.85355E-05-2.86174E-04-1.46057E-05 1.82572E-05 1.10703E-04
 -1      1957 1.15958E-04 4.67633E-05-2.88734E-04-1.72543E-19 1.70121E-05-1.05811E-04
 -1      1958-3.39914E-05 4.67633E-05-1.02572E-05 5.89467E-19 1.09621E-05-1.05811E-04
 -1      1959-3.39914E-05 3.52032E-05 1.12116E-05-3.65371E-19 1.09621E-05-9.97606E-05
 -1      1960 1.15958E-04 3.52032E-05-2.67266E-04 6.78861E-20 1.70121E-05-9.97606E-05
 -1      1965 4.09825E-05 8.92376E-19 4.09825E-05-1.01286E-17 2.20970E-22-2.59401E-19
 -1      1966 4.09825E-05 8.92376E-19 4.09825E-05-1.03359E-17-1.48844E-23 1.52056E-19
 -1      1967 4.09825E-05 8.92376E-19 4.09825E-05-1.01738E-17-1.20382E-22-1.16359E-18
 -1      1968 4.09825E-05 8.92376E-19 4.09825E-05-1.02098E-17 2.45268E-23-7.91064E-19
 -1      1973-1.47393E-05-4.07318E-05 6.36904E-05-6.93501E-05 6.91354E-05 5.31811E-05
 -1      1974-1.45350E-05-3.81173E-05 6.36904E-05-6.48093E-05 9.34587E-05 7.18913E-05
 -1      1975 4.64783E-05-1.47912E-05 1.82769E-05-1.61791E-05 9.34587E-05 7.18913E-05
 -1      1976 4.62740E-05-1.74057E-05 1.82769E-05-2.07199E-05 6.91354E-05 5.31811E-05
 -1      2023-5.25749E-05-3.01397E-06-2.90250E-05-1.51211E-05-9.63667E-06-3.51470E-05
 -1      2024-5.79479E-05-3.00710E-06-2.81088E-05 1.45592E-07-3.70330E-07-4.20568E-05
 -1      2025-7.67406E-05-1.52194E-06-1.31686E-05 2.00946E-07-4.49980E-07-3.66712E-05
 -1      2026-7.15413E-05-1.51508E-06-1.39467E-05-1.50652E-05-9.71705E-06-2.97116E-05
 -1      2031 1.23109E-04 5.51228E-06-1.48118E-05-4.48513E-06 2.69108E-06-1.84085E-05
 -1      2032 1.40100E-04 5.51228E-06-1.85732E-05 2.00879E-05-1.20527E-05-3.78639E-05
 -1      2033 1.36051E-04-1.00392E-05 1.43573E-05 2.00879E-05-1.20527E-05-6.40911E-05
 -1      2034 1.19060E-04-1.00392E-05 1.81186E-05-4.48513E-06 2.69108E-06-4.46358E-05
 -1      2039-7.98364E-05 3.63960E-06 3.80499E-05-1.38458E-20 1.13567E-05 1.04306E-04
 -1      2040 7.53071E-05 3.63960E-06-2.50074E-04-2.33323E-19 1.72862E-05 1.04306E-04
 -1      2041 7.53071E-05-8.16894E-06-2.28144E-04-8.20814E-20 1.72862E-05 9.83762E-05
 -1      2042-7.98364E-05-8.16894E-06 5.99801E-05-4.37673E-20 1.13567E-05 9.83762E-05
 -1      2047-4.62160E-06 4.65467E-06-6.62388E-06-1.43867E-18-9.54882E-19-1.34285E-19
 -1      2048 9.39901E-08-4.10286E-06-6.62388E-06-1.42248E-18-5.86535E-19-7.12694E-19
 -1      2049 9.39901E-08-2.02974E-05 2.09627E-06-1.18062E-18-5.71289E-19-6.06216E-19
 -1      2050-4.62160E-06-1.15399E-05 2.09627E-06-1.04769E-18-9.63684E-19-1.18612E-20
 -1      2089-8.51684E-05 4.26058E-05-6.82263E-05-8.74110E-07-4.69868E-06-1.11974E-04
 -1      2090-6.46414E-05 4.27506E-05-9.30713E-05 1.03666E-05 4.14466E-06-1.24782E-04
 -1      2091-7.10621E-05 3.73259E-05-7.72145E-05 1.03001E-05 4.25083E-06-1.16496E-04
 -1      2092-9.17594E-05 3.74707E-05-5.27184E-05-9.38578E-07-4.59600E-06-1.03984E-04
 -1      2097 6.53218E-05 5.72425E-05 2.55717E-05-7.95214E-06 9.94017E-06-2.92322E-05
 -1      2098 6.10100E-05 5.72425E-05-2.25887E-06 4.39332E-07-5.49166E-07 2.30318E-05
 -1      2099 7.28393E-05 2.28375E-05 4.98067E-05 4.39332E-07-5.49166E-07-5.18782E-06
 -1      2100 7.71511E-05 2.28375E-05 7.76373E-05-7.95214E-06 9.94017E-06-5.74518E-05
 -1      2105 4.44213E-05 6.31910E-05-7.73177E-05 1.14651E-18-2.97462E-05-1.50869E-04
 -1      2106 3.56572E-05 6.31910E-05-6.10416E-05-1.11052E-18-2.12067E-05-1.50869E-04
 -1      2107 3.56572E-05 1.68875E-05 2.49506E-05 2.75525E-19-2.12067E-05-1.59409E-04
 -1      2108 4.44213E-05 1.68875E-05 8.67448E-06 1.51845E-19-2.97462E-05-1.59409E-04
 -1      2113 2.87814E-05 1.98420E-05 2.47936E-05-6.39069E-18 8.95456E-19-1.98322E-20
 -1      2114 5.12949E-05-2.19686E-05 2.47936E-05-6.30528E-18 7.81850E-19-1.27729E-18
 -1      2115 5.12949E-05-7.85913E-05 5.52827E-05-6.52785E-18 7.46023E-19-2.26034E-19
 -1      2116 2.87814E-05-3.67807E-05 5.52827E-05-6.36335E-18 6.74146E-19 8.25212E-19
 -1      2155-3.58196E-04 6.09113E-05 6.14487E-05 9.03565E-06-1.96896E-06-1.39142E-04
 -1      2156-3.10895E-04 6.11917E-05 4.24481E-05 1.14039E-05-1.55266E-06-1.05677E-04
 -1      2157-2.95105E-04 5.02697E-05 4.61268E-05 1.14568E-05-1.67326E-06-9.73796E-05
 -1      2158-3.43218E-04 5.05502E-05 6.49396E-05 9.08577E-06-2.08336E-06-1.31270E-04
 -1      2163-4.13176E-05 7.10659E-05-8.43948E-05-1.06593E-05-1.83961E-05-1.49199E-04
 -1      2164-5.34741E-05 7.10659E-05-3.52692E-05-2.46831E-06-4.25989E-06-9.57432E-05
 -1      2165-5.33328E-05 4.03979E-05 2.15443E-05-2.46831E-06-4.25989E-06-7.91615E-05
 -1      2166-4.11762E-05 4.03979E-05-2.75814E-05-1.06593E-05-1.83961E-05-1.32618E-04
 -1      2171-8.54950E-06 7.20182E-05 2.59830E-05-5.87435E-06 1.01381E-05 5.66596E-05
 -1      2172-4.91601E-06 7.20182E-05 1.12997E-05 1.15311E-06-1.99008E-06 7.26371E-05
 -1      2173-1.87291E-06 3.94471E-05 6.87459E-05 1.15311E-06-1.99008E-06 5.33682E-05
 -1      2174-5.50640E-06 3.94471E-05 8.34292E-05-5.87435E-06 1.01381E-05 3.73906E-05
 -1      2179 6.00916E-05 7.60462E-05-5.55551E-05-1.12481E-20-2.60526E-06 2.45186E-05
 -1      2180 5.13737E-05 7.60462E-05-3.93646E-05 2.34894E-20-1.71148E-07 2.45186E-05
 -1      2181 5.13737E-05 3.54192E-05 3.60855E-05 7.38030E-19-1.71148E-07 2.20845E-05
 -1      2182 6.00916E-05 3.54192E-05 1.98951E-05-7.81823E-19-2.60526E-06 2.20845E-05
 -1      2187 5.17343E-05 1.66593E-06 3.27057E-05-4.11089E-18 5.62021E-18-1.07648E-18
 -1      2188 5.97268E-05-1.31774E-05 3.27057E-05-4.04854E-18 6.19216E-18 8.47534E-19
 -1      2189 5.97268E-05-9.86984E-05 7.87554E-05-3.63340E-18 6.53629E-18-6.88326E-19
 -1      2190 5.17343E-05-8.38551E-05 7.87554E-05-3.52668E-18 5.69860E-18 8.23604E-19
 -1      2237-3.77156E-04 5.52657E-05 6.78229E-05-3.81613E-09-2.62318E-06-9.08518E-07
 -1      2238-3.55473E-04 5.54407E-05 5.64723E-05-5.85982E-08-2.75199E-06-8.32814E-07
 -1      2239-3.43119E-04 4.87545E-05 5.64729E-05-5.56487E-08-2.68298E-06-8.32985E-07
 -1      2240-3.65449E-04 4.89296E-05 6.78235E-05-1.02083E-09-2.55777E-06-9.08683E-07
 -1      2245 1.35137E-05 6.70327E-05-3.47655E-05-4.24868E-06-8.07250E-06-7.09846E-05
 -1      2246 6.32469E-06 6.70327E-05-1.13706E-05 2.06204E-06 3.91787E-06-4.87205E-05
 -1      2247 7.18724E-06 3.71668E-05 4.32320E-05 2.06204E-06 3.91787E-06-3.35320E-05
 -1      2248 1.43762E-05 3.71668E-05 1.98371E-05-4.24868E-06-8.07250E-06-5.57961E-05
 -1      2253 6.97426E-06 6.69569E-05-1.26398E-05-2.07104E-06 3.93498E-06 4.84713E-05
 -1      2254 1.41420E-05 6.69569E-05-3.59656E-05 4.26291E-06-8.09953E-06 7.06696E-05
 -1      2255 1.49023E-05 3.72426E-05 1.84576E-05 4.26291E-06-8.09953E-06 5.56254E-05
 -1      2256 7.73461E-06 3.72426E-05 4.17834E-05-2.07104E-06 3.93498E-06 3.34271E-05
 -1      2261 5.20565E-05 7.11865E-05-3.70203E-05-4.58866E-19-3.13736E-06 2.58885E-07
 -1      2262 5.21430E-05 7.11865E-05-3.71808E-05 9.88813E-19-3.20871E-06 2.58885E-07
 -1      2263 5.21430E-05 3.30131E-05 3.37127E-05-7.37696E-20-3.20871E-06 3.30238E-07
 -1      2264 5.20565E-05 3.30131E-05 3.38732E-05 8.07156E-19-3.13736E-06 3.30238E-07
 -1      2269 5.22031E-05-2.35223E-05 2.83210E-05 1.04863E-18 3.59031E-18-3.43596E-19
 -1      2270 5.19924E-05-2.31310E-05 2.83210E-05 9.60282E-19 4.67301E-18 8.04816E-19
 -1      2271 5.19924E-05-1.11445E-04 7.58744E-05 1.50597E-18 5.32060E-18-3.29246E-18
 -1      2272 5.22031E-05-1.11836E-04 7.58744E-05 1.40606E-18 4.46298E-18 1.22275E-18
 -1      2319-3.61707E-04 6.35324E-05 6.00945E-05-7.54376E-06-1.07141E-06 1.33348E-04
 -1      2320-3.10817E-04 6.37323E-05 4.01504E-05-1.07491E-05-6.76769E-08 9.68077E-05
 -1      2321-2.95675E-04 5.32434E-05 4.38917E-05-1.07898E-05-1.89762E-07 8.85251E-05
 -1      2322-3.47163E-04 5.34432E-05 6.37094E-05-7.58303E-06-1.18872E-06 1.25359E-04
 -1      2327-3.97202E-06 7.47646E-05 8.90338E-06-1.37572E-06-2.37426E-06-7.55080E-05
 -1      2328-7.51421E-06 7.47646E-05 2.32177E-05 5.66875E-06 9.78331E-06-5.99319E-05
 -1      2329-4.51055E-06 4.22149E-05 8.06635E-05 5.66875E-06 9.78331E-06-4.06971E-05
 -1      2330-9.68353E-07 4.22149E-05 6.63492E-05-1.37572E-06-2.37426E-06-5.62732E-05
 -1      2335-4.73196E-05 7.36859E-05-4.04408E-05 2.11798E-06-3.65527E-06 9.54795E-05
 -1      2336-3.53444E-05 7.36859E-05-8.88334E-05 1.02405E-05-1.76734E-05 1.48138E-04
 -1      2337-3.52126E-05 4.32920E-05-3.25193E-05 1.02405E-05-1.76734E-05 1.31709E-04
 -1      2338-4.71878E-05 4.32920E-05 1.58732E-05 2.11798E-06-3.65527E-06 7.90507E-05
 -1      2343 5.40735E-05 7.87352E-05-4.49642E-05 3.88616E-20-1.37169E-07-2.66491E-05
 -1      2344 6.29060E-05 7.87352E-05-6.13675E-05-6.51696E-19-2.50522E-06-2.66491E-05
 -1      2345 6.29060E-05 3.82443E-05 1.38299E-05 4.81873E-19-2.50522E-06-2.42810E-05
 -1      2346 5.40735E-05 3.82443E-05 3.02331E-05 3.46926E-19-1.37169E-07-2.42810E-05
 -1      2351 6.24629E-05-1.58845E-05 3.54630E-05 4.78860E-18 5.81671E-18-1.86553E-18
 -1      2352 5.45123E-05-1.11913E-06 3.54630E-05 4.73521E-18 6.06111E-18 8.79129E-19
 -1      2353 5.45123E-05-8.66391E-05 8.15122E-05 5.10979E-18 6.18201E-18 2.42803E-19
 -1      2354 6.24629E-05-1.01404E-04 8.15122E-05 5.06499E-18 6.02398E-18 3.33633E-18
 -1      2401-1.99679E-04 4.07014E-05 1.55650E-05 6.24385E-06-5.95804E-06 1.20706E-04
 -1      2402-1.64440E-04 4.08093E-05 1.85072E-06-4.47374E-06 4.16248E-07 9.37633E-05
 -1      2403-1.65483E-04 3.48759E-05 1.39680E-05-4.46540E-06 4.52052E-07 8.32320E-05
 -1      2404-2.00900E-04 3.49838E-05 2.74451E-05 6.25136E-06-5.92430E-06 1.10436E-04
 -1      2409 6.78026E-05 5.48341E-05-2.49037E-06-5.81801E-07-7.27251E-07-1.66534E-05
 -1      2410 7.21200E-05 5.48341E-05 2.53766E-05 7.78709E-06 9.73387E-06 3.56789E-05
 -1      2411 8.36765E-05 2.08543E-05 7.69255E-05 7.78709E-06 9.73387E-06 6.35213E-05
 -1      2412 7.93591E-05 2.08543E-05 4.90585E-05-5.81801E-07-7.27251E-07 1.11889E-05
 -1      2417 1.37467E-04 4.02894E-05-3.07475E-04-1.46057E-05 1.82572E-05 1.08221E-04
 -1      2418 1.44727E-04 4.02894E-05-2.60615E-04-3.97947E-06 4.97434E-06 2.02205E-05
 -1      2419 1.31678E-04 3.53953E-05-2.38477E-04-3.97947E-06 4.97434E-06 1.95207E-05
 -1      2420 1.24418E-04 3.53953E-05-2.85338E-04-1.46057E-05 1.82572E-05 1.07522E-04
 -1      2425 3.40855E-05 6.06130E-05-5.62133E-05-4.04023E-19-2.06295E-05 1.56376E-04
 -1      2426 4.16014E-05 6.06130E-05-7.01715E-05 2.67918E-19-2.89956E-05 1.56376E-04
 -1      2427 4.16014E-05 1.50739E-05 1.44012E-05 8.60043E-20-2.89956E-05 1.64742E-04
 -1      2428 3.40855E-05 1.50739E-05 2.83594E-05-1.54913E-19-2.06295E-05 1.64742E-04
 -1      2433 4.89220E-05-2.04555E-05 2.28046E-05 4.53174E-18 2.78246E-18-2.52802E-18
 -1      2434 2.67628E-05 2.06972E-05 2.28046E-05 4.68463E-18 1.94501E-18 2.68557E-19
 -1      2435 2.67628E-05-3.51577E-05 5.28803E-05 4.56013E-18 1.90918E-18 7.37571E-18
 -1      2436 4.89220E-05-7.63104E-05 5.28803E-05 4.31504E-18 2.39853E-18 5.58679E-18
 -1      2483-5.08266E-05-3.39578E-06-2.73327E-05 1.45300E-05-9.55750E-06 2.76204E-05
 -1      2484-6.07462E-05-3.40820E-06-2.59731E-05 4.52132E-07 2.75700E-07 4.05589E-05
 -1      2485-7.92383E-05-8.66392E-07-1.10485E-05 5.03206E-07 3.60268E-07 3.50893E-05
 -1      2486-6.91380E-05-8.78811E-07-1.25540E-05 1.45806E-05-9.47376E-06 2.22042E-05
 -1      2491 1.39434E-04 5.51855E-06-1.53352E-05-1.96736E-05-1.18042E-05 4.14329E-05
 -1      2492 1.20083E-04 5.51855E-06-1.10514E-05 4.40292E-06 2.64175E-06 1.92753E-05
 -1      2493 1.16214E-04-9.79108E-06 2.12493E-05 4.40292E-06 2.64175E-06 4.50320E-05
 -1      2494 1.35565E-04-9.79108E-06 1.69655E-05-1.96736E-05-1.18042E-05 6.71896E-05
 -1      2499 7.28373E-05 3.64271E-06-2.42297E-04-8.94997E-19 1.70121E-05-1.05811E-04
 -1      2500-7.71120E-05 3.64271E-06 3.61804E-05 9.51081E-19 1.09621E-05-1.05811E-04
 -1      2501-7.71120E-05-7.91741E-06 5.76492E-05 7.34118E-19 1.09621E-05-9.97606E-05
 -1      2502 7.28373E-05-7.91741E-06-2.20828E-04-9.55380E-19 1.70121E-05-9.97606E-05
 -1      2507 2.69047E-07-4.25862E-06-6.40497E-06-1.80247E-18 2.32801E-18-3.24744E-18
 -1      2508-4.54229E-06 4.67672E-06-6.40497E-06-1.82057E-18 1.83245E-18-5.16215E-19
 -1      2509-4.54229E-06-1.11772E-05 2.13173E-06-2.65716E-18 1.79609E-18 2.66424E-18
 -1      2510 2.69047E-07-2.01125E-05 2.13173E-06-2.63434E-18 2.19000E-18-8.20596E-19
 -3
    1PSTEP                         4           1           1          
  100CL  101 1.000000000         616                     0    1           1
 -4  ERROR       1    1
 -5  STR(%)      1    1    0    0
 -1        29 3.98949E+01
 -1        30 3.98949E+01
 -1        31 3.98949E+01
 -1        32 3.98949E+01
 -1        37 1.77791E+01
 -1        38 1.77791E+01
 -1        39 1.77791E+01
 -1        40 1.77791E+01
 -1        45 6.57176E+01
 -1        46 6.57176E+01
 -1        47 6.57176E+01
 -1        48 6.57176E+01
 -1        53 8.50786E-07
 -1        54 8.50786E-07
 -1        55 8.50786E-07
 -1        56 8.50786E-07
 -1        61 7.16107E+01
 -1        62 7.16107E+01
 -1        63 7.16107E+01
 -1        64 7.16107E+01
 -1       111 3.98949E+01
 -1       112 3.98949E+01
 -1       113 3.98949E+01
 -1       114 3.98949E+01
 -1       119 4.34635E+00
 -1       120 4.34635E+00
 -1       121 4.34635E+00
 -1       122 4.34635E+00
 -1       127 4.60573E+01
 -1       128 4.60573E+01
 -1       129 4.60573E+01
 -1       130 4.60573E+01
 -1       135 3.95778E+01
 -1       136 3.95778E+01
 -1       137 3.95778E+01
 -1       138 3.95778E+01
 -1       143 1.90376E+01
 -1       144 1.90376E+01
 -1       145 1.90376E+01
 -1       146 1.90376E+01
 -1       151 7.16107E+01
 -1       152 7.16107E+01
 -1       153 7.16107E+01
 -1       154 7.16107E+01
 -1       159 3.34682E+00
 -1       160 3.34682E+00
 -1       161 3.34682E+00
 -1       162 3.34682E+00
 -1       225 1.68265E+01
 -1       226 1.68265E+01
 -1       227 1.68265E+01
 -1       228 1.68265E+01
 -1       233 3.68116E+01
 -1       234 3.68116E+01
 -1       235 3.68116E+01
 -1       236 3.68116E+01
 -1       241 1.12987E+02
 -1       242 1.12987E+02
 -1       243 1.12987E+02
 -1       244 1.12987E+02
 -1       249 5.94782E+01
 -1       250 5.94782E+01
 -1       251 5.94782E+01
 -1       252 5.94782E+01
 -1       257 1.76310E+00
 -1       258 1.76310E+00
 -1       259 1.76310E+00
 -1       260 1.76310E+00
 -1       265 3.34682E+00
 -1       266 3.34682E+00
 -1       267 3.34682E+00
 -1       268 3.34682E+00
 -1       273 2.17118E+00
 -1       274 2.17118E+00
 -1       275 2.17118E+00
 -1       276 2.17118E+00
 -1       339 3.63131E+00
 -1       340 3.63131E+00
 -1       341 3.63131E+00
 -1       342 3.63131E+00
 -1       347 6.14641E+01
 -1       348 6.14641E+01
 -1       349 6.14641E+01
 -1       350 6.14641E+01
 -1       355 6.31330E+01
 -1       356 6.31330E+01
 -1       357 6.31330E+01
 -1       358 6.31330E+01
 -1       363 4.09553E+01
 -1       364 4.09553E+01
 -1       365 4.09553E+01
 -1       366 4.09553E+01
 -1       371 1.71205E+00
 -1       372 1.71205E+00
 -1       373 1.71205E+00
 -1       374 1.71205E+00
 -1       379 2.17118E+00
 -1       380 2.17118E+00
 -1       381 2.17118E+00
 -1       382 2.17118E+00
 -1       387 2.21136E+00
 -1       388 2.21136E+00
 -1       389 2.21136E+00
 -1       390 2.21136E+00
 -1       453 1.66817E+01
 -1       454 1.66817E+01
 -1       455 1.66817E+01
 -1       456 1.66817E+01
 -1       461 1.15132E+02
 -1       462 1.15132E+02
 -1       463 1.15132E+02
 -1       464 1.15132E+02
 -1       469 3.40111E+01
 -1       470 3.40111E+01
 -1       471 3.40111E+01
 -1       472 3.40111E+01
 -1       477 6.32418E+01
 -1       478 6.32418E+01
 -1       479 6.32418E+01
 -1       480 6.32418E+01
 -1       485 1.75479E+00
 -1       486 1.75479E+00
 -1       487 1.75479E+00
 -1       488 1.75479E+00
 -1       493 2.21136E+00
 -1       494 2.21136E+00
 -1       495 2.21136E+00
 -1       496 2.21136E+00
 -1       501 3.28910E+00
 -1       502 3.28910E+00
 -1       503 3.28910E+00
 -1       504 3.28910E+00
 -1       567 3.79049E+01
 -1       568 3.79049E+01
 -1       569 3.79049E+01
 -1       570 3.79049E+01
 -1       575 4.77190E+01
 -1       576 4.77190E+01
 -1       577 4.77190E+01
 -1       578 4.77190E+01
 -1       583 4.64637E+00
 -1       584 4.64637E+00
 -1       585 4.64637E+00
 -1       586 4.64637E+00
 -1       591 3.58047E+01
 -1       592 3.58047E+01
 -1       593 3.58047E+01
 -1       594 3.58047E+01
 -1       599 1.88984E+01
 -1       600 1.88984E+01
 -1       601 1.88984E+01
 -1       602 1.88984E+01
 -1       607 3.28910E+00
 -1       608 3.28910E+00
 -1       609 3.28910E+00
 -1       610 3.28910E+00
 -1       615 6.17495E+01
 -1       616 6.17495E+01
 -1       617 6.17495E+01
 -1       618 6.17495E+01
 -1       681 3.79049E+01
 -1       682 3.79049E+01
 -1       683 3.79049E+01
 -1       684 3.79049E+01
 -1       689 1.15840E+01
 -1       690 1.15840E+01
 -1       691 1.15840E+01
 -1       692 1.15840E+01
 -1       697 6.28428E+01
 -1       698 6.28428E+01
 -1       699 6.28428E+01
 -1       700 6.28428E+01
 -1       705 1.20629E-06
 -1       706 1.20629E-06
 -1       707 1.20629E-06
 -1       708 1.20629E-06
 -1       713 6.17495E+01
 -1       714 6.17495E+01
 -1       715 6.17495E+01
 -1       716 6.17495E+01
 -1       763 1.76806E+00
 -1       764 1.76806E+00
 -1       765 1.76806E+00
 -1       766 1.76806E+00
 -1       771 4.34635E+00
 -1       772 4.34635E+00
 -1       773 4.34635E+00
 -1       774 4.34635E+00
 -1       779 6.57176E+01
 -1       780 6.57176E+01
 -1       781 6.57176E+01
 -1       782 6.57176E+01
 -1       787 5.73794E+01
 -1       788 5.73794E+01
 -1       789 5.73794E+01
 -1       790 5.73794E+01
 -1       829 1.77791E+01
 -1       830 1.77791E+01
 -1       831 1.77791E+01
 -1       832 1.77791E+01
 -1       837 3.68116E+01
 -1       838 3.68116E+01
 -1       839 3.68116E+01
 -1       840 3.68116E+01
 -1       845 3.95778E+01
 -1       846 3.95778E+01
 -1       847 3.95778E+01
 -1       848 3.95778E+01
 -1       853 4.29327E+00
 -1       854 4.29327E+00
 -1       855 4.29327E+00
 -1       856 4.29327E+00
 -1       895 7.33871E+00
 -1       896 7.33871E+00
 -1       897 7.33871E+00
 -1       898 7.33871E+00
 -1       903 4.60573E+01
 -1       904 4.60573E+01
 -1       905 4.60573E+01
 -1       906 4.60573E+01
 -1       911 6.14641E+01
 -1       912 6.14641E+01
 -1       913 6.14641E+01
 -1       914 6.14641E+01
 -1       919 5.94782E+01
 -1       920 5.94782E+01
 -1       921 5.94782E+01
 -1       922 5.94782E+01
 -1       927 3.31836E+00
 -1       928 3.31836E+00
 -1       929 3.31836E+00
 -1       930 3.31836E+00
 -1       977 1.41990E+00
 -1       978 1.41990E+00
 -1       979 1.41990E+00
 -1       980 1.41990E+00
 -1       985 1.12987E+02
 -1       986 1.12987E+02
 -1       987 1.12987E+02
 -1       988 1.12987E+02
 -1       993 1.15132E+02
 -1       994 1.15132E+02
 -1       995 1.15132E+02
 -1       996 1.15132E+02
 -1      1001 4.09553E+01
 -1      1002 4.09553E+01
 -1      1003 4.09553E+01
 -1      1004 4.09553E+01
 -1      1009 3.84530E+00
 -1      1010 3.84530E+00
 -1      1011 3.84530E+00
 -1      1012 3.84530E+00
 -1      1059 8.88550E+00
 -1      1060 8.88550E+00
 -1      1061 8.88550E+00
 -1      1062 8.88550E+00
 -1      1067 6.31330E+01
 -1      1068 6.31330E+01
 -1      1069 6.31330E+01
 -1      1070 6.31330E+01
 -1      1075 4.77190E+01
 -1      1076 4.77190E+01
 -1      1077 4.77190E+01
 -1      1078 4.77190E+01
 -1      1083 6.32418E+01
 -1      1084 6.32418E+01
 -1      1085 6.32418E+01
 -1      1086 6.32418E+01
 -1      1091 3.18202E+00
 -1      1092 3.18202E+00
 -1      1093 3.18202E+00
 -1      1094 3.18202E+00
 -1      1141 8.88550E+00
 -1      1142 8.88550E+00
 -1      1143 8.88550E+00
 -1      1144 8.88550E+00
 -1      1149 3.40111E+01
 -1      1150 3.40111E+01
 -1      1151 3.40111E+01
 -1      1152 3.40111E+01
 -1      1157 1.15840E+01
 -1      1158 1.15840E+01
 -1      1159 1.15840E+01
 -1      1160 1.15840E+01
 -1      1165 3.58047E+01
 -1      1166 3.58047E+01
 -1      1167 3.58047E+01
 -1      1168 3.58047E+01
 -1      1173 4.46289E+00
 -1      1174 4.46289E+00
 -1      1175 4.46289E+00
 -1      1176 4.46289E+00
 -1      1223 3.25047E+00
 -1      1224 3.25047E+00
 -1      1225 3.25047E+00
 -1      1226 3.25047E+00
 -1      1231 4.64637E+00
 -1      1232 4.64637E+00
 -1      1233 4.64637E+00
 -1      1234 4.64637E+00
 -1      1239 6.28428E+01
 -1      1240 6.28428E+01
 -1      1241 6.28428E+01
 -1      1242 6.28428E+01
 -1      1247 5.86572E+01
 -1      1248 5.86572E+01
 -1      1249 5.86572E+01
 -1      1250 5.86572E+01
 -1      1289 3.98949E+01
 -1      1290 3.98949E+01
 -1      1291 3.98949E+01
 -1      1292 3.98949E+01
 -1      1297 1.77791E+01
 -1      1298 1.77791E+01
 -1      1299 1.77791E+01
 -1      1300 1.77791E+01
 -1      1305 6.57176E+01
 -1      1306 6.57176E+01
 -1      1307 6.57176E+01
 -1      1308 6.57176E+01
 -1      1313 8.50786E-07
 -1      1314 8.50786E-07
 -1      1315 8.50786E-07
 -1      1316 8.50786E-07
 -1      1321 7.16107E+01
 -1      1322 7.16107E+01
 -1      1323 7.16107E+01
 -1      1324 7.16107E+01
 -1      1371 3.98949E+01
 -1      1372 3.98949E+01
 -1      1373 3.98949E+01
 -1      1374 3.98949E+01
 -1      1379 4.34635E+00
 -1      1380 4.34635E+00
 -1      1381 4.34635E+00
 -1      1382 4.34635E+00
 -1      1387 4.60573E+01
 -1      1388 4.60573E+01
 -1      1389 4.60573E+01
 -1      1390 4.60573E+01
 -1      1395 3.95778E+01
 -1      1396 3.95778E+01
 -1      1397 3.95778E+01
 -1      1398 3.95778E+01
 -1      1403 1.90376E+01
 -1      1404 1.90376E+01
 -1      1405 1.90376E+01
 -1      1406 1.90376E+01
 -1      1411 7.16107E+01
 -1      1412 7.16107E+01
 -1      1413 7.16107E+01
 -1      1414 7.16107E+01
 -1      1419 3.34682E+00
 -1      1420 3.34682E+00
 -1      1421 3.34682E+00
 -1      1422 3.34682E+00
 -1      1485 1.68265E+01
 -1      1486 1.68265E+01
 -1      1487 1.68265E+01
 -1      1488 1.68265E+01
 -1      1493 3.68116E+01
 -1      1494 3.68116E+01
 -1      1495 3.68116E+01
 -1      1496 3.68116E+01
 -1      1501 1.12987E+02
 -1      1502 1.12987E+02
 -1      1503 1.12987E+02
 -1      1504 1.12987E+02
 -1      1509 5.94782E+01
 -1      1510 5.94782E+01
 -1      1511 5.94782E+01
 -1      1512 5.94782E+01
 -1      1517 1.76310E+00
 -1      1518 1.76310E+00
 -1      1519 1.76310E+00
 -1      1520 1.76310E+00
 -1      1525 3.34682E+00
 -1      1526 3.34682E+00
 -1      1527 3.34682E+00
 -1      1528 3.34682E+00
 -1      1533 2.17118E+00
 -1      1534 2.17118E+00
 -1      1535 2.17118E+00
 -1      1536 2.17118E+00
 -1      1599 3.63131E+00
 -1      1600 3.63131E+00
 -1      1601 3.63131E+00
 -1      1602 3.63131E+00
 -1      1607 6.14641E+01
 -1      1608 6.14641E+01
 -1      1609 6.14641E+01
 -1      1610 6.14641E+01
 -1      1615 6.31330E+01
 -1      1616 6.31330E+01
 -1      1617 6.31330E+01
 -1      1618 6.31330E+01
 -1      1623 4.09553E+01
 -1      1624 4.09553E+01
 -1      1625 4.09553E+01
 -1      1626 4.09553E+01
 -1      1631 1.71205E+00
 -1      1632 1.71205E+00
 -1      1633 1.71205E+00
 -1      1634 1.71205E+00
 -1      1639 2.17118E+00
 -1      1640 2.17118E+00
 -1      1641 2.17118E+00
 -1      1642 2.17118E+00
 -1      1647 2.21136E+00
 -1      1648 2.21136E+00
 -1      1649 2.21136E+00
 -1      1650 2.21136E+00
 -1      1713 1.66817E+01
 -1      1714 1.66817E+01
 -1      1715 1.66817E+01
 -1      1716 1.66817E+01
 -1      1721 1.15132E+02
 -1      1722 1.15132E+02
 -1      1723 1.15132E+02
 -1      1724 1.15132E+02
 -1      1729 3.40111E+01
 -1      1730 3.40111E+01
 -1      1731 3.40111E+01
 -1      1732 3.40111E+01
 -1      1737 6.32418E+01
 -1      1738 6.32418E+01
 -1      1739 6.32418E+01
 -1      1740 6.32418E+01
 -1      1745 1.75479E+00
 -1      1746 1.75479E+00
 -1      1747 1.75479E+00
 -1      1748 1.75479E+00
 -1      1753 2.21136E+00
 -1      1754 2.21136E+00
 -1      1755 2.21136E+00
 -1      1756 2.21136E+00
 -1      1761 3.28910E+00
 -1      1762 3.28910E+00
 -1      1763 3.28910E+00
 -1      1764 3.28910E+00
 -1      1827 3.79049E+01
 -1      1828 3.79049E+01
 -1      1829 3.79049E+01
 -1      1830 3.79049E+01
 -1      1835 4.77190E+01
 -1      1836 4.77190E+01
 -1      1837 4.77190E+01
 -1      1838 4.77190E+01
 -1      1843 4.64637E+00
 -1      1844 4.64637E+00
 -1      1845 4.64637E+00
 -1      1846 4.64637E+00
 -1      1851 3.58047E+01
 -1      1852 3.58047E+01
 -1      1853 3.58047E+01
 -1      1854 3.58047E+01
 -1      1859 1.88984E+01
 -1      1860 1.88984E+01
 -1      1861 1.88984E+01
 -1      1862 1.88984E+01
 -1      1867 3.28910E+00
 -1      1868 3.28910E+00
 -1      1869 3.28910E+00
 -1      1870 3.28910E+00
 -1      1875 6.17495E+01
 -1      1876 6.17495E+01
 -1      1877 6.17495E+01
 -1      1878 6.17495E+01
 -1      1941 3.79049E+01
 -1      1942 3.79049E+01
 -1      1943 3.79049E+01
 -1      1944 3.79049E+01
 -1      1949 1.15840E+01
 -1      1950 1.15840E+01
 -1      1951 1.15840E+01
 -1      1952 1.15840E+01
 -1      1957 6.28428E+01
 -1      1958 6.28428E+01
 -1      1959 6.28428E+01
 -1      1960 6.28428E+01
 -1      1965 1.20629E-06
 -1      1966 1.20629E-06
 -1      1967 1.20629E-06
 -1      1968 1.20629E-06
 -1      1973 6.17495E+01
 -1      1974 6.17495E+01
 -1      1975 6.17495E+01
 -1      1976 6.17495E+01
 -1      2023 1.76806E+00
 -1      2024 1.76806E+00
 -1      2025 1.76806E+00
 -1      2026 1.76806E+00
 -1      2031 4.34635E+00
 -1      2032 4.34635E+00
 -1      2033 4.34635E+00
 -1      2034 4.34635E+00
 -1      2039 6.57176E+01
 -1      2040 6.57176E+01
 -1      2041 6.57176E+01
 -1      2042 6.57176E+01
 -1      2047 5.73794E+01
 -1      2048 5.73794E+01
 -1      2049 5.73794E+01
 -1      2050 5.73794E+01
 -1      2089 1.77791E+01
 -1      2090 1.77791E+01
 -1      2091 1.77791E+01
 -1      2092 1.77791E+01
 -1      2097 3.68116E+01
 -1      2098 3.68116E+01
 -1      2099 3.68116E+01
 -1      2100 3.68116E+01
 -1      2105 3.95778E+01
 -1      2106 3.95778E+01
 -1      2107 3.95778E+01
 -1      2108 3.95778E+01
 -1      2113 4.29327E+00
 -1      2114 4.29327E+00
 -1      2115 4.29327E+00
 -1      2116 4.29327E+00
 -1      2155 7.33871E+00
 -1      2156 7.33871E+00
 -1      2157 7.33871E+00
 -1      2158 7.33871E+00
 -1      2163 4.60573E+01
 -1      2164 4.60573E+01
 -1      2165 4.60573E+01
 -1      2166 4.60573E+01
 -1      2171 6.14641E+01
 -1      2172 6.14641E+01
 -1      2173 6.14641E+01
 -1      2174 6.14641E+01
 -1      2179 5.94782E+01
 -1      2180 5.94782E+01
 -1      2181 5.94782E+01
 -1      2182 5.94782E+01
 -1      2187 3.31836E+00
 -1      2188 3.31836E+00
 -1      2189 3.31836E+00
 -1      2190 3.31836E+00
 -1      2237 1.41990E+00
 -1      2238 1.41990E+00
 -1      2239 1.41990E+00
 -1      2240 1.41990E+00
 -1      2245 1.12987E+02
 -1      2246 1.12987E+02
 -1      2247 1.12987E+02
 -1      2248 1.12987E+02
 -1      2253 1.15132E+02
 -1      2254 1.15132E+02
 -1      2255 1.15132E+02
 -1      2256 1.15132E+02
 -1      2261 4.09553E+01
 -1      2262 4.09553E+01
 -1      2263 4.09553E+01
 -1      2264 4.09553E+01
 -1      2269 3.84530E+00
 -1      2270 3.84530E+00
 -1      2271 3.84530E+00
 -1      2272 3.84530E+00
 -1      2319 8.88550E+00
 -1      2320 8.88550E+00
 -1      2321 8.88550E+00
 -1      2322 8.88550E+00
 -1      2327 6.31330E+01
 -1      2328 6.31330E+01
 -1      2329 6.31330E+01
 -1      2330 6.31330E+01
 -1      2335 4.77190E+01
 -1      2336 4.77190E+01
 -1      2337 4.77190E+01
 -1      2338 4.77190E+01
 -1      2343 6.32418E+01
 -1      2344 6.32418E+01
 -1      2345 6.32418E+01
 -1      2346 6.32418E+01
 -1      2351 3.18202E+00
 -1      2352 3.18202E+00
 -1      2353 3.18202E+00
 -1      2354 3.18202E+00
 -1      2401 8.88550E+00
 -1      2402 8.88550E+00
 -1      2403 8.88550E+00
 -1      2404 8.88550E+00
 -1      2409 3.40111E+01
 -1      2410 3.40111E+01
 -1      2411 3.40111E+01
 -1      2412 3.40111E+01
 -1      2417 1.15840E+01
 -1      2418 1.15840E+01
 -1      2419 1.15840E+01
 -1      2420 1.15840E+01
 -1      2425 3.58047E+01
 -1      2426 3.58047E+01
 -1      2427 3.58047E+01
 -1      2428 3.58047E+01
 -1      2433 4.46289E+00
 -1      2434 4.46289E+00
 -1      2435 4.46289E+00
 -1      2436 4.46289E+00
 -1      2483 3.25047E+00
 -1      2484 3.25047E+00
 -1      2485 3.25047E+00
 -1      2486 3.25047E+00
 -1      2491 4.64637E+00
 -1      2492 4.64637E+00
 -1      2493 4.64637E+00
 -1      2494 4.64637E+00
 -1      2499 6.28428E+01
 -1      2500 6.28428E+01
 -1      2501 6.28428E+01
 -1      2502 6.28428E+01
 -1      2507 5.86572E+01
 -1      2508 5.86572E+01
 -1      2509 5.86572E+01
 -1      2510 5.86572E+01
 -3
 9999
